{"type":"FeatureCollection","metadata":{"source":"GeoRef Argentina / IGN","version":"13.0.0","created":"2026-04-09 23:30:31.718106+00:00","simplificationToleranceDegrees":0.00015},"features":[{"type":"Feature","properties":{"id":"90007","name":"Burruyacú"},"geometry":{"type":"MultiPolygon","coordinates":[[[[-64.508559,-26.218028],[-64.507969,-26.218447],[-64.506674,-26.218428],[-64.502829,-26.217019],[-64.501554,-26.217019],[-64.500316,-26.217324],[-64.498879,-26.216145],[-64.497523,-26.216145],[-64.497142,-26.216788],[-64.497095,-26.218691],[-64.49492,-26.219497],[-64.502102,-26.239475],[-64.481788,-26.307587],[-64.492852,-26.322221],[-64.495016,-26.326528],[-64.495945,-26.329002],[-64.498704,-26.331762],[-64.500526,-26.333999],[-64.503203,-26.337985],[-64.506177,-26.340959],[-64.507307,-26.342982],[-64.512483,-26.34667],[-64.514684,-26.347681],[-64.516885,-26.348038],[-64.518253,-26.349525],[-64.520252,-26.352379],[-64.528871,-26.370869],[-64.531548,-26.378662],[-64.532459,-26.389845],[-64.530702,-26.395336],[-64.530651,-26.398673],[-64.53096,-26.400933],[-64.534767,-26.410118],[-64.529223,-26.418755],[-64.527754,-26.424901],[-64.527534,-26.427726],[-64.527129,-26.429582],[-64.527272,-26.4312],[-64.526868,-26.433699],[-64.5259,-26.436238],[-64.524574,-26.44124],[-64.523774,-26.452806],[-64.524184,-26.454727],[-64.524359,-26.457281],[-64.525083,-26.45854],[-64.525321,-26.460848],[-64.526201,-26.464156],[-64.526053,-26.464767],[-64.525416,-26.465536],[-64.524901,-26.468537],[-64.523814,-26.471147],[-64.522156,-26.474387],[-64.518571,-26.479641],[-64.51635,-26.489259],[-64.51704,-26.504131],[-64.517873,-26.507438],[-64.517469,-26.508889],[-64.516898,-26.509722],[-64.516541,-26.510841],[-64.516511,-26.511819],[-64.517255,-26.515576],[-64.521205,-26.528187],[-64.521419,-26.532803],[-64.520871,-26.538966],[-64.52127,-26.540967],[-64.521538,-26.545843],[-64.521228,-26.547342],[-64.5208,-26.54796],[-64.508712,-26.549007],[-64.50506,-26.601165],[-64.505274,-26.602141],[-64.504227,-26.605353],[-64.502181,-26.616869],[-64.498582,-26.67359],[-64.58702,-26.657929],[-64.617889,-26.802693],[-64.672235,-26.794223],[-64.677708,-26.824977],[-64.707391,-26.82004],[-64.71047,-26.836166],[-64.719839,-26.834564],[-64.724854,-26.867475],[-64.751952,-26.863441],[-64.752413,-26.863626],[-64.759292,-26.862071],[-64.781247,-26.857897],[-64.778297,-26.844324],[-64.808404,-26.839807],[-64.805185,-26.82249],[-64.815617,-26.820367],[-64.845996,-26.815032],[-64.852081,-26.840918],[-64.894047,-26.833004],[-64.879699,-26.773947],[-64.936881,-26.763517],[-64.942998,-26.790413],[-64.943965,-26.79023],[-64.947885,-26.806721],[-64.982018,-26.800057],[-65.047052,-26.788047],[-65.047236,-26.787778],[-65.062724,-26.785002],[-65.104678,-26.776863],[-65.099867,-26.755742],[-65.129876,-26.750298],[-65.129671,-26.748167],[-65.129202,-26.747722],[-65.129086,-26.747161],[-65.129543,-26.745233],[-65.129378,-26.744438],[-65.129903,-26.744098],[-65.130184,-26.74419],[-65.131104,-26.746073],[-65.131901,-26.747052],[-65.13172,-26.748378],[-65.13205,-26.748659],[-65.134606,-26.748206],[-65.135309,-26.748318],[-65.136026,-26.747899],[-65.136403,-26.747269],[-65.137077,-26.747093],[-65.138562,-26.747454],[-65.139211,-26.748108],[-65.141176,-26.748787],[-65.143438,-26.74881],[-65.145243,-26.749398],[-65.145761,-26.750024],[-65.146863,-26.750455],[-65.148553,-26.751629],[-65.148475,-26.752667],[-65.149017,-26.752733],[-65.150605,-26.754178],[-65.151095,-26.755922],[-65.151644,-26.756476],[-65.153057,-26.756945],[-65.15502,-26.756677],[-65.155888,-26.756159],[-65.15645,-26.756369],[-65.157415,-26.756312],[-65.157508,-26.754625],[-65.156866,-26.753096],[-65.156158,-26.752298],[-65.155435,-26.752185],[-65.155209,-26.751444],[-65.15506,-26.751253],[-65.154707,-26.751368],[-65.15456,-26.750898],[-65.154722,-26.749356],[-65.155192,-26.748339],[-65.155122,-26.746994],[-65.155627,-26.745246],[-65.155571,-26.744605],[-65.15594,-26.743633],[-65.155842,-26.742008],[-65.156776,-26.740704],[-65.157572,-26.736431],[-65.157474,-26.73607],[-65.157034,-26.735797],[-65.156405,-26.733825],[-65.156519,-26.733375],[-65.155993,-26.732379],[-65.154894,-26.731569],[-65.154842,-26.730405],[-65.15556,-26.728505],[-65.154694,-26.72739],[-65.154548,-26.72673],[-65.154826,-26.725775],[-65.15603,-26.724654],[-65.157119,-26.724182],[-65.160143,-26.724336],[-65.161286,-26.723322],[-65.161829,-26.7206],[-65.162164,-26.720052],[-65.161945,-26.718462],[-65.162388,-26.71693],[-65.162332,-26.716389],[-65.160453,-26.714925],[-65.160149,-26.713894],[-65.16027,-26.7131],[-65.161133,-26.71269],[-65.161833,-26.711801],[-65.162334,-26.709295],[-65.161921,-26.708065],[-65.162543,-26.705389],[-65.162193,-26.704522],[-65.16142,-26.70374],[-65.161514,-26.703226],[-65.162351,-26.702779],[-65.162561,-26.701508],[-65.161954,-26.700701],[-65.162032,-26.699754],[-65.162832,-26.698811],[-65.164299,-26.698847],[-65.164765,-26.698299],[-65.165621,-26.69807],[-65.166715,-26.696903],[-65.167665,-26.694706],[-65.168455,-26.693818],[-65.169426,-26.692975],[-65.171938,-26.691473],[-65.173647,-26.68994],[-65.174575,-26.689548],[-65.175936,-26.687737],[-65.176531,-26.685197],[-65.176526,-26.6844],[-65.175697,-26.683493],[-65.1749,-26.681944],[-65.173646,-26.678634],[-65.171565,-26.676278],[-65.172059,-26.674488],[-65.171893,-26.672661],[-65.17204,-26.671926],[-65.17349,-26.66972],[-65.173226,-26.668991],[-65.171967,-26.668846],[-65.171564,-26.668047],[-65.171912,-26.667215],[-65.172496,-26.662938],[-65.173614,-26.661018],[-65.173931,-26.660033],[-65.173983,-26.65922],[-65.173681,-26.658148],[-65.17311,-26.657546],[-65.173136,-26.656429],[-65.173817,-26.655339],[-65.175356,-26.654267],[-65.175949,-26.652836],[-65.177388,-26.65218],[-65.178605,-26.65085],[-65.18079,-26.649459],[-65.181413,-26.648784],[-65.181558,-26.647142],[-65.18232,-26.646135],[-65.182911,-26.645773],[-65.187245,-26.645481],[-65.189874,-26.644619],[-65.19085,-26.643691],[-65.191804,-26.640974],[-65.191086,-26.639785],[-65.189904,-26.638792],[-65.188701,-26.636782],[-65.189694,-26.63397],[-65.189821,-26.632765],[-65.189717,-26.631132],[-65.189248,-26.630529],[-65.189133,-26.629824],[-65.188498,-26.630146],[-65.188165,-26.631802],[-65.186864,-26.632005],[-65.185981,-26.63141],[-65.185017,-26.630087],[-65.184172,-26.627025],[-65.184198,-26.624833],[-65.184728,-26.623671],[-65.184756,-26.622525],[-65.186478,-26.619097],[-65.186616,-26.618024],[-65.186317,-26.617697],[-65.186024,-26.61793],[-65.185373,-26.617746],[-65.185211,-26.616463],[-65.183711,-26.61705],[-65.182758,-26.616927],[-65.182056,-26.615407],[-65.181455,-26.615169],[-65.180211,-26.613664],[-65.179701,-26.6133],[-65.177626,-26.6129],[-65.177086,-26.61259],[-65.17711,-26.611967],[-65.177697,-26.611348],[-65.177822,-26.61069],[-65.177683,-26.609825],[-65.176829,-26.608948],[-65.17335,-26.60688],[-65.168815,-26.606721],[-65.168237,-26.605646],[-65.167508,-26.60555],[-65.166617,-26.604866],[-65.166606,-26.604578],[-65.167922,-26.605023],[-65.168473,-26.604865],[-65.168532,-26.604605],[-65.166612,-26.602785],[-65.16542,-26.599382],[-65.166209,-26.598235],[-65.16708,-26.597906],[-65.167024,-26.597451],[-65.167246,-26.597615],[-65.167378,-26.597217],[-65.167951,-26.596909],[-65.168062,-26.597348],[-65.169344,-26.596822],[-65.169696,-26.596168],[-65.169565,-26.595941],[-65.168913,-26.595847],[-65.169287,-26.594041],[-65.168841,-26.593247],[-65.170212,-26.592065],[-65.17064,-26.590614],[-65.170432,-26.590226],[-65.171521,-26.590036],[-65.171451,-26.589671],[-65.170786,-26.589439],[-65.170674,-26.589172],[-65.170908,-26.589025],[-65.171362,-26.587526],[-65.171017,-26.586886],[-65.171385,-26.585722],[-65.171153,-26.585068],[-65.171016,-26.582263],[-65.171896,-26.578423],[-65.178569,-26.575958],[-65.182411,-26.580805],[-65.185915,-26.583246],[-65.191423,-26.580735],[-65.192098,-26.567088],[-65.189545,-26.558699],[-65.191156,-26.553675],[-65.167333,-26.553633],[-65.167596,-26.55217],[-65.168125,-26.551643],[-65.168184,-26.549278],[-65.166097,-26.5484],[-65.16456,-26.546779],[-65.164655,-26.544261],[-65.163573,-26.542978],[-65.162469,-26.542252],[-65.162827,-26.541498],[-65.161639,-26.538556],[-65.161552,-26.537439],[-65.160652,-26.534689],[-65.159922,-26.53408],[-65.15981,-26.533571],[-65.158644,-26.532172],[-65.157676,-26.53253],[-65.156803,-26.531427],[-65.155196,-26.530664],[-65.155879,-26.529127],[-65.154992,-26.528161],[-65.155213,-26.526239],[-65.153884,-26.524698],[-65.152748,-26.524984],[-65.151772,-26.523723],[-65.150931,-26.523298],[-65.149482,-26.523452],[-65.148398,-26.523103],[-65.148164,-26.521107],[-65.146821,-26.520972],[-65.14646,-26.519845],[-65.147211,-26.518957],[-65.147689,-26.516475],[-65.148171,-26.515481],[-65.14783,-26.512802],[-65.143364,-26.511545],[-65.1424,-26.509761],[-65.140916,-26.507789],[-65.139145,-26.50787],[-65.137887,-26.509203],[-65.136242,-26.509449],[-65.134799,-26.51066],[-65.134404,-26.510328],[-65.133683,-26.510279],[-65.13251,-26.511193],[-65.130749,-26.511898],[-65.130349,-26.511144],[-65.129246,-26.510905],[-65.12868,-26.510416],[-65.127092,-26.509841],[-65.12464,-26.511388],[-65.122548,-26.509393],[-65.120849,-26.510248],[-65.117549,-26.508882],[-65.116101,-26.509217],[-65.114446,-26.508748],[-65.113439,-26.506945],[-65.113884,-26.504386],[-65.115286,-26.504547],[-65.113663,-26.499911],[-65.112189,-26.49799],[-65.112496,-26.496807],[-65.112038,-26.495581],[-65.114559,-26.494508],[-65.115298,-26.492333],[-65.117131,-26.491809],[-65.118504,-26.490212],[-65.118227,-26.487457],[-65.118709,-26.485074],[-65.117366,-26.482771],[-65.117206,-26.48147],[-65.115978,-26.480851],[-65.115065,-26.480994],[-65.114946,-26.480049],[-65.115698,-26.478779],[-65.115579,-26.47785],[-65.116162,-26.477332],[-65.116097,-26.476403],[-65.116737,-26.47562],[-65.116634,-26.474821],[-65.115526,-26.472892],[-65.114226,-26.471985],[-65.111977,-26.472541],[-65.113061,-26.470495],[-65.111676,-26.469376],[-65.111826,-26.468595],[-65.11259,-26.468144],[-65.112904,-26.467315],[-65.112554,-26.465781],[-65.111769,-26.464326],[-65.110743,-26.463554],[-65.110135,-26.463568],[-65.109548,-26.462751],[-65.10981,-26.462118],[-65.109147,-26.461],[-65.109672,-26.459911],[-65.11081,-26.459524],[-65.11087,-26.458409],[-65.109069,-26.457794],[-65.111605,-26.453605],[-65.110409,-26.452938],[-65.110712,-26.451999],[-65.110238,-26.450816],[-65.110957,-26.450624],[-65.110355,-26.449722],[-65.1113,-26.448674],[-65.111511,-26.447496],[-65.111193,-26.446244],[-65.110215,-26.445519],[-65.109715,-26.445614],[-65.109617,-26.444123],[-65.110102,-26.443887],[-65.10829,-26.442149],[-65.108762,-26.441587],[-65.107908,-26.44109],[-65.108112,-26.439905],[-65.108837,-26.438996],[-65.109031,-26.436346],[-65.110006,-26.434993],[-65.109937,-26.434391],[-65.110493,-26.433628],[-65.109871,-26.432521],[-65.110331,-26.431831],[-65.109477,-26.431305],[-65.108753,-26.429819],[-65.107687,-26.429576],[-65.106583,-26.428181],[-65.10692,-26.427042],[-65.106182,-26.426289],[-65.107093,-26.424542],[-65.10566,-26.423194],[-65.104824,-26.420965],[-65.104182,-26.420731],[-65.103765,-26.420271],[-65.103928,-26.419579],[-65.103476,-26.419198],[-65.103251,-26.416533],[-65.102593,-26.41563],[-65.102703,-26.413878],[-65.103274,-26.413404],[-65.103712,-26.411298],[-65.102835,-26.410123],[-65.102939,-26.409417],[-65.102318,-26.407677],[-65.103445,-26.405762],[-65.10311,-26.402402],[-65.102865,-26.402201],[-65.102542,-26.400713],[-65.103048,-26.400048],[-65.102429,-26.399005],[-65.100877,-26.399752],[-65.098994,-26.399484],[-65.098099,-26.398817],[-65.097469,-26.397413],[-65.096072,-26.396458],[-65.09664,-26.395912],[-65.096797,-26.395353],[-65.0966,-26.394086],[-65.095046,-26.392636],[-65.094012,-26.393223],[-65.092942,-26.392992],[-65.090783,-26.39103],[-65.090724,-26.388892],[-65.089849,-26.387531],[-65.0898,-26.385713],[-65.090711,-26.384673],[-65.090787,-26.380369],[-65.09004,-26.378894],[-65.087837,-26.377405],[-65.088401,-26.374211],[-65.087179,-26.373288],[-65.086643,-26.3721],[-65.083235,-26.372697],[-65.08321,-26.371672],[-65.08231,-26.37118],[-65.082135,-26.370161],[-65.082848,-26.369711],[-65.081937,-26.368147],[-65.080665,-26.368575],[-65.07999,-26.366475],[-65.079519,-26.362583],[-65.076816,-26.360906],[-65.070477,-26.357636],[-65.070244,-26.355079],[-65.069311,-26.351831],[-65.067738,-26.348504],[-65.066833,-26.344269],[-65.067842,-26.341668],[-65.066129,-26.340275],[-65.064352,-26.340538],[-65.062101,-26.337928],[-65.062588,-26.337371],[-65.060566,-26.334809],[-65.057115,-26.335128],[-65.05499,-26.332113],[-65.053222,-26.330921],[-65.05125,-26.330704],[-65.052193,-26.327457],[-65.049066,-26.323872],[-65.048324,-26.323637],[-65.047839,-26.323183],[-65.046594,-26.322981],[-65.046121,-26.321037],[-65.044727,-26.320317],[-65.044007,-26.318791],[-65.046406,-26.317826],[-65.046125,-26.316574],[-65.044495,-26.31155],[-65.044507,-26.309567],[-65.043609,-26.309036],[-65.042891,-26.306094],[-65.041682,-26.304232],[-65.04204,-26.303251],[-65.041839,-26.302935],[-65.041903,-26.302135],[-65.040481,-26.301428],[-65.039932,-26.299257],[-65.037838,-26.297184],[-65.037955,-26.29373],[-65.038535,-26.292747],[-65.038797,-26.292966],[-65.03958,-26.292486],[-65.038789,-26.291138],[-65.037822,-26.29028],[-65.035342,-26.289598],[-65.033498,-26.289598],[-65.032546,-26.290074],[-65.029036,-26.290728],[-65.027787,-26.291204],[-65.025229,-26.291204],[-65.023327,-26.289852],[-65.01821,-26.286981],[-65.017079,-26.285969],[-65.014403,-26.284839],[-65.007324,-26.284542],[-65.005836,-26.284066],[-65.003219,-26.282579],[-64.998282,-26.283233],[-64.997389,-26.282817],[-64.995188,-26.283054],[-64.99382,-26.283768],[-64.993166,-26.28353],[-64.991679,-26.2824],[-64.989954,-26.28014],[-64.986146,-26.279307],[-64.984005,-26.278593],[-64.982458,-26.276987],[-64.980275,-26.276285],[-64.977705,-26.275024],[-64.976587,-26.274667],[-64.972518,-26.274381],[-64.971757,-26.281686],[-64.970448,-26.282638],[-64.969092,-26.284446],[-64.969177,-26.285397],[-64.969534,-26.285992],[-64.969534,-26.286824],[-64.967987,-26.29087],[-64.966562,-26.291849],[-64.965608,-26.292892],[-64.965608,-26.295145],[-64.963103,-26.295804],[-64.963005,-26.296703],[-64.96403,-26.29728],[-64.963895,-26.29779],[-64.962977,-26.298643],[-64.962308,-26.29892],[-64.961839,-26.300061],[-64.961233,-26.300395],[-64.961244,-26.301446],[-64.960903,-26.302326],[-64.96093,-26.303977],[-64.959262,-26.304209],[-64.958476,-26.303584],[-64.957977,-26.303506],[-64.95557,-26.304858],[-64.955191,-26.305287],[-64.953268,-26.306137],[-64.950866,-26.306804],[-64.950672,-26.306211],[-64.949234,-26.305979],[-64.948699,-26.305542],[-64.948598,-26.304992],[-64.948179,-26.304757],[-64.946359,-26.305187],[-64.945873,-26.304933],[-64.945695,-26.30452],[-64.94331,-26.303901],[-64.94299,-26.303544],[-64.943089,-26.302354],[-64.942635,-26.301941],[-64.941327,-26.30234],[-64.939981,-26.302059],[-64.939801,-26.301471],[-64.941465,-26.299487],[-64.941497,-26.298878],[-64.941081,-26.298498],[-64.939719,-26.298444],[-64.93888,-26.297527],[-64.937753,-26.298216],[-64.935184,-26.29906],[-64.934662,-26.299477],[-64.933995,-26.299442],[-64.934054,-26.298839],[-64.933645,-26.298399],[-64.934303,-26.297339],[-64.933471,-26.296342],[-64.933127,-26.295134],[-64.93269,-26.294647],[-64.932161,-26.29492],[-64.930434,-26.296864],[-64.927566,-26.29515],[-64.926519,-26.294898],[-64.926018,-26.293992],[-64.925533,-26.293681],[-64.925926,-26.292221],[-64.92565,-26.291995],[-64.923807,-26.292175],[-64.923294,-26.29254],[-64.922578,-26.293781],[-64.921515,-26.294076],[-64.920855,-26.293999],[-64.920298,-26.292887],[-64.918928,-26.293119],[-64.91836,-26.292829],[-64.918237,-26.291596],[-64.917795,-26.291124],[-64.915714,-26.290968],[-64.912343,-26.291751],[-64.911124,-26.291148],[-64.910176,-26.290267],[-64.908794,-26.290362],[-64.907493,-26.288965],[-64.903974,-26.287623],[-64.902039,-26.284789],[-64.899872,-26.282598],[-64.898145,-26.281607],[-64.897873,-26.279749],[-64.896952,-26.278846],[-64.894251,-26.278773],[-64.892939,-26.280223],[-64.891645,-26.280624],[-64.888656,-26.282181],[-64.887296,-26.282479],[-64.886751,-26.282173],[-64.885,-26.280247],[-64.884345,-26.280089],[-64.883723,-26.280371],[-64.883032,-26.280328],[-64.882451,-26.279999],[-64.881417,-26.278081],[-64.880027,-26.277192],[-64.879373,-26.27742],[-64.878664,-26.277034],[-64.877756,-26.275633],[-64.877096,-26.275336],[-64.875635,-26.275334],[-64.873443,-26.274922],[-64.87304,-26.274624],[-64.872475,-26.272809],[-64.871601,-26.271827],[-64.869393,-26.270288],[-64.868967,-26.269807],[-64.868197,-26.267665],[-64.866784,-26.266572],[-64.866349,-26.265036],[-64.86633,-26.262515],[-64.865403,-26.260837],[-64.864847,-26.260462],[-64.862809,-26.260223],[-64.861248,-26.258893],[-64.860406,-26.259125],[-64.860187,-26.259399],[-64.859648,-26.259411],[-64.858991,-26.257636],[-64.858876,-26.254501],[-64.858119,-26.25269],[-64.85701,-26.252199],[-64.855628,-26.252144],[-64.854287,-26.252509],[-64.853239,-26.253303],[-64.851222,-26.253758],[-64.851023,-26.253227],[-64.852729,-26.251242],[-64.85317,-26.250071],[-64.852812,-26.249533],[-64.85162,-26.248893],[-64.848143,-26.248635],[-64.847488,-26.248428],[-64.8471,-26.247933],[-64.848321,-26.245699],[-64.847817,-26.243576],[-64.848253,-26.242498],[-64.846927,-26.239793],[-64.845319,-26.238596],[-64.840107,-26.236791],[-64.835242,-26.236488],[-64.832476,-26.236812],[-64.831914,-26.237145],[-64.831368,-26.238302],[-64.830493,-26.239274],[-64.828305,-26.238971],[-64.826067,-26.23967],[-64.82358,-26.24184],[-64.823339,-26.242429],[-64.822772,-26.242688],[-64.821455,-26.242274],[-64.82093,-26.24187],[-64.820256,-26.240099],[-64.818857,-26.239623],[-64.81831,-26.238433],[-64.81831,-26.236577],[-64.818957,-26.236254],[-64.817562,-26.233387],[-64.81593,-26.231342],[-64.814413,-26.230949],[-64.81162,-26.231163],[-64.809886,-26.232627],[-64.809256,-26.232806],[-64.804937,-26.23164],[-64.802813,-26.23044],[-64.802588,-26.230042],[-64.801975,-26.229716],[-64.798826,-26.228798],[-64.797936,-26.229033],[-64.796556,-26.22771],[-64.795363,-26.227905],[-64.794094,-26.226975],[-64.793656,-26.225719],[-64.792895,-26.224995],[-64.791879,-26.224795],[-64.790412,-26.223718],[-64.789887,-26.223933],[-64.789528,-26.224621],[-64.78894,-26.224909],[-64.788063,-26.224259],[-64.786413,-26.224318],[-64.785761,-26.223785],[-64.782208,-26.223392],[-64.775611,-26.225757],[-64.772508,-26.226061],[-64.771215,-26.225804],[-64.77068,-26.224946],[-64.767828,-26.22366],[-64.766759,-26.223625],[-64.765541,-26.224063],[-64.763986,-26.224181],[-64.761791,-26.223853],[-64.759069,-26.223986],[-64.757793,-26.225129],[-64.756575,-26.226937],[-64.755794,-26.228821],[-64.754637,-26.229823],[-64.751433,-26.233911],[-64.74917,-26.235664],[-64.748754,-26.237218],[-64.74816,-26.237861],[-64.745843,-26.238772],[-64.74384,-26.238587],[-64.742469,-26.238758],[-64.739766,-26.238092],[-64.738529,-26.238511],[-64.738224,-26.239691],[-64.737615,-26.240452],[-64.736873,-26.240605],[-64.736217,-26.240648],[-64.735788,-26.239892],[-64.734931,-26.239291],[-64.732818,-26.239558],[-64.731701,-26.240166],[-64.732152,-26.241556],[-64.73101,-26.241461],[-64.728821,-26.240129],[-64.727641,-26.240205],[-64.726822,-26.240928],[-64.725128,-26.240586],[-64.724273,-26.239898],[-64.72362,-26.239683],[-64.722428,-26.240444],[-64.720373,-26.240182],[-64.719698,-26.239898],[-64.719696,-26.238208],[-64.719424,-26.237887],[-64.715991,-26.237178],[-64.714742,-26.237278],[-64.713516,-26.236874],[-64.712907,-26.235998],[-64.712279,-26.23556],[-64.710642,-26.235789],[-64.709176,-26.236931],[-64.707694,-26.237683],[-64.706492,-26.237882],[-64.704703,-26.237787],[-64.702038,-26.238587],[-64.699715,-26.238454],[-64.698459,-26.237806],[-64.696232,-26.237559],[-64.693148,-26.237578],[-64.690407,-26.239957],[-64.687818,-26.238777],[-64.686619,-26.238625],[-64.684525,-26.239344],[-64.683576,-26.23927],[-64.682545,-26.239672],[-64.676775,-26.23729],[-64.675616,-26.237235],[-64.674626,-26.23754],[-64.674112,-26.238815],[-64.672437,-26.23912],[-64.671162,-26.239881],[-64.669544,-26.240262],[-64.669049,-26.240586],[-64.669257,-26.24171],[-64.667792,-26.242718],[-64.666498,-26.242699],[-64.666199,-26.242052],[-64.664061,-26.241613],[-64.659055,-26.241766],[-64.652754,-26.239253],[-64.650203,-26.238891],[-64.648871,-26.237426],[-64.64781,-26.237988],[-64.646923,-26.238086],[-64.643046,-26.238035],[-64.642155,-26.237701],[-64.641798,-26.237058],[-64.643807,-26.234932],[-64.644017,-26.233733],[-64.643598,-26.232762],[-64.642932,-26.232419],[-64.639543,-26.232705],[-64.637716,-26.233105],[-64.636193,-26.233542],[-64.634407,-26.234479],[-64.634118,-26.23497],[-64.633433,-26.234818],[-64.632908,-26.234104],[-64.630851,-26.232547],[-64.629131,-26.231791],[-64.627646,-26.230649],[-64.626713,-26.228841],[-64.623757,-26.228032],[-64.623382,-26.227641],[-64.623382,-26.226975],[-64.62422,-26.226042],[-64.624239,-26.225376],[-64.62205,-26.224519],[-64.621421,-26.224577],[-64.621421,-26.224862],[-64.621802,-26.225148],[-64.621712,-26.226367],[-64.620432,-26.227337],[-64.61967,-26.227318],[-64.619308,-26.225528],[-64.61889,-26.2253],[-64.618357,-26.225376],[-64.618071,-26.225604],[-64.618148,-26.225935],[-64.616777,-26.22688],[-64.61684,-26.228037],[-64.617481,-26.229488],[-64.618547,-26.23004],[-64.618623,-26.230344],[-64.618242,-26.231182],[-64.616973,-26.231212],[-64.615673,-26.229868],[-64.615387,-26.230287],[-64.615533,-26.230909],[-64.614828,-26.232095],[-64.614667,-26.232971],[-64.614524,-26.233231],[-64.613729,-26.233423],[-64.613044,-26.232892],[-64.612844,-26.232004],[-64.610183,-26.231589],[-64.609999,-26.230982],[-64.608795,-26.22946],[-64.608572,-26.227318],[-64.607982,-26.225852],[-64.607468,-26.225776],[-64.606707,-26.226042],[-64.606459,-26.226613],[-64.6071,-26.227588],[-64.60693,-26.227779],[-64.606139,-26.227699],[-64.603836,-26.2284],[-64.601927,-26.229398],[-64.600745,-26.230386],[-64.600019,-26.230704],[-64.599298,-26.230688],[-64.59908,-26.229646],[-64.59788,-26.229391],[-64.596821,-26.22825],[-64.598293,-26.224995],[-64.597627,-26.224253],[-64.596667,-26.224398],[-64.596183,-26.223769],[-64.594612,-26.222723],[-64.593642,-26.222524],[-64.593177,-26.222836],[-64.593091,-26.22335],[-64.594118,-26.225466],[-64.594052,-26.22599],[-64.593418,-26.226138],[-64.591963,-26.225436],[-64.591553,-26.224555],[-64.59142,-26.223153],[-64.590651,-26.222033],[-64.590203,-26.220332],[-64.58967,-26.220065],[-64.58868,-26.220522],[-64.587485,-26.221966],[-64.586004,-26.222621],[-64.584586,-26.223809],[-64.583832,-26.223955],[-64.582804,-26.223629],[-64.581705,-26.222533],[-64.580744,-26.220835],[-64.580038,-26.218409],[-64.579581,-26.218181],[-64.578896,-26.218333],[-64.577696,-26.220236],[-64.576357,-26.220969],[-64.57562,-26.221661],[-64.574135,-26.221554],[-64.572847,-26.22074],[-64.572379,-26.220786],[-64.571867,-26.221405],[-64.571851,-26.221961],[-64.572259,-26.222909],[-64.571954,-26.223471],[-64.569463,-26.223859],[-64.567329,-26.223357],[-64.564869,-26.224369],[-64.564518,-26.224812],[-64.564433,-26.225604],[-64.564855,-26.22612],[-64.564839,-26.226771],[-64.564152,-26.226925],[-64.562958,-26.226348],[-64.561303,-26.224458],[-64.558401,-26.223765],[-64.556262,-26.222559],[-64.55531,-26.222406],[-64.553769,-26.222673],[-64.553083,-26.223434],[-64.552808,-26.223941],[-64.553308,-26.224882],[-64.552806,-26.225799],[-64.549543,-26.226366],[-64.549942,-26.224462],[-64.549657,-26.223815],[-64.548534,-26.222978],[-64.548938,-26.221547],[-64.548694,-26.220873],[-64.548078,-26.22073],[-64.545475,-26.221136],[-64.543908,-26.22174],[-64.543394,-26.221702],[-64.543052,-26.221321],[-64.542916,-26.220114],[-64.541574,-26.219418],[-64.540866,-26.219565],[-64.540749,-26.21978],[-64.541235,-26.221332],[-64.54067,-26.2221],[-64.539767,-26.221738],[-64.539094,-26.222061],[-64.538098,-26.221957],[-64.536836,-26.221128],[-64.536118,-26.221041],[-64.535483,-26.221399],[-64.535619,-26.222595],[-64.535401,-26.222922],[-64.534365,-26.223048],[-64.533941,-26.222657],[-64.533946,-26.222128],[-64.533026,-26.222146],[-64.532064,-26.223051],[-64.531475,-26.224289],[-64.530434,-26.224745],[-64.529185,-26.224582],[-64.527518,-26.223168],[-64.526148,-26.223434],[-64.5259,-26.223682],[-64.524625,-26.223396],[-64.523635,-26.224063],[-64.522036,-26.223682],[-64.52156,-26.223891],[-64.521313,-26.224367],[-64.519999,-26.223796],[-64.519105,-26.224196],[-64.518191,-26.223929],[-64.517639,-26.223282],[-64.51663,-26.223092],[-64.515374,-26.221816],[-64.514784,-26.221778],[-64.513337,-26.219113],[-64.5117,-26.218485],[-64.511167,-26.217933],[-64.510672,-26.216772],[-64.511547,-26.215668],[-64.511509,-26.215097],[-64.510919,-26.214469],[-64.510025,-26.214849],[-64.509225,-26.215744],[-64.508559,-26.218028]]]]}},{"type":"Feature","properties":{"id":"90014","name":"Cruz Alta"},"geometry":{"type":"MultiPolygon","coordinates":[[[[-65.129699,-26.748428],[-65.129876,-26.750298],[-65.099867,-26.755742],[-65.104678,-26.776863],[-65.062724,-26.785002],[-65.047236,-26.787778],[-65.047052,-26.788047],[-64.982018,-26.800057],[-64.947885,-26.806721],[-64.943965,-26.79023],[-64.942998,-26.790413],[-64.936881,-26.763517],[-64.879699,-26.773947],[-64.894047,-26.833004],[-64.852081,-26.840918],[-64.845996,-26.815032],[-64.815617,-26.820367],[-64.805185,-26.82249],[-64.808404,-26.839807],[-64.778297,-26.844324],[-64.781247,-26.857897],[-64.759292,-26.862071],[-64.752413,-26.863626],[-64.751952,-26.863441],[-64.724854,-26.867475],[-64.719839,-26.834564],[-64.71047,-26.836166],[-64.742586,-27.00441],[-64.750271,-27.003031],[-64.753325,-27.017097],[-64.766864,-27.014813],[-64.770355,-27.031763],[-64.781173,-27.076613],[-64.815644,-27.070194],[-64.814259,-27.064142],[-64.898792,-27.048788],[-64.898466,-27.047089],[-64.93677,-27.040002],[-64.937873,-27.040597],[-64.941861,-27.037613],[-64.94386,-27.035607],[-64.946614,-27.034815],[-65.027571,-27.018802],[-65.028118,-27.018508],[-65.028277,-27.01869],[-65.046546,-27.015125],[-65.049651,-27.029449],[-65.090625,-27.021498],[-65.090518,-27.020947],[-65.090842,-27.020804],[-65.091401,-27.021422],[-65.119073,-27.016216],[-65.121313,-27.025949],[-65.122635,-27.025672],[-65.122393,-27.024547],[-65.165599,-27.01607],[-65.165396,-27.014688],[-65.181948,-27.011542],[-65.181442,-27.009664],[-65.20342,-27.005721],[-65.223024,-27.001913],[-65.224399,-27.001189],[-65.224616,-27.001597],[-65.246031,-26.997526],[-65.245444,-26.997201],[-65.245013,-26.996068],[-65.245799,-26.992803],[-65.246328,-26.992303],[-65.24762,-26.991912],[-65.248364,-26.992106],[-65.249637,-26.991625],[-65.249633,-26.991136],[-65.248341,-26.98948],[-65.246727,-26.989165],[-65.244587,-26.988218],[-65.243482,-26.988002],[-65.242518,-26.987409],[-65.241864,-26.986512],[-65.241638,-26.985671],[-65.241772,-26.985131],[-65.24381,-26.983765],[-65.244126,-26.982767],[-65.243444,-26.982243],[-65.242238,-26.980215],[-65.241837,-26.976964],[-65.241337,-26.976447],[-65.240163,-26.975845],[-65.238823,-26.975811],[-65.238116,-26.976168],[-65.238025,-26.977737],[-65.237695,-26.978765],[-65.237661,-26.980795],[-65.237447,-26.981236],[-65.236562,-26.981078],[-65.236355,-26.9804],[-65.235668,-26.980649],[-65.234812,-26.980572],[-65.233326,-26.979914],[-65.232836,-26.97946],[-65.23253,-26.978448],[-65.232527,-26.977392],[-65.23356,-26.975186],[-65.233626,-26.974293],[-65.235467,-26.971641],[-65.234749,-26.968312],[-65.23304,-26.967772],[-65.228826,-26.968622],[-65.22916,-26.967474],[-65.226935,-26.965918],[-65.225783,-26.965558],[-65.22536,-26.964621],[-65.22407,-26.964393],[-65.223969,-26.963619],[-65.224923,-26.962613],[-65.224057,-26.961092],[-65.220717,-26.957699],[-65.220631,-26.956949],[-65.220867,-26.956364],[-65.220494,-26.95499],[-65.218953,-26.953556],[-65.218118,-26.953352],[-65.217441,-26.953692],[-65.216727,-26.953552],[-65.215156,-26.952199],[-65.21467,-26.95114],[-65.214694,-26.950482],[-65.215363,-26.949836],[-65.217719,-26.949921],[-65.218708,-26.949602],[-65.21853,-26.949167],[-65.216215,-26.947512],[-65.215588,-26.946543],[-65.215511,-26.946001],[-65.215819,-26.944885],[-65.216435,-26.943933],[-65.219207,-26.941527],[-65.218607,-26.940847],[-65.218322,-26.939826],[-65.21957,-26.938479],[-65.21988,-26.937308],[-65.219352,-26.936483],[-65.218417,-26.936298],[-65.217882,-26.936466],[-65.217588,-26.93678],[-65.217199,-26.939179],[-65.215954,-26.940092],[-65.215304,-26.940892],[-65.2144,-26.94067],[-65.213539,-26.939935],[-65.212733,-26.938603],[-65.211627,-26.938363],[-65.211226,-26.938054],[-65.210911,-26.936987],[-65.211988,-26.935684],[-65.214145,-26.934232],[-65.215152,-26.932662],[-65.215004,-26.930931],[-65.213523,-26.930559],[-65.212077,-26.929714],[-65.208321,-26.92893],[-65.20797,-26.928387],[-65.208293,-26.9276],[-65.209035,-26.926719],[-65.209967,-26.926256],[-65.211678,-26.925962],[-65.21282,-26.925486],[-65.213317,-26.924612],[-65.213226,-26.92414],[-65.213037,-26.923733],[-65.212295,-26.923313],[-65.211326,-26.922279],[-65.211303,-26.921907],[-65.212606,-26.920536],[-65.213401,-26.920558],[-65.214139,-26.920237],[-65.214841,-26.919149],[-65.214715,-26.918481],[-65.214165,-26.917837],[-65.21023,-26.917743],[-65.208211,-26.917],[-65.207906,-26.916087],[-65.208123,-26.915213],[-65.209876,-26.913319],[-65.209346,-26.911838],[-65.209403,-26.911125],[-65.208042,-26.910988],[-65.20689,-26.910216],[-65.205129,-26.907237],[-65.205116,-26.906235],[-65.206217,-26.905591],[-65.206758,-26.904547],[-65.209044,-26.904461],[-65.209694,-26.903616],[-65.208626,-26.900858],[-65.207097,-26.899234],[-65.206604,-26.899146],[-65.206357,-26.89858],[-65.206152,-26.896178],[-65.206681,-26.895477],[-65.207812,-26.894915],[-65.20819,-26.894015],[-65.208076,-26.893121],[-65.207705,-26.892875],[-65.206754,-26.893682],[-65.206239,-26.893823],[-65.205285,-26.893556],[-65.204794,-26.893193],[-65.204546,-26.892641],[-65.20457,-26.892171],[-65.20515,-26.8912],[-65.204933,-26.890594],[-65.204602,-26.890484],[-65.202445,-26.890905],[-65.201733,-26.890585],[-65.201384,-26.890123],[-65.201479,-26.887994],[-65.201941,-26.886724],[-65.201881,-26.885189],[-65.200874,-26.88392],[-65.200016,-26.881388],[-65.199053,-26.881013],[-65.198493,-26.880441],[-65.198342,-26.87896],[-65.198691,-26.878069],[-65.198698,-26.877022],[-65.197534,-26.87512],[-65.196254,-26.873894],[-65.195513,-26.873448],[-65.193312,-26.873111],[-65.192793,-26.872494],[-65.192816,-26.872025],[-65.193293,-26.871468],[-65.193699,-26.871064],[-65.193959,-26.871255],[-65.194362,-26.87114],[-65.195114,-26.870089],[-65.195577,-26.868657],[-65.195381,-26.867933],[-65.194211,-26.867212],[-65.192735,-26.866847],[-65.191534,-26.864952],[-65.190814,-26.864223],[-65.190131,-26.864194],[-65.188551,-26.86349],[-65.186188,-26.861266],[-65.185404,-26.860818],[-65.183405,-26.85683],[-65.182637,-26.856044],[-65.181196,-26.855599],[-65.17954,-26.855713],[-65.17911,-26.855341],[-65.178514,-26.853536],[-65.178542,-26.852179],[-65.178917,-26.851112],[-65.179278,-26.851037],[-65.179158,-26.850601],[-65.179547,-26.850446],[-65.179294,-26.849274],[-65.179492,-26.847941],[-65.17839,-26.846015],[-65.176358,-26.84565],[-65.175659,-26.843434],[-65.175643,-26.842668],[-65.174376,-26.839619],[-65.174075,-26.839335],[-65.173955,-26.838603],[-65.173346,-26.83829],[-65.173123,-26.8374],[-65.17209,-26.836695],[-65.171172,-26.834242],[-65.169222,-26.831246],[-65.16801,-26.830061],[-65.166476,-26.829014],[-65.165884,-26.827126],[-65.164977,-26.826127],[-65.163528,-26.823703],[-65.163166,-26.822422],[-65.162041,-26.821237],[-65.162174,-26.819644],[-65.160506,-26.815729],[-65.159546,-26.814934],[-65.159409,-26.814361],[-65.160077,-26.811877],[-65.159176,-26.81066],[-65.159234,-26.809677],[-65.159704,-26.808651],[-65.159423,-26.807223],[-65.159681,-26.806223],[-65.159118,-26.804848],[-65.159934,-26.8034],[-65.161313,-26.801829],[-65.161576,-26.800206],[-65.160595,-26.798287],[-65.160538,-26.797745],[-65.161077,-26.79699],[-65.161651,-26.796822],[-65.162017,-26.796364],[-65.162096,-26.795209],[-65.160922,-26.79069],[-65.160873,-26.787945],[-65.160216,-26.786649],[-65.159367,-26.785841],[-65.158658,-26.783824],[-65.15952,-26.781437],[-65.159194,-26.78065],[-65.159321,-26.779848],[-65.160557,-26.777166],[-65.160665,-26.776165],[-65.159996,-26.775502],[-65.159762,-26.774607],[-65.160341,-26.7724],[-65.158518,-26.77145],[-65.157776,-26.769517],[-65.158817,-26.767703],[-65.162162,-26.764415],[-65.162386,-26.763829],[-65.162136,-26.762963],[-65.158601,-26.758816],[-65.157884,-26.757846],[-65.157264,-26.756392],[-65.155888,-26.756159],[-65.15502,-26.756677],[-65.153057,-26.756945],[-65.151644,-26.756476],[-65.151095,-26.755922],[-65.150605,-26.754178],[-65.149017,-26.752733],[-65.148475,-26.752667],[-65.148553,-26.751629],[-65.146863,-26.750455],[-65.145761,-26.750024],[-65.145243,-26.749398],[-65.143438,-26.74881],[-65.141176,-26.748787],[-65.139211,-26.748108],[-65.138562,-26.747454],[-65.137077,-26.747093],[-65.136403,-26.747269],[-65.136026,-26.747899],[-65.135309,-26.748318],[-65.134606,-26.748206],[-65.13205,-26.748659],[-65.13172,-26.748378],[-65.131901,-26.747052],[-65.131104,-26.746073],[-65.130184,-26.74419],[-65.129933,-26.744098],[-65.129378,-26.744438],[-65.129543,-26.745233],[-65.12909,-26.746575],[-65.129202,-26.747722],[-65.129699,-26.748428]]]]}},{"type":"Feature","properties":{"id":"90021","name":"Chicligasta"},"geometry":{"type":"MultiPolygon","coordinates":[[[[-65.958262,-27.065812],[-65.93132,-27.087536],[-65.922897,-27.095654],[-65.918297,-27.097683],[-65.901665,-27.100216],[-65.897751,-27.10183],[-65.893913,-27.104805],[-65.890686,-27.10825],[-65.88842,-27.111199],[-65.884048,-27.11098],[-65.880653,-27.112277],[-65.871979,-27.117142],[-65.868607,-27.11695],[-65.861137,-27.118197],[-65.828551,-27.136961],[-65.827638,-27.136161],[-65.826947,-27.13607],[-65.824951,-27.136055],[-65.823072,-27.136887],[-65.822079,-27.138571],[-65.821251,-27.138669],[-65.820974,-27.138962],[-65.820085,-27.141427],[-65.819607,-27.141978],[-65.818646,-27.144022],[-65.818206,-27.144309],[-65.818171,-27.146225],[-65.818421,-27.147262],[-65.817682,-27.148373],[-65.817302,-27.149939],[-65.816938,-27.150151],[-65.816341,-27.150063],[-65.815992,-27.150973],[-65.815486,-27.151294],[-65.814424,-27.150999],[-65.814197,-27.151732],[-65.813238,-27.152468],[-65.812819,-27.153251],[-65.813149,-27.154026],[-65.812816,-27.154805],[-65.812394,-27.1552],[-65.808401,-27.155876],[-65.805897,-27.156726],[-65.805385,-27.156337],[-65.804731,-27.156413],[-65.80404,-27.157013],[-65.802321,-27.157584],[-65.800181,-27.159127],[-65.799247,-27.161285],[-65.799152,-27.16159],[-65.800442,-27.16209],[-65.800462,-27.162673],[-65.800138,-27.163382],[-65.79993,-27.16356],[-65.798103,-27.163313],[-65.797561,-27.164082],[-65.797946,-27.165138],[-65.797952,-27.166402],[-65.797143,-27.168644],[-65.79772,-27.169304],[-65.79897,-27.169527],[-65.798966,-27.170811],[-65.799945,-27.172597],[-65.799576,-27.173565],[-65.798555,-27.174397],[-65.798062,-27.175751],[-65.798218,-27.176928],[-65.797252,-27.177838],[-65.797076,-27.178382],[-65.797744,-27.179274],[-65.798589,-27.178683],[-65.79894,-27.178702],[-65.798742,-27.179914],[-65.800062,-27.180864],[-65.79988,-27.181133],[-65.798782,-27.181417],[-65.79838,-27.181981],[-65.79845,-27.183652],[-65.797688,-27.184859],[-65.797754,-27.18638],[-65.796799,-27.18843],[-65.797088,-27.189657],[-65.79762,-27.190542],[-65.797031,-27.191185],[-65.795943,-27.191374],[-65.795142,-27.191916],[-65.795307,-27.192484],[-65.795899,-27.193058],[-65.79689,-27.19322],[-65.797348,-27.193603],[-65.797262,-27.194148],[-65.796689,-27.194167],[-65.795946,-27.195064],[-65.79501,-27.195145],[-65.794268,-27.194451],[-65.793493,-27.195158],[-65.792304,-27.195175],[-65.789908,-27.193967],[-65.788543,-27.194299],[-65.787893,-27.194931],[-65.786393,-27.194451],[-65.785728,-27.194529],[-65.784436,-27.195222],[-65.78347,-27.196168],[-65.782559,-27.195348],[-65.780256,-27.194596],[-65.779447,-27.193679],[-65.778917,-27.193649],[-65.778365,-27.195258],[-65.77787,-27.194936],[-65.776729,-27.194779],[-65.775062,-27.195389],[-65.773325,-27.196685],[-65.770394,-27.19951],[-65.769025,-27.199842],[-65.767683,-27.199585],[-65.766812,-27.199705],[-65.764959,-27.201449],[-65.762932,-27.201469],[-65.761713,-27.201875],[-65.759397,-27.200817],[-65.758109,-27.200487],[-65.755446,-27.200814],[-65.754604,-27.200672],[-65.749757,-27.197751],[-65.748696,-27.197427],[-65.747726,-27.197603],[-65.745839,-27.196478],[-65.743789,-27.196055],[-65.742736,-27.196388],[-65.741819,-27.197661],[-65.741335,-27.197904],[-65.739674,-27.197774],[-65.738997,-27.197341],[-65.738273,-27.197506],[-65.736932,-27.197282],[-65.735668,-27.19831],[-65.733228,-27.19793],[-65.731366,-27.197987],[-65.728986,-27.198816],[-65.724167,-27.197984],[-65.721552,-27.196526],[-65.721265,-27.196662],[-65.72113,-27.197353],[-65.719847,-27.198921],[-65.719009,-27.199531],[-65.716451,-27.19892],[-65.714553,-27.19916],[-65.712843,-27.199912],[-65.71132,-27.199204],[-65.709433,-27.198974],[-65.705829,-27.199611],[-65.704179,-27.201064],[-65.701612,-27.200822],[-65.696915,-27.20156],[-65.696161,-27.202005],[-65.695854,-27.202834],[-65.694768,-27.204018],[-65.695016,-27.204862],[-65.694208,-27.207665],[-65.693002,-27.209423],[-65.69112,-27.211267],[-65.689575,-27.214007],[-65.689548,-27.215929],[-65.689989,-27.218874],[-65.689792,-27.220417],[-65.688977,-27.221705],[-65.686552,-27.224167],[-65.683597,-27.226452],[-65.682568,-27.226948],[-65.680017,-27.227381],[-65.677803,-27.229229],[-65.675584,-27.230457],[-65.674621,-27.230576],[-65.672119,-27.231671],[-65.668237,-27.235191],[-65.665662,-27.236641],[-65.663006,-27.237755],[-65.660856,-27.238359],[-65.659609,-27.238443],[-65.658982,-27.2389],[-65.65803,-27.238932],[-65.65659,-27.239366],[-65.655843,-27.239329],[-65.654095,-27.23864],[-65.652796,-27.238545],[-65.649948,-27.240015],[-65.646757,-27.241202],[-65.642733,-27.241557],[-65.641351,-27.241948],[-65.640261,-27.242685],[-65.638802,-27.243246],[-65.636771,-27.244811],[-65.635455,-27.246273],[-65.63403,-27.248849],[-65.633005,-27.249839],[-65.63118,-27.250195],[-65.629255,-27.251218],[-65.627872,-27.251588],[-65.626961,-27.252174],[-65.626042,-27.253418],[-65.624651,-27.253791],[-65.624463,-27.254296],[-65.625146,-27.254334],[-65.625231,-27.254937],[-65.624193,-27.254773],[-65.62278,-27.253858],[-65.622105,-27.253939],[-65.621057,-27.254428],[-65.619278,-27.256647],[-65.617118,-27.258239],[-65.614721,-27.257926],[-65.613242,-27.258049],[-65.612423,-27.258417],[-65.61074,-27.260065],[-65.607784,-27.259715],[-65.607246,-27.26003],[-65.606604,-27.261188],[-65.604674,-27.263309],[-65.603606,-27.263377],[-65.60175,-27.264631],[-65.598934,-27.265157],[-65.598074,-27.264935],[-65.597328,-27.265069],[-65.596442,-27.264845],[-65.596491,-27.264608],[-65.595522,-27.264555],[-65.594297,-27.265042],[-65.592869,-27.266527],[-65.591403,-27.266464],[-65.590281,-27.266728],[-65.588899,-27.268394],[-65.588005,-27.271294],[-65.585356,-27.272649],[-65.583532,-27.274083],[-65.583033,-27.275171],[-65.583186,-27.275992],[-65.582086,-27.277347],[-65.580057,-27.278114],[-65.578999,-27.278159],[-65.57757,-27.277505],[-65.57689,-27.278011],[-65.575831,-27.278112],[-65.575371,-27.27864],[-65.574837,-27.278593],[-65.57324,-27.279311],[-65.572226,-27.279502],[-65.570617,-27.280701],[-65.569778,-27.280993],[-65.565632,-27.280795],[-65.56365,-27.281625],[-65.562199,-27.281806],[-65.556166,-27.283793],[-65.548146,-27.284657],[-65.543131,-27.285463],[-65.540295,-27.284867],[-65.538308,-27.283944],[-65.53781,-27.283151],[-65.537902,-27.282701],[-65.537427,-27.281772],[-65.537155,-27.279356],[-65.536366,-27.277347],[-65.534671,-27.276005],[-65.532877,-27.2758],[-65.532105,-27.276152],[-65.530193,-27.278304],[-65.528727,-27.282818],[-65.528716,-27.284042],[-65.529324,-27.286372],[-65.528103,-27.287849],[-65.524139,-27.289491],[-65.520617,-27.287767],[-65.519176,-27.287652],[-65.51829,-27.287913],[-65.517139,-27.288857],[-65.516543,-27.290252],[-65.516639,-27.291479],[-65.517313,-27.292433],[-65.515735,-27.291469],[-65.513696,-27.290887],[-65.513059,-27.289845],[-65.511929,-27.289052],[-65.510882,-27.288657],[-65.509542,-27.288625],[-65.510242,-27.291672],[-65.508454,-27.292644],[-65.506875,-27.295129],[-65.505995,-27.294974],[-65.504375,-27.296242],[-65.50288,-27.296804],[-65.502127,-27.296845],[-65.501111,-27.296121],[-65.500324,-27.29472],[-65.499029,-27.29334],[-65.497366,-27.292559],[-65.495459,-27.292346],[-65.494023,-27.292746],[-65.49318,-27.293687],[-65.492667,-27.295759],[-65.492791,-27.298186],[-65.492461,-27.298314],[-65.490331,-27.298746],[-65.486371,-27.297523],[-65.483821,-27.298064],[-65.482666,-27.298929],[-65.482278,-27.300161],[-65.482443,-27.301132],[-65.481969,-27.301311],[-65.481468,-27.301149],[-65.480982,-27.300037],[-65.480271,-27.299136],[-65.479233,-27.298604],[-65.476929,-27.298303],[-65.473815,-27.298276],[-65.472767,-27.298401],[-65.470302,-27.299927],[-65.469109,-27.300351],[-65.467194,-27.300903],[-65.466361,-27.300761],[-65.465573,-27.301151],[-65.465768,-27.302639],[-65.46494,-27.303101],[-65.464128,-27.303227],[-65.467914,-27.319716],[-65.469072,-27.319792],[-65.469851,-27.323608],[-65.462364,-27.325074],[-65.462648,-27.326652],[-65.460919,-27.327029],[-65.464063,-27.336572],[-65.464224,-27.336938],[-65.464502,-27.336826],[-65.47425,-27.37514],[-65.474676,-27.375942],[-65.476475,-27.37804],[-65.4783,-27.381684],[-65.477959,-27.382613],[-65.478071,-27.384127],[-65.477496,-27.385311],[-65.477803,-27.386677],[-65.474094,-27.38908],[-65.473252,-27.389752],[-65.473139,-27.390174],[-65.472798,-27.390247],[-65.471411,-27.394571],[-65.469707,-27.39619],[-65.468901,-27.396468],[-65.46754,-27.396405],[-65.465893,-27.395177],[-65.464464,-27.394466],[-65.461667,-27.393857],[-65.462434,-27.395783],[-65.462923,-27.396231],[-65.465268,-27.406329],[-65.466014,-27.407487],[-65.467707,-27.41284],[-65.469332,-27.412216],[-65.471464,-27.421672],[-65.482442,-27.422014],[-65.479196,-27.408645],[-65.480058,-27.408166],[-65.480185,-27.407279],[-65.480668,-27.406646],[-65.481973,-27.406037],[-65.485318,-27.405985],[-65.486146,-27.405656],[-65.486687,-27.404823],[-65.487186,-27.404635],[-65.491604,-27.422227],[-65.495416,-27.421389],[-65.498179,-27.432725],[-65.500043,-27.432636],[-65.503099,-27.433174],[-65.504423,-27.433905],[-65.505897,-27.435381],[-65.506723,-27.435541],[-65.508586,-27.434849],[-65.509571,-27.434011],[-65.511403,-27.43074],[-65.511048,-27.43015],[-65.51121,-27.429513],[-65.513036,-27.429186],[-65.514011,-27.430083],[-65.515188,-27.432056],[-65.515981,-27.432546],[-65.517638,-27.433006],[-65.518661,-27.43261],[-65.520415,-27.4306],[-65.520005,-27.43043],[-65.519844,-27.429669],[-65.520668,-27.428241],[-65.522593,-27.427097],[-65.524264,-27.427017],[-65.5249,-27.426522],[-65.525987,-27.426301],[-65.526454,-27.425843],[-65.527552,-27.425549],[-65.52651,-27.425892],[-65.525457,-27.427051],[-65.526181,-27.427204],[-65.526797,-27.427846],[-65.528938,-27.431991],[-65.529741,-27.432596],[-65.531011,-27.433049],[-65.532319,-27.433127],[-65.532172,-27.432071],[-65.533723,-27.431918],[-65.534818,-27.430552],[-65.535924,-27.431222],[-65.536998,-27.432395],[-65.537433,-27.432476],[-65.538667,-27.432419],[-65.540708,-27.431353],[-65.542647,-27.431632],[-65.54537,-27.432483],[-65.547035,-27.432057],[-65.549025,-27.430735],[-65.550139,-27.428077],[-65.551397,-27.42653],[-65.552441,-27.425876],[-65.553533,-27.424492],[-65.553777,-27.422822],[-65.554116,-27.422089],[-65.555082,-27.421176],[-65.555721,-27.420931],[-65.555238,-27.419687],[-65.553516,-27.417914],[-65.554016,-27.416727],[-65.555346,-27.41606],[-65.557845,-27.416158],[-65.559003,-27.416663],[-65.560936,-27.418965],[-65.561976,-27.421299],[-65.564657,-27.421778],[-65.565867,-27.421658],[-65.567025,-27.42032],[-65.56849,-27.41955],[-65.569079,-27.418592],[-65.570127,-27.418206],[-65.571585,-27.418994],[-65.572346,-27.420525],[-65.57382,-27.422135],[-65.57502,-27.422394],[-65.575593,-27.421677],[-65.575743,-27.420635],[-65.576962,-27.419139],[-65.578361,-27.418423],[-65.579512,-27.417251],[-65.581103,-27.416469],[-65.582553,-27.41675],[-65.583658,-27.417504],[-65.585215,-27.417656],[-65.586181,-27.41805],[-65.586684,-27.418067],[-65.588931,-27.417255],[-65.593329,-27.417374],[-65.599218,-27.419071],[-65.599379,-27.41224],[-65.599169,-27.410919],[-65.601313,-27.411078],[-65.602849,-27.410332],[-65.603031,-27.409967],[-65.604662,-27.409998],[-65.60652,-27.411123],[-65.607962,-27.412538],[-65.608026,-27.412864],[-65.607885,-27.4149],[-65.607505,-27.414993],[-65.60752,-27.415737],[-65.606485,-27.417348],[-65.607027,-27.417494],[-65.6062,-27.417836],[-65.606176,-27.419184],[-65.607446,-27.42018],[-65.609731,-27.421175],[-65.609742,-27.414788],[-65.609086,-27.413209],[-65.608336,-27.412372],[-65.608679,-27.41224],[-65.609387,-27.410661],[-65.609141,-27.409367],[-65.612311,-27.409176],[-65.612607,-27.409292],[-65.61304,-27.411185],[-65.61711,-27.420289],[-65.618347,-27.420073],[-65.620006,-27.419135],[-65.623361,-27.415941],[-65.626316,-27.41393],[-65.626433,-27.413447],[-65.62576,-27.411751],[-65.626121,-27.411069],[-65.626721,-27.410727],[-65.627478,-27.411064],[-65.628259,-27.413169],[-65.628837,-27.413269],[-65.629357,-27.412913],[-65.630531,-27.410562],[-65.631256,-27.410058],[-65.635046,-27.411302],[-65.637397,-27.411277],[-65.637774,-27.410864],[-65.637677,-27.408668],[-65.638004,-27.40816],[-65.638588,-27.40808],[-65.640231,-27.408548],[-65.641526,-27.409411],[-65.64124,-27.413429],[-65.641452,-27.413618],[-65.642075,-27.413545],[-65.643844,-27.41096],[-65.643543,-27.406396],[-65.643745,-27.405401],[-65.643449,-27.404941],[-65.642843,-27.404737],[-65.642769,-27.404215],[-65.642899,-27.402874],[-65.643319,-27.402047],[-65.644003,-27.401508],[-65.64592,-27.400976],[-65.647754,-27.402131],[-65.648079,-27.402127],[-65.648695,-27.40336],[-65.649354,-27.406482],[-65.65353,-27.407607],[-65.655044,-27.407532],[-65.657723,-27.405604],[-65.658712,-27.404484],[-65.658863,-27.402692],[-65.659743,-27.401649],[-65.659051,-27.400433],[-65.659589,-27.399096],[-65.66233,-27.397955],[-65.664668,-27.398051],[-65.665743,-27.396944],[-65.667136,-27.396512],[-65.667785,-27.395873],[-65.668547,-27.395537],[-65.668859,-27.394958],[-65.668882,-27.39407],[-65.669747,-27.392715],[-65.671559,-27.391541],[-65.672968,-27.391197],[-65.673441,-27.390114],[-65.675559,-27.388352],[-65.675478,-27.387844],[-65.676159,-27.386951],[-65.676498,-27.386005],[-65.677446,-27.385127],[-65.677703,-27.383871],[-65.678635,-27.382783],[-65.678932,-27.381941],[-65.679558,-27.381156],[-65.681362,-27.380692],[-65.683652,-27.379148],[-65.685168,-27.378803],[-65.685409,-27.378584],[-65.685737,-27.377106],[-65.686055,-27.376759],[-65.686851,-27.376306],[-65.690013,-27.375444],[-65.691043,-27.374793],[-65.692621,-27.373293],[-65.694581,-27.372726],[-65.6958,-27.37084],[-65.696656,-27.370574],[-65.697977,-27.369173],[-65.699242,-27.368446],[-65.702811,-27.367465],[-65.708229,-27.366684],[-65.710864,-27.364156],[-65.711471,-27.362963],[-65.713055,-27.361594],[-65.713916,-27.360168],[-65.716536,-27.358874],[-65.717169,-27.358348],[-65.718345,-27.358003],[-65.719414,-27.357088],[-65.722099,-27.356678],[-65.723716,-27.355741],[-65.725488,-27.355781],[-65.726281,-27.355562],[-65.72725,-27.35572],[-65.727965,-27.355347],[-65.728553,-27.355583],[-65.730338,-27.355401],[-65.732977,-27.356401],[-65.734064,-27.356073],[-65.736135,-27.356582],[-65.738354,-27.35652],[-65.740508,-27.357259],[-65.743393,-27.359201],[-65.746465,-27.359681],[-65.74867,-27.359675],[-65.750236,-27.359237],[-65.751578,-27.358355],[-65.752776,-27.356876],[-65.753531,-27.356636],[-65.754737,-27.356703],[-65.758001,-27.358456],[-65.758813,-27.358349],[-65.75924,-27.357998],[-65.762334,-27.358284],[-65.764256,-27.359166],[-65.76478,-27.359118],[-65.765824,-27.359906],[-65.767225,-27.360351],[-65.76994,-27.359536],[-65.772089,-27.358248],[-65.776106,-27.357181],[-65.778169,-27.35771],[-65.779874,-27.359006],[-65.781583,-27.358669],[-65.783085,-27.358961],[-65.784715,-27.358409],[-65.787073,-27.358564],[-65.791297,-27.357317],[-65.792115,-27.35689],[-65.793244,-27.355778],[-65.794706,-27.35532],[-65.797229,-27.35545],[-65.800569,-27.356453],[-65.802206,-27.35755],[-65.805578,-27.358314],[-65.80687,-27.358072],[-65.807638,-27.357531],[-65.812556,-27.357038],[-65.816745,-27.358397],[-65.819052,-27.359653],[-65.824866,-27.361954],[-65.826743,-27.362251],[-65.827604,-27.362096],[-65.832375,-27.362372],[-65.834817,-27.363219],[-65.835395,-27.364049],[-65.836309,-27.36434],[-65.841498,-27.363328],[-65.843464,-27.36185],[-65.844093,-27.361625],[-65.846795,-27.361451],[-65.849288,-27.36226],[-65.851781,-27.361395],[-65.853523,-27.361965],[-65.854538,-27.361805],[-65.855232,-27.362035],[-65.856311,-27.363009],[-65.857146,-27.36441],[-65.858601,-27.365393],[-65.860853,-27.368242],[-65.862661,-27.369244],[-65.866724,-27.369282],[-65.86955,-27.36958],[-65.872453,-27.371045],[-65.873573,-27.371024],[-65.875133,-27.370456],[-65.878222,-27.367803],[-65.879265,-27.36798],[-65.880698,-27.368867],[-65.885541,-27.370137],[-65.88831,-27.370155],[-65.889324,-27.369733],[-65.889833,-27.368997],[-65.891905,-27.367334],[-65.892855,-27.367033],[-65.893323,-27.367448],[-65.893444,-27.367895],[-65.89291,-27.369017],[-65.893,-27.369561],[-65.893406,-27.369797],[-65.895016,-27.369847],[-65.895579,-27.370925],[-65.8964,-27.371182],[-65.897083,-27.370461],[-65.897309,-27.369011],[-65.897605,-27.3687],[-65.899667,-27.367285],[-65.900548,-27.367221],[-65.902071,-27.367952],[-65.902958,-27.370326],[-65.905501,-27.371688],[-65.908175,-27.373562],[-65.908927,-27.374425],[-65.909219,-27.374572],[-65.90971,-27.374396],[-65.910179,-27.373518],[-65.910927,-27.373745],[-65.911415,-27.374472],[-65.911483,-27.375628],[-65.912792,-27.376146],[-65.913,-27.377181],[-65.913243,-27.37735],[-65.915857,-27.377118],[-65.916698,-27.377554],[-65.917936,-27.380329],[-65.919341,-27.380077],[-65.919817,-27.380349],[-65.919533,-27.381938],[-65.920005,-27.383089],[-65.921248,-27.38319],[-65.922438,-27.38428],[-65.925035,-27.383173],[-65.926329,-27.383287],[-65.929483,-27.382939],[-65.930335,-27.383345],[-65.930902,-27.384702],[-65.930731,-27.3854],[-65.929965,-27.386274],[-65.92777,-27.387917],[-65.927157,-27.388684],[-65.928022,-27.389651],[-65.932275,-27.39229],[-65.93462,-27.392798],[-65.935265,-27.393331],[-65.935009,-27.394192],[-65.93272,-27.396728],[-65.932561,-27.398883],[-65.931849,-27.400137],[-65.932224,-27.400601],[-65.933217,-27.400952],[-65.933987,-27.402836],[-65.934386,-27.403203],[-65.935344,-27.402942],[-65.935836,-27.402195],[-65.93646,-27.401769],[-65.937151,-27.401704],[-65.937657,-27.40307],[-65.938602,-27.403535],[-65.940487,-27.401758],[-65.940949,-27.401023],[-65.941556,-27.400761],[-65.942252,-27.400976],[-65.943586,-27.40193],[-65.944171,-27.401511],[-65.945383,-27.399308],[-65.946943,-27.399101],[-65.947268,-27.398915],[-65.947769,-27.397894],[-65.94807,-27.397774],[-65.950657,-27.398068],[-65.952009,-27.398559],[-65.95421,-27.39813],[-65.957395,-27.398939],[-65.958104,-27.399522],[-65.957589,-27.401455],[-65.957641,-27.40188],[-65.958219,-27.402028],[-65.960474,-27.401995],[-65.96353,-27.400111],[-65.96442,-27.39992],[-65.96548,-27.39889],[-65.966044,-27.398741],[-65.96753,-27.399075],[-65.96645,-27.392498],[-65.965379,-27.387858],[-65.96551,-27.384852],[-65.96526,-27.38321],[-65.965438,-27.38114],[-65.967728,-27.375995],[-65.967901,-27.373823],[-65.967758,-27.37211],[-65.968222,-27.36979],[-65.967901,-27.36747],[-65.967937,-27.365614],[-65.96758,-27.364436],[-65.966187,-27.363017],[-65.965022,-27.360494],[-65.96526,-27.358591],[-65.967164,-27.356568],[-65.969781,-27.349192],[-65.971736,-27.333807],[-65.971974,-27.332926],[-65.973092,-27.331617],[-65.973804,-27.331051],[-65.975684,-27.330183],[-65.977727,-27.329707],[-65.979551,-27.328795],[-65.980165,-27.327661],[-65.982982,-27.325766],[-65.985242,-27.323377],[-65.987054,-27.32246],[-65.987805,-27.321158],[-65.98912,-27.320407],[-65.990619,-27.318103],[-65.993064,-27.316952],[-65.993402,-27.316557],[-65.993188,-27.315971],[-65.993606,-27.315539],[-65.994224,-27.315348],[-65.994457,-27.31476],[-65.995023,-27.31439],[-65.998249,-27.313126],[-66,-27.313],[-66.00171,-27.312254],[-66.005572,-27.311806],[-66.007375,-27.311299],[-66.007922,-27.31081],[-66.008947,-27.31049],[-66.009891,-27.310698],[-66.011432,-27.310566],[-66.012593,-27.30932],[-66.013291,-27.308895],[-66.014606,-27.306923],[-66.01607,-27.30574],[-66.017523,-27.304024],[-66.021988,-27.302282],[-66.027489,-27.299448],[-66.029273,-27.298152],[-66.030006,-27.297889],[-66.030904,-27.29827],[-66.033642,-27.297274],[-66.035002,-27.297326],[-66.036373,-27.29695],[-66.039099,-27.295939],[-66.041883,-27.296444],[-66.043415,-27.296424],[-66.046007,-27.295373],[-66.051397,-27.295842],[-66.05228,-27.295485],[-66.052843,-27.293476],[-66.054102,-27.293231],[-66.055224,-27.293853],[-66.056395,-27.293801],[-66.0566,-27.293438],[-66.057107,-27.29325],[-66.058703,-27.293851],[-66.059323,-27.29357],[-66.060205,-27.291936],[-66.060675,-27.291598],[-66.061689,-27.291522],[-66.063304,-27.292236],[-66.065145,-27.291992],[-66.06629,-27.292199],[-66.067342,-27.291335],[-66.068244,-27.291429],[-66.069502,-27.290659],[-66.072563,-27.290039],[-66.072916,-27.289663],[-66.073427,-27.289719],[-66.074423,-27.288668],[-66.0757,-27.288386],[-66.076395,-27.288742],[-66.078667,-27.287071],[-66.079888,-27.286959],[-66.080895,-27.286403],[-66.082528,-27.285151],[-66.085785,-27.283653],[-66.086217,-27.28294],[-66.088503,-27.281595],[-66.091194,-27.278395],[-66.091851,-27.277794],[-66.092816,-27.277368],[-66.094387,-27.277237],[-66.09495,-27.277493],[-66.096321,-27.277437],[-66.098443,-27.276779],[-66.09957,-27.276085],[-66.102794,-27.274901],[-66.10435,-27.27481],[-66.105501,-27.274105],[-66.106369,-27.274131],[-66.109918,-27.273061],[-66.111314,-27.272358],[-66.111392,-27.271719],[-66.111927,-27.271176],[-66.112491,-27.27107],[-66.114697,-27.268997],[-66.115578,-27.267667],[-66.117924,-27.266538],[-66.119355,-27.266035],[-66.121257,-27.266042],[-66.122858,-27.266561],[-66.124329,-27.266277],[-66.12615,-27.264714],[-66.129715,-27.265032],[-66.131723,-27.266168],[-66.132887,-27.266168],[-66.134183,-27.265042],[-66.135367,-27.264816],[-66.137564,-27.263445],[-66.139235,-27.262337],[-66.139582,-27.261828],[-66.13948,-27.261173],[-66.138747,-27.259989],[-66.13884,-27.258909],[-66.137827,-27.257961],[-66.137861,-27.257486],[-66.138629,-27.256327],[-66.136646,-27.254355],[-66.132825,-27.252878],[-66.133892,-27.250164],[-66.134167,-27.248511],[-66.133939,-27.244101],[-66.133188,-27.240589],[-66.131243,-27.240056],[-66.130201,-27.24006],[-66.128875,-27.239315],[-66.123948,-27.237828],[-66.122915,-27.237189],[-66.12329,-27.232288],[-66.121581,-27.227649],[-66.119196,-27.226465],[-66.118445,-27.225846],[-66.117542,-27.224781],[-66.115595,-27.221629],[-66.112717,-27.218934],[-66.109951,-27.215521],[-66.103982,-27.216229],[-66.101396,-27.215365],[-66.097625,-27.212668],[-66.092686,-27.213431],[-66.089284,-27.213035],[-66.082602,-27.211157],[-66.078763,-27.209464],[-66.081343,-27.204823],[-66.082473,-27.200515],[-66.082416,-27.198336],[-66.081904,-27.197619],[-66.079757,-27.19581],[-66.077489,-27.194291],[-66.075342,-27.190998],[-66.07275,-27.190348],[-66.069956,-27.189119],[-66.06947,-27.188576],[-66.068984,-27.18702],[-66.06821,-27.179165],[-66.068208,-27.176667],[-66.067641,-27.17522],[-66.06517,-27.171963],[-66.063781,-27.169407],[-66.062163,-27.167979],[-66.063957,-27.165283],[-66.064217,-27.163331],[-66.063589,-27.162135],[-66.059913,-27.158227],[-66.057854,-27.156482],[-66.05557,-27.155677],[-66.055488,-27.154773],[-66.056114,-27.151586],[-66.056117,-27.150279],[-66.054906,-27.145344],[-66.054513,-27.144918],[-66.054256,-27.144661],[-66.052393,-27.144179],[-66.050884,-27.143344],[-66.049534,-27.142155],[-66.047146,-27.140911],[-66.043431,-27.137498],[-66.041311,-27.136341],[-66.040504,-27.134226],[-66.039347,-27.133037],[-66.03569,-27.127058],[-66.034405,-27.126705],[-66.027841,-27.122238],[-66.022946,-27.121153],[-66.020842,-27.119596],[-66.019564,-27.115141],[-66.019554,-27.11291],[-66.017798,-27.112089],[-66.013686,-27.112089],[-66.010531,-27.111089],[-66.005334,-27.108523],[-66.005688,-27.103609],[-66.005077,-27.103641],[-66.003503,-27.102452],[-66.001741,-27.101896],[-65.998333,-27.103594],[-65.997857,-27.104308],[-65.995894,-27.105557],[-65.994169,-27.105914],[-65.992443,-27.105914],[-65.990956,-27.105617],[-65.989707,-27.104844],[-65.988965,-27.103983],[-65.987982,-27.102226],[-65.986827,-27.101146],[-65.986949,-27.098986],[-65.987464,-27.097831],[-65.986113,-27.096725],[-65.983699,-27.095683],[-65.982925,-27.09495],[-65.982023,-27.093411],[-65.981795,-27.092411],[-65.97909,-27.089732],[-65.978521,-27.088557],[-65.977665,-27.087755],[-65.976739,-27.083785],[-65.97436,-27.079621],[-65.973765,-27.074922],[-65.971921,-27.07165],[-65.971207,-27.069568],[-65.971088,-27.068676],[-65.971504,-27.067605],[-65.972099,-27.066891],[-65.972872,-27.066475],[-65.974272,-27.066122],[-65.974689,-27.066218],[-65.975236,-27.065833],[-65.974754,-27.061496],[-65.973984,-27.060657],[-65.974062,-27.057909],[-65.974657,-27.057433],[-65.974954,-27.056541],[-65.974717,-27.055648],[-65.974062,-27.054578],[-65.97281,-27.054037],[-65.958262,-27.065812]]]]}},{"type":"Feature","properties":{"id":"90028","name":"Famaillá"},"geometry":{"type":"MultiPolygon","coordinates":[[[[-65.618309,-26.836663],[-65.618314,-26.837877],[-65.616662,-26.837728],[-65.614346,-26.839135],[-65.611888,-26.84103],[-65.608584,-26.841897],[-65.605464,-26.843179],[-65.604991,-26.843741],[-65.602831,-26.843823],[-65.599433,-26.844482],[-65.597117,-26.844299],[-65.595307,-26.844671],[-65.592155,-26.843838],[-65.589889,-26.843612],[-65.587034,-26.845196],[-65.585586,-26.847527],[-65.581979,-26.847153],[-65.578935,-26.846315],[-65.578036,-26.846605],[-65.574536,-26.85021],[-65.573546,-26.853085],[-65.570713,-26.854028],[-65.570005,-26.854196],[-65.565718,-26.851183],[-65.563902,-26.849544],[-65.563005,-26.84937],[-65.562052,-26.849587],[-65.560363,-26.850481],[-65.559724,-26.850541],[-65.555448,-26.849475],[-65.553893,-26.850133],[-65.551611,-26.85329],[-65.547365,-26.85339],[-65.547053,-26.853747],[-65.546982,-26.854407],[-65.54638,-26.855156],[-65.54503,-26.854615],[-65.542702,-26.854715],[-65.540262,-26.854338],[-65.534125,-26.860927],[-65.531127,-26.860853],[-65.529742,-26.861958],[-65.526363,-26.862947],[-65.52138,-26.863615],[-65.519143,-26.86532],[-65.518571,-26.865314],[-65.517645,-26.864826],[-65.515655,-26.865443],[-65.514128,-26.865169],[-65.513588,-26.86489],[-65.512611,-26.863629],[-65.510739,-26.864174],[-65.51007,-26.864799],[-65.507713,-26.865327],[-65.506811,-26.865141],[-65.506003,-26.864666],[-65.505237,-26.865582],[-65.50382,-26.865994],[-65.501873,-26.865641],[-65.50119,-26.866165],[-65.500155,-26.865704],[-65.499332,-26.866463],[-65.498869,-26.866541],[-65.497948,-26.866037],[-65.495343,-26.868431],[-65.494422,-26.868364],[-65.49396,-26.868504],[-65.4936,-26.86896],[-65.492742,-26.868973],[-65.492171,-26.869268],[-65.489928,-26.870799],[-65.4895,-26.871631],[-65.488271,-26.872625],[-65.487012,-26.87304],[-65.486127,-26.873743],[-65.485695,-26.87483],[-65.485028,-26.875657],[-65.485509,-26.876525],[-65.485402,-26.877011],[-65.484592,-26.877793],[-65.483985,-26.878996],[-65.483256,-26.8796],[-65.48188,-26.882217],[-65.481923,-26.882659],[-65.48093,-26.883592],[-65.479656,-26.883714],[-65.479108,-26.883065],[-65.478472,-26.882753],[-65.476843,-26.882829],[-65.476001,-26.881956],[-65.475393,-26.881697],[-65.474642,-26.882115],[-65.473578,-26.881986],[-65.47296,-26.882149],[-65.472745,-26.882432],[-65.473044,-26.883022],[-65.472632,-26.88341],[-65.471516,-26.882914],[-65.470037,-26.883444],[-65.468761,-26.882466],[-65.466172,-26.882512],[-65.465862,-26.883087],[-65.466096,-26.88387],[-65.465991,-26.884491],[-65.465185,-26.884694],[-65.464346,-26.884112],[-65.46402,-26.884168],[-65.463479,-26.884888],[-65.463457,-26.885542],[-65.463728,-26.886],[-65.463601,-26.886325],[-65.463122,-26.886898],[-65.46192,-26.887489],[-65.462223,-26.889273],[-65.461831,-26.891158],[-65.460855,-26.891511],[-65.461244,-26.892331],[-65.461015,-26.892699],[-65.460084,-26.893078],[-65.458894,-26.892793],[-65.458062,-26.894787],[-65.455006,-26.89622],[-65.454389,-26.89687],[-65.453905,-26.898075],[-65.45224,-26.898641],[-65.45126,-26.900644],[-65.449611,-26.900478],[-65.448893,-26.900856],[-65.449435,-26.903633],[-65.449171,-26.903675],[-65.449398,-26.904798],[-65.448573,-26.906676],[-65.448978,-26.908091],[-65.449628,-26.909056],[-65.449001,-26.910753],[-65.448923,-26.911669],[-65.449677,-26.913959],[-65.449643,-26.914753],[-65.447634,-26.916818],[-65.447627,-26.917694],[-65.446995,-26.919478],[-65.447063,-26.920247],[-65.447572,-26.921327],[-65.447456,-26.922353],[-65.445979,-26.92302],[-65.444984,-26.92387],[-65.44444,-26.925817],[-65.442593,-26.927458],[-65.441792,-26.928922],[-65.440705,-26.928042],[-65.439626,-26.927874],[-65.438197,-26.927153],[-65.434989,-26.926641],[-65.434661,-26.926257],[-65.434693,-26.92547],[-65.434959,-26.925008],[-65.434706,-26.924457],[-65.43422,-26.923992],[-65.433452,-26.924249],[-65.433044,-26.924668],[-65.433163,-26.9258],[-65.432909,-26.926983],[-65.430804,-26.928006],[-65.430048,-26.930404],[-65.427474,-26.934046],[-65.427518,-26.935503],[-65.427963,-26.93692],[-65.427847,-26.937445],[-65.427231,-26.93759],[-65.426489,-26.937431],[-65.425559,-26.936346],[-65.42477,-26.936001],[-65.42371,-26.936114],[-65.423214,-26.937104],[-65.423238,-26.937939],[-65.422231,-26.938278],[-65.421745,-26.93872],[-65.421982,-26.94114],[-65.419893,-26.941759],[-65.418236,-26.944076],[-65.41778,-26.944207],[-65.414404,-26.943553],[-65.412503,-26.944725],[-65.411393,-26.944952],[-65.40963,-26.946315],[-65.409554,-26.947213],[-65.408929,-26.947639],[-65.408883,-26.947912],[-65.409109,-26.950652],[-65.408838,-26.952106],[-65.409172,-26.952716],[-65.408774,-26.953311],[-65.408869,-26.954145],[-65.408198,-26.956032],[-65.407155,-26.956399],[-65.405391,-26.955835],[-65.405288,-26.955572],[-65.405993,-26.955104],[-65.406417,-26.954253],[-65.406228,-26.953873],[-65.405444,-26.953361],[-65.40371,-26.953155],[-65.40256,-26.953722],[-65.401715,-26.954529],[-65.40073,-26.954699],[-65.400676,-26.953381],[-65.400267,-26.952178],[-65.39985,-26.952067],[-65.399338,-26.952485],[-65.398524,-26.952235],[-65.397708,-26.952403],[-65.396803,-26.953545],[-65.394069,-26.955682],[-65.392369,-26.955989],[-65.391194,-26.955557],[-65.390245,-26.955926],[-65.389694,-26.95657],[-65.389735,-26.957423],[-65.38892,-26.958758],[-65.386349,-26.960912],[-65.385272,-26.962355],[-65.384019,-26.963318],[-65.381898,-26.964337],[-65.374996,-26.966169],[-65.374823,-26.966505],[-65.375015,-26.967073],[-65.375976,-26.967834],[-65.376303,-26.968784],[-65.375284,-26.970156],[-65.372828,-26.971179],[-65.372737,-26.97201],[-65.373748,-26.974123],[-65.372502,-26.978926],[-65.373023,-26.979963],[-65.372933,-26.980723],[-65.37163,-26.982159],[-65.371097,-26.983405],[-65.370236,-26.98397],[-65.369074,-26.983965],[-65.367228,-26.983458],[-65.366401,-26.983531],[-65.366184,-26.98413],[-65.366619,-26.985308],[-65.366583,-26.987005],[-65.365509,-26.987215],[-65.363308,-26.986111],[-65.362721,-26.986319],[-65.363376,-26.987871],[-65.363087,-26.98885],[-65.363555,-26.98916],[-65.36464,-26.988975],[-65.3649,-26.98919],[-65.363863,-26.990864],[-65.363828,-26.991825],[-65.364273,-26.993762],[-65.363557,-26.994961],[-65.363653,-26.995924],[-65.363306,-26.996636],[-65.364953,-26.998139],[-65.365196,-27.00021],[-65.364846,-27.00096],[-65.364465,-27.001246],[-65.364183,-27.001168],[-65.36421,-26.999939],[-65.363696,-26.999082],[-65.361806,-26.998815],[-65.361309,-26.999091],[-65.361197,-26.999819],[-65.361623,-27.000398],[-65.362606,-27.000781],[-65.362991,-27.0012],[-65.363157,-27.001676],[-65.362995,-27.002001],[-65.362206,-27.002189],[-65.36134,-27.001395],[-65.361145,-27.000669],[-65.36053,-26.999964],[-65.357752,-27.00097],[-65.357739,-27.001303],[-65.358006,-27.001438],[-65.359076,-27.001483],[-65.359731,-27.001261],[-65.360392,-27.001561],[-65.359352,-27.002994],[-65.358655,-27.002735],[-65.357724,-27.001415],[-65.35718,-27.001514],[-65.357037,-27.002242],[-65.357489,-27.002444],[-65.357759,-27.002993],[-65.357745,-27.003672],[-65.357479,-27.004088],[-65.357636,-27.004455],[-65.358073,-27.004901],[-65.359154,-27.005293],[-65.358764,-27.005569],[-65.357189,-27.005817],[-65.356594,-27.005536],[-65.356483,-27.004609],[-65.356062,-27.004444],[-65.354662,-27.006952],[-65.355049,-27.007662],[-65.356099,-27.008332],[-65.356866,-27.009295],[-65.356839,-27.00957],[-65.356169,-27.009896],[-65.35517,-27.009833],[-65.35437,-27.008944],[-65.354469,-27.008374],[-65.354243,-27.008156],[-65.353903,-27.008238],[-65.353429,-27.009268],[-65.353848,-27.010509],[-65.353935,-27.011981],[-65.352532,-27.012649],[-65.350725,-27.01263],[-65.350562,-27.013745],[-65.35111,-27.014392],[-65.350781,-27.015011],[-65.350966,-27.016253],[-65.350445,-27.017183],[-65.350116,-27.01735],[-65.348953,-27.017003],[-65.348259,-27.016499],[-65.347524,-27.016742],[-65.347041,-27.017458],[-65.347087,-27.018044],[-65.347678,-27.018255],[-65.348091,-27.018096],[-65.348337,-27.017405],[-65.348555,-27.017354],[-65.348799,-27.018294],[-65.348519,-27.018711],[-65.347339,-27.019459],[-65.346961,-27.020534],[-65.346224,-27.021131],[-65.343755,-27.021507],[-65.342447,-27.020668],[-65.341374,-27.021026],[-65.340257,-27.020636],[-65.338635,-27.021761],[-65.337102,-27.021416],[-65.336248,-27.022266],[-65.336222,-27.022728],[-65.335537,-27.023027],[-65.333623,-27.022248],[-65.332885,-27.021616],[-65.3317,-27.021278],[-65.331678,-27.020884],[-65.331075,-27.020509],[-65.331005,-27.021094],[-65.330505,-27.021728],[-65.330983,-27.022478],[-65.330835,-27.022929],[-65.331215,-27.023918],[-65.33055,-27.023985],[-65.329853,-27.023476],[-65.329209,-27.024145],[-65.329573,-27.024749],[-65.33011,-27.025037],[-65.329875,-27.025437],[-65.330078,-27.026017],[-65.329149,-27.026133],[-65.328441,-27.027227],[-65.328431,-27.028391],[-65.327095,-27.029373],[-65.326069,-27.029619],[-65.324212,-27.032803],[-65.324387,-27.033822],[-65.325589,-27.035661],[-65.325813,-27.036529],[-65.325681,-27.037276],[-65.327092,-27.038421],[-65.327178,-27.038838],[-65.32636,-27.039559],[-65.323825,-27.03995],[-65.323137,-27.040312],[-65.322356,-27.041359],[-65.322231,-27.042519],[-65.321901,-27.042866],[-65.321998,-27.043133],[-65.322334,-27.043201],[-65.324171,-27.04293],[-65.324421,-27.044763],[-65.325299,-27.045443],[-65.325301,-27.046179],[-65.324854,-27.047413],[-65.325065,-27.04799],[-65.324787,-27.048608],[-65.323623,-27.048768],[-65.323543,-27.047962],[-65.323207,-27.047779],[-65.322203,-27.048391],[-65.322217,-27.048887],[-65.322839,-27.049128],[-65.323283,-27.048767],[-65.323452,-27.0499],[-65.326392,-27.050499],[-65.327273,-27.04981],[-65.32776,-27.050541],[-65.328614,-27.050412],[-65.328721,-27.051081],[-65.32919,-27.051616],[-65.328971,-27.052888],[-65.329672,-27.05293],[-65.329542,-27.053337],[-65.329898,-27.053693],[-65.330713,-27.05312],[-65.331607,-27.054021],[-65.331484,-27.054308],[-65.330803,-27.054379],[-65.330254,-27.054838],[-65.328486,-27.05422],[-65.327761,-27.054223],[-65.328229,-27.055231],[-65.329149,-27.055371],[-65.32965,-27.056496],[-65.330206,-27.056462],[-65.3305,-27.05598],[-65.331079,-27.055986],[-65.331091,-27.056663],[-65.330665,-27.057681],[-65.331329,-27.05776],[-65.331826,-27.058119],[-65.332213,-27.057959],[-65.332407,-27.057642],[-65.332088,-27.057028],[-65.332904,-27.057363],[-65.333014,-27.056246],[-65.33393,-27.055969],[-65.334281,-27.055635],[-65.334316,-27.055191],[-65.334591,-27.055355],[-65.334842,-27.056729],[-65.334552,-27.057307],[-65.333412,-27.05825],[-65.332044,-27.058578],[-65.331652,-27.059396],[-65.333704,-27.060071],[-65.334959,-27.059873],[-65.336104,-27.060135],[-65.336514,-27.061192],[-65.337569,-27.062419],[-65.3371,-27.064512],[-65.337399,-27.065709],[-65.33731,-27.066338],[-65.338002,-27.067162],[-65.33788,-27.06778],[-65.338108,-27.068392],[-65.337595,-27.068699],[-65.337355,-27.069384],[-65.337468,-27.06981],[-65.338216,-27.070621],[-65.341095,-27.07098],[-65.341206,-27.071318],[-65.340675,-27.072123],[-65.340889,-27.072457],[-65.340153,-27.073119],[-65.340666,-27.073622],[-65.341611,-27.073476],[-65.341687,-27.073882],[-65.342317,-27.073873],[-65.342138,-27.074883],[-65.342981,-27.074639],[-65.344078,-27.075547],[-65.34438,-27.07528],[-65.345235,-27.075612],[-65.345142,-27.076546],[-65.345659,-27.076407],[-65.346102,-27.076815],[-65.345967,-27.077678],[-65.344812,-27.07817],[-65.3447,-27.079108],[-65.343644,-27.079301],[-65.342928,-27.078945],[-65.342937,-27.079498],[-65.343871,-27.080542],[-65.344045,-27.081261],[-65.344987,-27.081357],[-65.345434,-27.081093],[-65.345381,-27.081685],[-65.345875,-27.081582],[-65.346352,-27.082452],[-65.346965,-27.082179],[-65.347979,-27.082736],[-65.34824,-27.083135],[-65.348126,-27.084166],[-65.347119,-27.084687],[-65.347281,-27.084987],[-65.347813,-27.085087],[-65.347782,-27.085573],[-65.348398,-27.085347],[-65.348849,-27.085965],[-65.350508,-27.086108],[-65.351351,-27.087395],[-65.350642,-27.088325],[-65.350149,-27.088549],[-65.349345,-27.088558],[-65.348577,-27.087994],[-65.347915,-27.088379],[-65.348092,-27.08891],[-65.349454,-27.089505],[-65.349091,-27.09076],[-65.350206,-27.092436],[-65.350348,-27.093378],[-65.349953,-27.094044],[-65.349365,-27.094374],[-65.347367,-27.094342],[-65.346069,-27.094827],[-65.345439,-27.095312],[-65.345033,-27.096611],[-65.345696,-27.098507],[-65.345599,-27.100057],[-65.345088,-27.100803],[-65.343991,-27.101178],[-65.343072,-27.101863],[-65.34289,-27.102359],[-65.343001,-27.103103],[-65.344027,-27.10415],[-65.3441,-27.104527],[-65.348517,-27.103568],[-65.349556,-27.103068],[-65.352435,-27.102366],[-65.351131,-27.105006],[-65.350598,-27.105304],[-65.35062,-27.105687],[-65.351521,-27.106037],[-65.351348,-27.106584],[-65.351526,-27.107005],[-65.352406,-27.107339],[-65.35174,-27.10796],[-65.35175,-27.108194],[-65.3528,-27.109184],[-65.352853,-27.108894],[-65.353359,-27.108716],[-65.353275,-27.108243],[-65.354548,-27.107197],[-65.354811,-27.107248],[-65.355081,-27.108114],[-65.356612,-27.107292],[-65.357701,-27.107265],[-65.358578,-27.106861],[-65.35882,-27.106379],[-65.360024,-27.105479],[-65.360739,-27.105749],[-65.361466,-27.105453],[-65.361869,-27.104657],[-65.361422,-27.104334],[-65.360624,-27.104302],[-65.360448,-27.104016],[-65.36085,-27.103522],[-65.361974,-27.103305],[-65.362084,-27.102945],[-65.362531,-27.102831],[-65.363593,-27.103181],[-65.36732,-27.102033],[-65.372535,-27.100055],[-65.373586,-27.099488],[-65.373433,-27.099095],[-65.374118,-27.098586],[-65.375477,-27.098093],[-65.376844,-27.098068],[-65.377317,-27.097742],[-65.377556,-27.097188],[-65.378443,-27.096952],[-65.379008,-27.095698],[-65.382706,-27.093534],[-65.383531,-27.093845],[-65.384122,-27.092879],[-65.389996,-27.088708],[-65.393499,-27.103516],[-65.393059,-27.104124],[-65.393189,-27.104575],[-65.39586,-27.104024],[-65.4027,-27.115628],[-65.405193,-27.114838],[-65.40735,-27.118891],[-65.408271,-27.11915],[-65.408675,-27.118831],[-65.40927,-27.118879],[-65.409348,-27.118178],[-65.410362,-27.118163],[-65.410304,-27.117511],[-65.411113,-27.116896],[-65.411989,-27.117385],[-65.412351,-27.117347],[-65.414095,-27.115513],[-65.414989,-27.115559],[-65.415317,-27.115125],[-65.415972,-27.115145],[-65.416796,-27.114699],[-65.417712,-27.114934],[-65.418491,-27.114733],[-65.418937,-27.11436],[-65.419308,-27.113391],[-65.41995,-27.112971],[-65.42003,-27.112465],[-65.421944,-27.112146],[-65.423562,-27.118573],[-65.420198,-27.12057],[-65.421504,-27.125363],[-65.422393,-27.127774],[-65.425537,-27.125213],[-65.426836,-27.128711],[-65.427492,-27.129384],[-65.427291,-27.129658],[-65.427716,-27.131173],[-65.428666,-27.131512],[-65.430507,-27.130762],[-65.430992,-27.129706],[-65.430573,-27.128221],[-65.428827,-27.125129],[-65.430042,-27.123266],[-65.430974,-27.123665],[-65.431185,-27.125419],[-65.432161,-27.127148],[-65.432714,-27.127238],[-65.433161,-27.127029],[-65.433434,-27.126467],[-65.433302,-27.12569],[-65.433582,-27.124959],[-65.433975,-27.124614],[-65.434748,-27.124445],[-65.435542,-27.124631],[-65.437031,-27.126179],[-65.437455,-27.126314],[-65.437564,-27.125933],[-65.437156,-27.12463],[-65.437524,-27.123942],[-65.438215,-27.123772],[-65.440781,-27.123958],[-65.442843,-27.123128],[-65.443427,-27.123328],[-65.444115,-27.123042],[-65.442988,-27.120737],[-65.44336,-27.119503],[-65.442668,-27.118809],[-65.443304,-27.118026],[-65.444874,-27.117819],[-65.445342,-27.118031],[-65.445407,-27.119542],[-65.44581,-27.120487],[-65.446689,-27.121064],[-65.447473,-27.121181],[-65.447837,-27.120769],[-65.44731,-27.120433],[-65.447137,-27.119615],[-65.448017,-27.118335],[-65.449733,-27.117632],[-65.450216,-27.116916],[-65.451436,-27.116034],[-65.453848,-27.115673],[-65.45616,-27.116754],[-65.457978,-27.116787],[-65.458557,-27.116645],[-65.460042,-27.115599],[-65.461929,-27.115841],[-65.462729,-27.115611],[-65.462859,-27.114944],[-65.462286,-27.11448],[-65.459006,-27.11519],[-65.45759,-27.114929],[-65.456934,-27.114274],[-65.45679,-27.113353],[-65.457107,-27.112943],[-65.457985,-27.112603],[-65.46115,-27.112719],[-65.462346,-27.111807],[-65.464737,-27.111025],[-65.464949,-27.1107],[-65.464437,-27.109857],[-65.464261,-27.108894],[-65.46497,-27.10802],[-65.466248,-27.10799],[-65.469672,-27.109455],[-65.470758,-27.109449],[-65.471636,-27.108964],[-65.472163,-27.107818],[-65.47056,-27.107882],[-65.469548,-27.107433],[-65.468442,-27.106217],[-65.468122,-27.104543],[-65.467076,-27.104648],[-65.466374,-27.10404],[-65.466561,-27.103008],[-65.467252,-27.102252],[-65.466698,-27.101824],[-65.467395,-27.101277],[-65.469778,-27.100381],[-65.470946,-27.10109],[-65.471985,-27.10225],[-65.473045,-27.102526],[-65.473451,-27.102335],[-65.473858,-27.101987],[-65.47386,-27.101609],[-65.475566,-27.100907],[-65.47538,-27.100117],[-65.476131,-27.098729],[-65.474905,-27.097193],[-65.475155,-27.096295],[-65.476509,-27.096017],[-65.477983,-27.095277],[-65.479111,-27.095185],[-65.479636,-27.095437],[-65.4806,-27.096113],[-65.481234,-27.097522],[-65.481685,-27.097808],[-65.482206,-27.097663],[-65.483696,-27.096406],[-65.484876,-27.095918],[-65.485116,-27.095589],[-65.485006,-27.09514],[-65.482659,-27.093636],[-65.482439,-27.093211],[-65.482471,-27.092458],[-65.483671,-27.091176],[-65.486024,-27.090191],[-65.486967,-27.089413],[-65.487835,-27.086871],[-65.487645,-27.085267],[-65.487779,-27.084901],[-65.488549,-27.0843],[-65.488652,-27.083784],[-65.488378,-27.083029],[-65.488539,-27.082487],[-65.487864,-27.081121],[-65.487856,-27.080257],[-65.487039,-27.079738],[-65.486668,-27.078032],[-65.485571,-27.076379],[-65.48468,-27.075678],[-65.484666,-27.074701],[-65.484978,-27.073762],[-65.484838,-27.073345],[-65.483879,-27.071785],[-65.481953,-27.070771],[-65.481083,-27.070711],[-65.480589,-27.070283],[-65.479664,-27.06515],[-65.478372,-27.062488],[-65.477174,-27.061604],[-65.476675,-27.06041],[-65.477075,-27.059446],[-65.476784,-27.058159],[-65.477488,-27.056833],[-65.477312,-27.055431],[-65.478127,-27.053822],[-65.478537,-27.052123],[-65.47822,-27.049757],[-65.47787,-27.049247],[-65.47788,-27.047672],[-65.478598,-27.043634],[-65.480406,-27.042365],[-65.480857,-27.041719],[-65.481158,-27.040668],[-65.483479,-27.038842],[-65.484346,-27.037555],[-65.483674,-27.036166],[-65.483905,-27.034927],[-65.483509,-27.034686],[-65.48316,-27.033715],[-65.483981,-27.032658],[-65.485514,-27.031744],[-65.485765,-27.030407],[-65.487147,-27.02916],[-65.487167,-27.028745],[-65.487425,-27.028991],[-65.486708,-27.027883],[-65.488737,-27.027068],[-65.489001,-27.02643],[-65.489292,-27.023469],[-65.490398,-27.019647],[-65.494756,-27.016078],[-65.495126,-27.017643],[-65.494749,-27.01911],[-65.494966,-27.019829],[-65.49261,-27.024307],[-65.492622,-27.024552],[-65.493388,-27.024533],[-65.494534,-27.024956],[-65.497329,-27.021417],[-65.500309,-27.019901],[-65.501456,-27.016206],[-65.507643,-27.011301],[-65.510008,-27.012309],[-65.512774,-27.009745],[-65.51538,-27.00506],[-65.519172,-27.002445],[-65.521033,-27.003604],[-65.527576,-27.001784],[-65.531305,-26.994183],[-65.530099,-26.992737],[-65.530214,-26.986782],[-65.535816,-26.982654],[-65.540243,-26.981783],[-65.547853,-26.970773],[-65.543427,-26.968317],[-65.549288,-26.964508],[-65.554281,-26.960308],[-65.56368,-26.958706],[-65.567603,-26.957765],[-65.573539,-26.952078],[-65.573987,-26.949702],[-65.585205,-26.939979],[-65.586879,-26.939152],[-65.592359,-26.933541],[-65.600267,-26.933881],[-65.600273,-26.932402],[-65.604321,-26.931698],[-65.606029,-26.930416],[-65.606563,-26.92858],[-65.611086,-26.93383],[-65.639854,-26.922239],[-65.645553,-26.932601],[-65.656217,-26.927838],[-65.656748,-26.923141],[-65.658463,-26.923087],[-65.663093,-26.911402],[-65.663151,-26.910211],[-65.661041,-26.907577],[-65.660047,-26.904723],[-65.657205,-26.903117],[-65.656943,-26.899302],[-65.652199,-26.890818],[-65.651771,-26.890648],[-65.647394,-26.891042],[-65.647508,-26.892056],[-65.641499,-26.895177],[-65.638902,-26.894142],[-65.639317,-26.885673],[-65.636772,-26.880718],[-65.633638,-26.877325],[-65.633547,-26.87675],[-65.631567,-26.877431],[-65.629481,-26.876064],[-65.628707,-26.87629],[-65.627968,-26.871014],[-65.62833,-26.870263],[-65.627568,-26.864056],[-65.627302,-26.863704],[-65.629845,-26.849907],[-65.628268,-26.847168],[-65.627015,-26.841496],[-65.624377,-26.839073],[-65.624314,-26.835888],[-65.623065,-26.826838],[-65.623968,-26.825262],[-65.62104,-26.825137],[-65.618858,-26.825446],[-65.617928,-26.826941],[-65.618309,-26.836663]]]]}},{"type":"Feature","properties":{"id":"90035","name":"Graneros"},"geometry":{"type":"MultiPolygon","coordinates":[[[[-65.348179,-27.524317],[-65.34678,-27.524896],[-65.346774,-27.525304],[-65.346241,-27.525825],[-65.345143,-27.525888],[-65.345578,-27.527663],[-65.345427,-27.528264],[-65.346017,-27.52904],[-65.345463,-27.52985],[-65.345896,-27.531738],[-65.345393,-27.534259],[-65.344883,-27.534796],[-65.342647,-27.535913],[-65.341667,-27.537119],[-65.337386,-27.537749],[-65.335401,-27.536885],[-65.334602,-27.536005],[-65.334077,-27.536053],[-65.333322,-27.537243],[-65.332573,-27.537338],[-65.332109,-27.538231],[-65.331162,-27.538756],[-65.330136,-27.539778],[-65.328675,-27.540201],[-65.327419,-27.540244],[-65.326539,-27.539308],[-65.325859,-27.539361],[-65.3255,-27.539638],[-65.325417,-27.540052],[-65.325619,-27.540507],[-65.326249,-27.540755],[-65.326246,-27.541235],[-65.325974,-27.541602],[-65.324464,-27.542168],[-65.323239,-27.541926],[-65.32206,-27.542163],[-65.321313,-27.541448],[-65.320539,-27.541513],[-65.318823,-27.540559],[-65.317637,-27.541196],[-65.315402,-27.540557],[-65.313129,-27.539405],[-65.313224,-27.538586],[-65.312829,-27.538283],[-65.311496,-27.538796],[-65.309704,-27.538013],[-65.308963,-27.538274],[-65.30809,-27.538177],[-65.305839,-27.539506],[-65.303768,-27.539632],[-65.301586,-27.540124],[-65.300965,-27.541064],[-65.300931,-27.542293],[-65.299723,-27.543361],[-65.298842,-27.543408],[-65.29772,-27.542975],[-65.296729,-27.54352],[-65.296202,-27.543008],[-65.294893,-27.542907],[-65.294588,-27.542288],[-65.294159,-27.542607],[-65.293257,-27.54278],[-65.293474,-27.543298],[-65.293929,-27.543163],[-65.294348,-27.543397],[-65.295071,-27.54471],[-65.294667,-27.545265],[-65.294044,-27.545117],[-65.293864,-27.545315],[-65.294278,-27.545694],[-65.295345,-27.545551],[-65.295241,-27.546037],[-65.293672,-27.546965],[-65.293234,-27.546561],[-65.293319,-27.545885],[-65.293096,-27.54566],[-65.290969,-27.546894],[-65.29074,-27.546532],[-65.291127,-27.545981],[-65.291038,-27.545494],[-65.289646,-27.545599],[-65.288721,-27.546233],[-65.288212,-27.546036],[-65.288349,-27.545288],[-65.287729,-27.545143],[-65.287199,-27.545368],[-65.287281,-27.545967],[-65.286546,-27.545999],[-65.287174,-27.546695],[-65.286869,-27.547669],[-65.285839,-27.547843],[-65.285576,-27.547477],[-65.285848,-27.547319],[-65.285821,-27.546799],[-65.285472,-27.546676],[-65.28529,-27.546285],[-65.284314,-27.546396],[-65.283667,-27.546911],[-65.282791,-27.547192],[-65.282682,-27.546338],[-65.281932,-27.546074],[-65.280065,-27.547352],[-65.279507,-27.548297],[-65.280487,-27.54971],[-65.280467,-27.550173],[-65.280146,-27.550757],[-65.279531,-27.551064],[-65.279432,-27.552004],[-65.278658,-27.552713],[-65.27845,-27.55324],[-65.276857,-27.552822],[-65.276585,-27.553041],[-65.27674,-27.553381],[-65.276312,-27.553765],[-65.275344,-27.554229],[-65.274365,-27.554244],[-65.274092,-27.554581],[-65.274385,-27.555334],[-65.274758,-27.55538],[-65.274696,-27.55566],[-65.273773,-27.55558],[-65.273387,-27.555027],[-65.272641,-27.554975],[-65.272316,-27.5562],[-65.271601,-27.556883],[-65.271278,-27.557603],[-65.269679,-27.557275],[-65.269552,-27.559006],[-65.268942,-27.558931],[-65.268708,-27.559247],[-65.266988,-27.559557],[-65.266183,-27.559458],[-65.265989,-27.559986],[-65.266284,-27.560213],[-65.265508,-27.560871],[-65.265893,-27.561567],[-65.265506,-27.561883],[-65.263852,-27.562454],[-65.26296,-27.56232],[-65.26252,-27.562711],[-65.261582,-27.562294],[-65.260902,-27.562662],[-65.260676,-27.562444],[-65.260756,-27.562051],[-65.261869,-27.56158],[-65.261604,-27.561138],[-65.260874,-27.561174],[-65.260097,-27.562354],[-65.259281,-27.562366],[-65.259396,-27.56313],[-65.260033,-27.563285],[-65.259813,-27.564024],[-65.258985,-27.56402],[-65.258221,-27.563721],[-65.257952,-27.563124],[-65.257356,-27.562913],[-65.257444,-27.562393],[-65.25668,-27.56257],[-65.255418,-27.563667],[-65.25497,-27.563653],[-65.254365,-27.563268],[-65.255124,-27.562946],[-65.253879,-27.561732],[-65.253763,-27.560945],[-65.252911,-27.560819],[-65.252218,-27.561196],[-65.250445,-27.561396],[-65.249673,-27.561013],[-65.248927,-27.561034],[-65.248548,-27.560286],[-65.247845,-27.560529],[-65.246796,-27.560241],[-65.24621,-27.560522],[-65.245868,-27.560032],[-65.245958,-27.559211],[-65.245708,-27.55904],[-65.244837,-27.559181],[-65.244367,-27.560153],[-65.243455,-27.560496],[-65.242632,-27.560129],[-65.241032,-27.561499],[-65.240769,-27.561284],[-65.241029,-27.560749],[-65.240339,-27.56061],[-65.23963,-27.560063],[-65.239069,-27.560188],[-65.238579,-27.55975],[-65.238114,-27.559946],[-65.235814,-27.55923],[-65.234097,-27.560277],[-65.232507,-27.559661],[-65.232276,-27.558877],[-65.231802,-27.558547],[-65.230772,-27.558404],[-65.230168,-27.559113],[-65.227374,-27.559917],[-65.22685,-27.56041],[-65.225599,-27.560563],[-65.224187,-27.560326],[-65.223714,-27.560526],[-65.223118,-27.561719],[-65.22196,-27.56237],[-65.220162,-27.562632],[-65.217802,-27.563481],[-65.214731,-27.563599],[-65.212923,-27.563355],[-65.212024,-27.563464],[-65.21156,-27.563227],[-65.210584,-27.563461],[-65.21041,-27.562479],[-65.210104,-27.562066],[-65.209514,-27.562284],[-65.208884,-27.562157],[-65.207257,-27.562684],[-65.205632,-27.562339],[-65.205425,-27.562561],[-65.203836,-27.562721],[-65.2028,-27.562178],[-65.201963,-27.562097],[-65.200277,-27.562588],[-65.199722,-27.562365],[-65.199217,-27.563118],[-65.196506,-27.564123],[-65.196446,-27.56483],[-65.19584,-27.565603],[-65.195827,-27.566465],[-65.195274,-27.566543],[-65.194869,-27.567558],[-65.192805,-27.56776],[-65.189672,-27.566354],[-65.188057,-27.567131],[-65.187574,-27.566989],[-65.187073,-27.566469],[-65.186331,-27.566827],[-65.184221,-27.566694],[-65.183805,-27.566489],[-65.183529,-27.56461],[-65.18293,-27.564224],[-65.182269,-27.56457],[-65.179364,-27.564512],[-65.178734,-27.565527],[-65.178668,-27.56656],[-65.178254,-27.566707],[-65.17815,-27.566442],[-65.177749,-27.566407],[-65.177669,-27.566815],[-65.176077,-27.567639],[-65.175059,-27.568537],[-65.172604,-27.568103],[-65.173415,-27.567311],[-65.173366,-27.566922],[-65.172972,-27.566594],[-65.17185,-27.566656],[-65.171083,-27.566322],[-65.169774,-27.5668],[-65.169693,-27.566299],[-65.168706,-27.565586],[-65.169103,-27.566331],[-65.168889,-27.56671],[-65.169255,-27.567666],[-65.168627,-27.56839],[-65.167725,-27.5685],[-65.16745,-27.569146],[-65.167759,-27.56963],[-65.167797,-27.570323],[-65.166688,-27.571011],[-65.166471,-27.57211],[-65.16537,-27.573177],[-65.165205,-27.57504],[-65.164756,-27.575558],[-65.163945,-27.575808],[-65.163345,-27.576611],[-65.163305,-27.577094],[-65.163768,-27.577368],[-65.162991,-27.577861],[-65.163677,-27.578388],[-65.163619,-27.5786],[-65.163252,-27.578984],[-65.162781,-27.578565],[-65.162443,-27.578558],[-65.162112,-27.57919],[-65.161429,-27.579431],[-65.161511,-27.580259],[-65.162252,-27.58072],[-65.162473,-27.581501],[-65.161124,-27.582261],[-65.159859,-27.583635],[-65.159062,-27.58569],[-65.157072,-27.585291],[-65.156516,-27.58572],[-65.153285,-27.586459],[-65.153019,-27.586601],[-65.152969,-27.587103],[-65.15245,-27.587824],[-65.150866,-27.586779],[-65.15066,-27.586832],[-65.150456,-27.587615],[-65.149678,-27.587367],[-65.148062,-27.587557],[-65.147874,-27.587415],[-65.148087,-27.586855],[-65.147051,-27.586659],[-65.146435,-27.586198],[-65.145449,-27.584726],[-65.144222,-27.584218],[-65.14237,-27.584204],[-65.141789,-27.583887],[-65.141099,-27.583017],[-65.140268,-27.583171],[-65.139533,-27.582253],[-65.137729,-27.582075],[-65.136674,-27.581374],[-65.135214,-27.582111],[-65.134828,-27.581261],[-65.13307,-27.580025],[-65.12926,-27.578641],[-65.128333,-27.577959],[-65.127146,-27.578417],[-65.12549,-27.577709],[-65.124218,-27.578161],[-65.123176,-27.577498],[-65.120954,-27.577231],[-65.118832,-27.57633],[-65.118031,-27.575271],[-65.118043,-27.574578],[-65.11705,-27.573924],[-65.117255,-27.573297],[-65.116907,-27.572846],[-65.115679,-27.572454],[-65.115217,-27.571806],[-65.115129,-27.571306],[-65.115522,-27.570965],[-65.117101,-27.571149],[-65.117712,-27.571456],[-65.117359,-27.571176],[-65.117296,-27.570591],[-65.11696,-27.570616],[-65.116856,-27.570148],[-65.11654,-27.570194],[-65.116336,-27.569751],[-65.115815,-27.569545],[-65.115061,-27.568189],[-65.114386,-27.56828],[-65.112058,-27.569948],[-65.111036,-27.570166],[-65.110213,-27.570634],[-65.10837,-27.570149],[-65.107781,-27.569596],[-65.10632,-27.569516],[-65.105501,-27.569144],[-65.104541,-27.569283],[-65.103096,-27.57],[-65.100741,-27.570101],[-65.099309,-27.570872],[-65.098033,-27.572303],[-65.098,-27.573844],[-65.098711,-27.57522],[-65.098624,-27.576168],[-65.097633,-27.577097],[-65.096914,-27.579888],[-65.095543,-27.581537],[-65.094534,-27.581655],[-65.093659,-27.582289],[-65.092777,-27.582119],[-65.091149,-27.581347],[-65.088877,-27.581686],[-65.0869,-27.581552],[-65.083774,-27.582243],[-65.082587,-27.582311],[-65.080496,-27.581946],[-65.079172,-27.58209],[-65.078386,-27.582835],[-65.074991,-27.583039],[-65.074065,-27.583366],[-65.073109,-27.584303],[-65.072541,-27.585692],[-65.071887,-27.586581],[-65.071057,-27.586969],[-65.06877,-27.585684],[-65.066477,-27.582832],[-65.065474,-27.582118],[-65.063904,-27.581467],[-65.061773,-27.581096],[-65.061141,-27.580678],[-65.06061,-27.579655],[-65.060657,-27.579022],[-65.061974,-27.57897],[-65.062148,-27.577939],[-65.061495,-27.576953],[-65.060395,-27.576503],[-65.058796,-27.576443],[-65.057757,-27.575454],[-65.057324,-27.574468],[-65.055888,-27.574655],[-65.054993,-27.576073],[-65.054272,-27.57656],[-65.051841,-27.577034],[-65.0462,-27.578715],[-65.044327,-27.578407],[-65.039152,-27.576625],[-65.038396,-27.57678],[-65.03533,-27.577943],[-65.035598,-27.58025],[-65.030716,-27.582221],[-65.028384,-27.579194],[-65.028717,-27.577206],[-65.027509,-27.575244],[-65.028046,-27.574074],[-65.031203,-27.573652],[-65.026743,-27.568359],[-65.027768,-27.566194],[-65.02767,-27.562567],[-65.024248,-27.559542],[-65.021579,-27.560366],[-65.020711,-27.562071],[-65.021569,-27.56288],[-65.020905,-27.563845],[-65.017509,-27.56417],[-65.01196,-27.56603],[-65.012854,-27.57318],[-65.015233,-27.576274],[-65.020706,-27.575798],[-65.024275,-27.577939],[-65.025941,-27.584602],[-65.027115,-27.587145],[-65.018505,-27.626718],[-64.986025,-27.741646],[-65.028142,-27.752711],[-65.01672,-27.789235],[-65.016273,-27.792373],[-65.029867,-27.840751],[-65.039037,-27.879261],[-65.088054,-27.892868],[-65.102588,-27.893301],[-65.107995,-27.893196],[-65.143101,-27.885276],[-65.142376,-27.881243],[-65.159584,-27.877019],[-65.169542,-27.917673],[-65.178132,-27.916417],[-65.170798,-27.946465],[-65.364667,-27.845792],[-65.365788,-27.845841],[-65.36653,-27.846888],[-65.367387,-27.846983],[-65.370071,-27.846678],[-65.370884,-27.846145],[-65.372103,-27.846565],[-65.373828,-27.848231],[-65.375196,-27.848231],[-65.375732,-27.848528],[-65.37597,-27.849004],[-65.377457,-27.84942],[-65.380134,-27.850967],[-65.381859,-27.852395],[-65.382989,-27.854239],[-65.387926,-27.855072],[-65.38977,-27.855072],[-65.392566,-27.856559],[-65.394113,-27.856916],[-65.395779,-27.859771],[-65.397028,-27.862805],[-65.397266,-27.864292],[-65.400597,-27.86804],[-65.402976,-27.869765],[-65.405356,-27.872739],[-65.411542,-27.87613],[-65.413268,-27.876665],[-65.415171,-27.877855],[-65.41874,-27.880948],[-65.420228,-27.882673],[-65.423202,-27.884101],[-65.425105,-27.88416],[-65.430227,-27.883533],[-65.43143,-27.884463],[-65.431994,-27.884638],[-65.432868,-27.884301],[-65.433546,-27.883533],[-65.433975,-27.883819],[-65.435153,-27.886406],[-65.436201,-27.886491],[-65.419258,-27.80289],[-65.41571,-27.798372],[-65.414937,-27.796494],[-65.430009,-27.793436],[-65.47282,-27.788324],[-65.464014,-27.760696],[-65.483231,-27.756305],[-65.480255,-27.742563],[-65.503933,-27.738183],[-65.494144,-27.694303],[-65.505275,-27.692214],[-65.499428,-27.667152],[-65.520292,-27.663544],[-65.516037,-27.642593],[-65.512626,-27.627395],[-65.516444,-27.625405],[-65.521008,-27.623707],[-65.521972,-27.622791],[-65.522189,-27.621593],[-65.521673,-27.621096],[-65.51941,-27.620418],[-65.518904,-27.619881],[-65.517929,-27.619619],[-65.517494,-27.61913],[-65.516091,-27.618416],[-65.515917,-27.617948],[-65.514966,-27.617808],[-65.513824,-27.618335],[-65.51247,-27.617932],[-65.511851,-27.617039],[-65.511271,-27.614121],[-65.51168,-27.613411],[-65.512587,-27.612742],[-65.515179,-27.611675],[-65.517128,-27.611588],[-65.519774,-27.613272],[-65.520587,-27.614694],[-65.520817,-27.615648],[-65.522632,-27.617657],[-65.52779,-27.620522],[-65.529776,-27.622159],[-65.532296,-27.622768],[-65.533819,-27.622356],[-65.535178,-27.621513],[-65.520351,-27.561744],[-65.519723,-27.561859],[-65.516747,-27.550285],[-65.518195,-27.549843],[-65.518056,-27.549373],[-65.518329,-27.549329],[-65.516831,-27.543184],[-65.515129,-27.542689],[-65.513587,-27.542325],[-65.506826,-27.542049],[-65.504833,-27.541003],[-65.502471,-27.540512],[-65.497293,-27.541097],[-65.495103,-27.541561],[-65.493593,-27.540981],[-65.492366,-27.541291],[-65.491459,-27.540922],[-65.490153,-27.541464],[-65.489531,-27.540877],[-65.486585,-27.54184],[-65.487206,-27.544432],[-65.485246,-27.544754],[-65.484289,-27.543088],[-65.483499,-27.538934],[-65.479543,-27.538477],[-65.480047,-27.543018],[-65.479314,-27.54315],[-65.478713,-27.542823],[-65.479037,-27.541075],[-65.478695,-27.540535],[-65.479129,-27.539693],[-65.479685,-27.539395],[-65.479437,-27.539093],[-65.478871,-27.539123],[-65.478516,-27.539419],[-65.477315,-27.539339],[-65.476632,-27.539696],[-65.476393,-27.539525],[-65.47593,-27.540371],[-65.475657,-27.539743],[-65.475352,-27.539806],[-65.474623,-27.538747],[-65.474092,-27.538792],[-65.473979,-27.538131],[-65.472421,-27.538182],[-65.472598,-27.538521],[-65.472342,-27.539025],[-65.471775,-27.539191],[-65.471619,-27.54056],[-65.471119,-27.540845],[-65.470496,-27.540761],[-65.46995,-27.541526],[-65.469223,-27.541095],[-65.468306,-27.540935],[-65.468238,-27.540151],[-65.466728,-27.540127],[-65.465418,-27.539647],[-65.464791,-27.539773],[-65.464453,-27.539383],[-65.463925,-27.53924],[-65.463374,-27.539364],[-65.461929,-27.537999],[-65.460968,-27.538153],[-65.460679,-27.538786],[-65.460013,-27.538982],[-65.460318,-27.539533],[-65.460221,-27.539989],[-65.458916,-27.539798],[-65.458699,-27.539669],[-65.458627,-27.538781],[-65.457802,-27.538714],[-65.457643,-27.538492],[-65.458009,-27.538154],[-65.458516,-27.538137],[-65.458168,-27.537341],[-65.457596,-27.537102],[-65.457219,-27.537229],[-65.457127,-27.537683],[-65.456214,-27.538512],[-65.456015,-27.538137],[-65.455628,-27.538183],[-65.455563,-27.53789],[-65.456404,-27.537159],[-65.455963,-27.536734],[-65.45509,-27.537116],[-65.455215,-27.537592],[-65.45485,-27.538198],[-65.454574,-27.538104],[-65.453901,-27.536859],[-65.453082,-27.536626],[-65.452048,-27.536921],[-65.45183,-27.537415],[-65.452198,-27.538217],[-65.451366,-27.538935],[-65.451798,-27.539184],[-65.452094,-27.538999],[-65.452406,-27.539389],[-65.452115,-27.53978],[-65.450982,-27.540112],[-65.449053,-27.539518],[-65.44831,-27.539718],[-65.447765,-27.539604],[-65.448025,-27.539251],[-65.44789,-27.538865],[-65.4473,-27.538642],[-65.446659,-27.538869],[-65.445472,-27.540141],[-65.44312,-27.53999],[-65.443059,-27.539713],[-65.441938,-27.539104],[-65.441806,-27.538684],[-65.440855,-27.538489],[-65.440858,-27.53811],[-65.440485,-27.537938],[-65.440029,-27.53893],[-65.439307,-27.539335],[-65.438931,-27.538949],[-65.438194,-27.539131],[-65.437624,-27.538917],[-65.437433,-27.539394],[-65.435394,-27.540158],[-65.435228,-27.540449],[-65.434413,-27.540251],[-65.433598,-27.540528],[-65.433465,-27.540781],[-65.433175,-27.540471],[-65.432726,-27.540596],[-65.432466,-27.540186],[-65.430392,-27.539828],[-65.428954,-27.540159],[-65.42762,-27.539546],[-65.426056,-27.540181],[-65.425934,-27.53984],[-65.425132,-27.539422],[-65.424311,-27.539474],[-65.423351,-27.538775],[-65.422787,-27.538714],[-65.422459,-27.538921],[-65.422409,-27.539553],[-65.42157,-27.540118],[-65.420701,-27.540254],[-65.420733,-27.540835],[-65.419915,-27.541213],[-65.419357,-27.540995],[-65.419308,-27.540683],[-65.418358,-27.540685],[-65.418409,-27.540092],[-65.418118,-27.539627],[-65.41779,-27.540011],[-65.416762,-27.539518],[-65.416276,-27.539614],[-65.416028,-27.539824],[-65.416057,-27.540577],[-65.415197,-27.540454],[-65.414594,-27.540707],[-65.413773,-27.540096],[-65.413845,-27.539593],[-65.413035,-27.538952],[-65.412353,-27.539135],[-65.411859,-27.539588],[-65.410865,-27.538425],[-65.409997,-27.538299],[-65.408833,-27.538899],[-65.408854,-27.539242],[-65.408365,-27.539529],[-65.408055,-27.540198],[-65.407263,-27.540375],[-65.406696,-27.539342],[-65.407153,-27.538394],[-65.406349,-27.538008],[-65.406274,-27.537663],[-65.405851,-27.537756],[-65.405774,-27.537532],[-65.406275,-27.537056],[-65.405973,-27.536555],[-65.405,-27.536832],[-65.404664,-27.537444],[-65.40475,-27.53797],[-65.404091,-27.537769],[-65.403707,-27.537949],[-65.403331,-27.538619],[-65.402095,-27.537202],[-65.401089,-27.537503],[-65.400733,-27.537866],[-65.400797,-27.538294],[-65.400477,-27.537949],[-65.399574,-27.537907],[-65.399637,-27.537457],[-65.40012,-27.537246],[-65.400461,-27.5374],[-65.400465,-27.537006],[-65.400974,-27.536731],[-65.400736,-27.536214],[-65.400336,-27.536198],[-65.400219,-27.535877],[-65.400597,-27.535636],[-65.401067,-27.535739],[-65.401953,-27.534692],[-65.401774,-27.534297],[-65.400798,-27.534184],[-65.400836,-27.533237],[-65.399973,-27.53268],[-65.399524,-27.532977],[-65.399083,-27.532838],[-65.398705,-27.533387],[-65.398569,-27.533269],[-65.398801,-27.532752],[-65.398584,-27.532457],[-65.397915,-27.533204],[-65.397491,-27.533036],[-65.397252,-27.532329],[-65.396358,-27.532645],[-65.395779,-27.532416],[-65.395639,-27.532549],[-65.395847,-27.532899],[-65.394988,-27.53332],[-65.395113,-27.533719],[-65.394707,-27.533681],[-65.394448,-27.534082],[-65.394141,-27.533879],[-65.393585,-27.534041],[-65.393382,-27.533953],[-65.393488,-27.533546],[-65.393279,-27.533139],[-65.393668,-27.53307],[-65.393601,-27.532722],[-65.392975,-27.532497],[-65.392851,-27.532704],[-65.392356,-27.532622],[-65.392273,-27.532976],[-65.392701,-27.532964],[-65.392146,-27.533293],[-65.391205,-27.532859],[-65.390888,-27.532341],[-65.390986,-27.532061],[-65.390341,-27.531652],[-65.389564,-27.531782],[-65.38955,-27.532399],[-65.38892,-27.531781],[-65.388448,-27.531926],[-65.387676,-27.531694],[-65.387136,-27.531209],[-65.386881,-27.5313],[-65.386852,-27.531646],[-65.386367,-27.53182],[-65.385908,-27.531222],[-65.38582,-27.530385],[-65.385406,-27.530627],[-65.385157,-27.530171],[-65.38472,-27.530278],[-65.384537,-27.529966],[-65.383571,-27.530341],[-65.383504,-27.530877],[-65.382646,-27.530664],[-65.382671,-27.530982],[-65.382405,-27.531052],[-65.380726,-27.530632],[-65.379359,-27.530866],[-65.378992,-27.530301],[-65.37842,-27.530207],[-65.377918,-27.530443],[-65.376464,-27.530154],[-65.375798,-27.530425],[-65.375699,-27.529889],[-65.374912,-27.529842],[-65.374131,-27.52926],[-65.373166,-27.528943],[-65.372673,-27.528451],[-65.372286,-27.528615],[-65.371865,-27.528014],[-65.371206,-27.528185],[-65.370385,-27.527775],[-65.368482,-27.528196],[-65.367633,-27.528755],[-65.367244,-27.529756],[-65.366585,-27.529781],[-65.366414,-27.530057],[-65.363324,-27.529737],[-65.361291,-27.530319],[-65.359938,-27.529046],[-65.359789,-27.528552],[-65.360324,-27.527633],[-65.359544,-27.527157],[-65.359515,-27.526648],[-65.358884,-27.526191],[-65.35748,-27.526518],[-65.353942,-27.52623],[-65.353479,-27.525639],[-65.352906,-27.525372],[-65.349966,-27.525474],[-65.349192,-27.524654],[-65.348179,-27.524317]]]]}},{"type":"Feature","properties":{"id":"90042","name":"Juan Bautista Alberdi"},"geometry":{"type":"MultiPolygon","coordinates":[[[[-65.780027,-27.532131],[-65.779214,-27.532193],[-65.778667,-27.53138],[-65.777352,-27.531013],[-65.776437,-27.532447],[-65.774676,-27.533152],[-65.773604,-27.533249],[-65.771093,-27.532295],[-65.770088,-27.530967],[-65.767697,-27.530126],[-65.765194,-27.531139],[-65.763513,-27.532248],[-65.763123,-27.530517],[-65.762332,-27.530395],[-65.761063,-27.530867],[-65.758393,-27.529903],[-65.75838,-27.529503],[-65.758899,-27.528987],[-65.758939,-27.527577],[-65.759243,-27.527254],[-65.758957,-27.526869],[-65.758568,-27.526786],[-65.757991,-27.527024],[-65.757481,-27.528265],[-65.756679,-27.52924],[-65.756076,-27.529602],[-65.754941,-27.529162],[-65.754685,-27.528447],[-65.754151,-27.528699],[-65.753788,-27.528497],[-65.75314,-27.52861],[-65.752324,-27.528048],[-65.7519,-27.528074],[-65.75178,-27.528431],[-65.75212,-27.530105],[-65.75144,-27.531216],[-65.752189,-27.531694],[-65.752274,-27.532205],[-65.75183,-27.532503],[-65.749587,-27.532249],[-65.750549,-27.534226],[-65.750227,-27.534704],[-65.749374,-27.534613],[-65.748591,-27.536084],[-65.749378,-27.538046],[-65.749351,-27.538813],[-65.748965,-27.53909],[-65.746806,-27.538797],[-65.743493,-27.539654],[-65.743188,-27.539159],[-65.743128,-27.538431],[-65.742729,-27.538092],[-65.740019,-27.538844],[-65.739965,-27.539316],[-65.740461,-27.540347],[-65.739967,-27.540897],[-65.738378,-27.539575],[-65.737656,-27.539412],[-65.736071,-27.539639],[-65.734368,-27.538376],[-65.733773,-27.538628],[-65.733034,-27.539936],[-65.73177,-27.53978],[-65.730779,-27.540552],[-65.727637,-27.539017],[-65.727206,-27.539577],[-65.726967,-27.541275],[-65.726451,-27.54153],[-65.725381,-27.54124],[-65.724686,-27.540301],[-65.724247,-27.540612],[-65.723468,-27.54052],[-65.723048,-27.540143],[-65.722418,-27.539367],[-65.722369,-27.538829],[-65.72311,-27.537821],[-65.720838,-27.538365],[-65.719886,-27.537327],[-65.718306,-27.537974],[-65.717957,-27.537747],[-65.717878,-27.537046],[-65.715761,-27.5368],[-65.714908,-27.537027],[-65.714089,-27.536312],[-65.712054,-27.537163],[-65.711297,-27.537118],[-65.710964,-27.536292],[-65.711402,-27.535666],[-65.713102,-27.535994],[-65.713758,-27.53567],[-65.712801,-27.534965],[-65.709773,-27.534802],[-65.707147,-27.53686],[-65.705113,-27.536102],[-65.703509,-27.53615],[-65.702161,-27.5376],[-65.701832,-27.537729],[-65.701453,-27.5375],[-65.701496,-27.537127],[-65.702016,-27.536759],[-65.701785,-27.536737],[-65.699805,-27.538255],[-65.699587,-27.537331],[-65.699124,-27.536943],[-65.699608,-27.536322],[-65.699392,-27.535579],[-65.698997,-27.53592],[-65.698966,-27.536475],[-65.698437,-27.536768],[-65.698123,-27.536607],[-65.697434,-27.535373],[-65.696919,-27.535048],[-65.696426,-27.53606],[-65.695507,-27.535533],[-65.69463,-27.535476],[-65.694042,-27.536146],[-65.693687,-27.536229],[-65.692949,-27.536048],[-65.692793,-27.535637],[-65.693225,-27.535356],[-65.692844,-27.53525],[-65.692569,-27.535443],[-65.69273,-27.536139],[-65.692492,-27.536254],[-65.692,-27.535773],[-65.692181,-27.534493],[-65.691822,-27.533998],[-65.691484,-27.534097],[-65.69134,-27.53472],[-65.691041,-27.534956],[-65.690704,-27.534912],[-65.690353,-27.534473],[-65.689835,-27.534736],[-65.689238,-27.535504],[-65.689783,-27.536105],[-65.687841,-27.537006],[-65.687554,-27.536935],[-65.687424,-27.536546],[-65.687993,-27.535988],[-65.687508,-27.53584],[-65.687756,-27.53546],[-65.687077,-27.535091],[-65.685761,-27.53498],[-65.685117,-27.535536],[-65.683813,-27.535807],[-65.683713,-27.535449],[-65.68408,-27.534667],[-65.682538,-27.534153],[-65.68038,-27.534024],[-65.67974,-27.53351],[-65.679741,-27.53293],[-65.679138,-27.532397],[-65.678792,-27.53159],[-65.678011,-27.531571],[-65.677583,-27.531885],[-65.677096,-27.53169],[-65.676954,-27.532419],[-65.676718,-27.532527],[-65.676149,-27.532127],[-65.675908,-27.531482],[-65.675266,-27.53155],[-65.674864,-27.530402],[-65.673502,-27.529436],[-65.671879,-27.529847],[-65.671238,-27.529552],[-65.671098,-27.529675],[-65.671774,-27.528586],[-65.673382,-27.528128],[-65.67316,-27.527138],[-65.671783,-27.526369],[-65.670727,-27.525043],[-65.668023,-27.524963],[-65.667483,-27.523069],[-65.666932,-27.522389],[-65.665019,-27.521645],[-65.663807,-27.521461],[-65.662725,-27.520273],[-65.662327,-27.520403],[-65.662656,-27.521023],[-65.664082,-27.521866],[-65.664658,-27.521935],[-65.664965,-27.522345],[-65.664676,-27.523068],[-65.664023,-27.52339],[-65.663088,-27.523282],[-65.662159,-27.522597],[-65.661605,-27.522771],[-65.661654,-27.522974],[-65.662763,-27.52342],[-65.663418,-27.524391],[-65.663405,-27.524829],[-65.663,-27.525213],[-65.663115,-27.525716],[-65.662823,-27.526401],[-65.662991,-27.526974],[-65.662792,-27.52724],[-65.662058,-27.527277],[-65.661582,-27.526794],[-65.66135,-27.527162],[-65.66078,-27.527253],[-65.660429,-27.527073],[-65.660541,-27.526714],[-65.660283,-27.526452],[-65.660097,-27.526937],[-65.65956,-27.527126],[-65.659278,-27.526624],[-65.658909,-27.526508],[-65.657808,-27.52676],[-65.658002,-27.527614],[-65.654462,-27.526962],[-65.653503,-27.526256],[-65.651154,-27.527059],[-65.64983,-27.527187],[-65.649411,-27.525988],[-65.650586,-27.52631],[-65.650859,-27.525736],[-65.651739,-27.525548],[-65.651855,-27.525321],[-65.65107,-27.52404],[-65.64986,-27.524378],[-65.649401,-27.524261],[-65.649493,-27.523762],[-65.649258,-27.523182],[-65.650099,-27.523036],[-65.649758,-27.522434],[-65.647915,-27.522201],[-65.648797,-27.52026],[-65.647244,-27.520664],[-65.647106,-27.520364],[-65.646408,-27.520173],[-65.646164,-27.519773],[-65.646834,-27.518589],[-65.646259,-27.518896],[-65.645512,-27.518793],[-65.643819,-27.517655],[-65.643532,-27.517709],[-65.643684,-27.51834],[-65.643433,-27.519084],[-65.643035,-27.519183],[-65.642694,-27.518851],[-65.642565,-27.519364],[-65.642017,-27.519457],[-65.641007,-27.518872],[-65.640868,-27.518204],[-65.640382,-27.51783],[-65.639535,-27.51878],[-65.637951,-27.518375],[-65.637074,-27.518968],[-65.636689,-27.518141],[-65.635923,-27.517683],[-65.634647,-27.517274],[-65.632703,-27.517384],[-65.632538,-27.51666],[-65.632271,-27.516663],[-65.632083,-27.517125],[-65.631324,-27.517657],[-65.630608,-27.517722],[-65.63024,-27.517389],[-65.629369,-27.518291],[-65.628688,-27.517993],[-65.628764,-27.517053],[-65.6285,-27.51691],[-65.62809,-27.517924],[-65.628336,-27.51832],[-65.628017,-27.518494],[-65.628556,-27.518944],[-65.62835,-27.519336],[-65.627138,-27.519277],[-65.625659,-27.520078],[-65.624415,-27.519411],[-65.624304,-27.51982],[-65.624972,-27.520322],[-65.624994,-27.520804],[-65.624059,-27.521012],[-65.622988,-27.520429],[-65.622634,-27.520817],[-65.622976,-27.521223],[-65.622732,-27.52153],[-65.619452,-27.521419],[-65.61821,-27.521702],[-65.616956,-27.521388],[-65.616444,-27.520836],[-65.616623,-27.520347],[-65.617538,-27.520282],[-65.617725,-27.519893],[-65.617674,-27.519527],[-65.616295,-27.517699],[-65.61591,-27.517801],[-65.615865,-27.518288],[-65.61548,-27.51844],[-65.615825,-27.519023],[-65.615031,-27.519081],[-65.613727,-27.518717],[-65.612992,-27.517653],[-65.612323,-27.517765],[-65.611898,-27.517323],[-65.611857,-27.516869],[-65.611324,-27.517026],[-65.610652,-27.51679],[-65.60977,-27.517015],[-65.609507,-27.516396],[-65.6089,-27.515897],[-65.607542,-27.516628],[-65.606716,-27.516186],[-65.606512,-27.516804],[-65.606029,-27.517085],[-65.60469,-27.517058],[-65.604533,-27.516315],[-65.603749,-27.51708],[-65.603008,-27.5172],[-65.601425,-27.515847],[-65.601713,-27.516849],[-65.600733,-27.516611],[-65.599803,-27.517159],[-65.598665,-27.516863],[-65.597693,-27.517174],[-65.595247,-27.517288],[-65.593064,-27.516438],[-65.592366,-27.51692],[-65.588825,-27.517832],[-65.587201,-27.518887],[-65.583934,-27.519578],[-65.581064,-27.519212],[-65.579068,-27.51857],[-65.577661,-27.519391],[-65.576884,-27.520555],[-65.577448,-27.521424],[-65.577602,-27.522129],[-65.576516,-27.524775],[-65.575267,-27.525485],[-65.574887,-27.525362],[-65.574347,-27.525926],[-65.57357,-27.526236],[-65.572885,-27.52717],[-65.57111,-27.527402],[-65.570431,-27.527931],[-65.569896,-27.527763],[-65.568492,-27.528741],[-65.567501,-27.528874],[-65.566437,-27.52857],[-65.565664,-27.529212],[-65.565059,-27.529155],[-65.562055,-27.531459],[-65.561334,-27.531657],[-65.559207,-27.534649],[-65.557161,-27.535138],[-65.556295,-27.535887],[-65.555549,-27.535649],[-65.554466,-27.536231],[-65.55288,-27.538388],[-65.551176,-27.539566],[-65.548973,-27.540002],[-65.547954,-27.540408],[-65.547497,-27.540973],[-65.545327,-27.541399],[-65.544127,-27.54219],[-65.543784,-27.541971],[-65.543116,-27.542181],[-65.539327,-27.542024],[-65.537779,-27.542331],[-65.537499,-27.541921],[-65.536557,-27.541985],[-65.535422,-27.541379],[-65.531872,-27.543334],[-65.528621,-27.543905],[-65.527192,-27.54386],[-65.52254,-27.545462],[-65.520455,-27.545221],[-65.519466,-27.544818],[-65.517601,-27.543425],[-65.516831,-27.543184],[-65.518329,-27.549329],[-65.518056,-27.549373],[-65.518195,-27.549843],[-65.516747,-27.550285],[-65.519723,-27.561859],[-65.520351,-27.561744],[-65.535172,-27.621489],[-65.536289,-27.620297],[-65.537039,-27.617752],[-65.538162,-27.61559],[-65.538375,-27.614881],[-65.538124,-27.613127],[-65.539634,-27.61157],[-65.539841,-27.611072],[-65.540693,-27.610494],[-65.542236,-27.610265],[-65.544241,-27.609319],[-65.549641,-27.608981],[-65.55231,-27.609671],[-65.55371,-27.610518],[-65.554319,-27.611417],[-65.555346,-27.612245],[-65.556498,-27.612825],[-65.560254,-27.613771],[-65.564508,-27.61546],[-65.567016,-27.616019],[-65.568666,-27.617143],[-65.569287,-27.617017],[-65.569661,-27.616612],[-65.569637,-27.61545],[-65.570013,-27.614852],[-65.57079,-27.614377],[-65.571189,-27.61438],[-65.572707,-27.615489],[-65.574105,-27.617118],[-65.575913,-27.618185],[-65.577216,-27.619428],[-65.579277,-27.620324],[-65.580928,-27.620493],[-65.581102,-27.620881],[-65.582323,-27.620872],[-65.583659,-27.621259],[-65.584165,-27.621746],[-65.584584,-27.622911],[-65.585724,-27.6233],[-65.587004,-27.623302],[-65.588078,-27.622757],[-65.588148,-27.621885],[-65.58772,-27.620993],[-65.587777,-27.620139],[-65.588894,-27.618228],[-65.589946,-27.617441],[-65.591331,-27.615636],[-65.591988,-27.615453],[-65.593819,-27.615973],[-65.594526,-27.61583],[-65.595755,-27.614822],[-65.596477,-27.614828],[-65.597374,-27.615807],[-65.597408,-27.616482],[-65.595486,-27.61743],[-65.595157,-27.61794],[-65.595205,-27.618364],[-65.595952,-27.619144],[-65.598355,-27.619364],[-65.599881,-27.620304],[-65.599658,-27.621364],[-65.598048,-27.62213],[-65.597724,-27.622529],[-65.597553,-27.623415],[-65.597962,-27.624332],[-65.59867,-27.62472],[-65.599626,-27.624377],[-65.602869,-27.624205],[-65.604543,-27.624957],[-65.605594,-27.625095],[-65.607127,-27.624824],[-65.607571,-27.625024],[-65.608068,-27.624365],[-65.610437,-27.624451],[-65.61099,-27.624799],[-65.611511,-27.625681],[-65.611338,-27.62838],[-65.610963,-27.62874],[-65.611057,-27.629547],[-65.612906,-27.629839],[-65.614869,-27.630541],[-65.616309,-27.630686],[-65.618744,-27.632158],[-65.619692,-27.631912],[-65.620231,-27.630561],[-65.621216,-27.62948],[-65.622943,-27.62924],[-65.623898,-27.629481],[-65.625703,-27.630554],[-65.627574,-27.631089],[-65.629456,-27.630769],[-65.63189,-27.63125],[-65.633494,-27.632905],[-65.634768,-27.631453],[-65.636225,-27.630422],[-65.639131,-27.630037],[-65.640463,-27.630759],[-65.642136,-27.632123],[-65.646635,-27.634112],[-65.649431,-27.633355],[-65.65369,-27.634627],[-65.658079,-27.633837],[-65.660189,-27.635008],[-65.662785,-27.635878],[-65.664333,-27.636013],[-65.666805,-27.634782],[-65.668187,-27.634768],[-65.670063,-27.635249],[-65.671426,-27.636163],[-65.672107,-27.636182],[-65.67715,-27.634545],[-65.678722,-27.634612],[-65.681493,-27.635255],[-65.682166,-27.634003],[-65.683179,-27.633074],[-65.686538,-27.631326],[-65.68938,-27.630955],[-65.691095,-27.631034],[-65.692294,-27.629009],[-65.693488,-27.627897],[-65.694077,-27.626843],[-65.694924,-27.622242],[-65.694658,-27.620734],[-65.696052,-27.618431],[-65.700631,-27.61789],[-65.701982,-27.617305],[-65.703234,-27.61626],[-65.707316,-27.611776],[-65.710238,-27.60972],[-65.710866,-27.609741],[-65.711756,-27.610525],[-65.712486,-27.610628],[-65.713871,-27.610108],[-65.714546,-27.610144],[-65.717329,-27.609368],[-65.720652,-27.609153],[-65.72224,-27.609463],[-65.725098,-27.610654],[-65.731815,-27.611211],[-65.732364,-27.611408],[-65.734324,-27.612951],[-65.735056,-27.614208],[-65.736238,-27.61886],[-65.737543,-27.62113],[-65.740642,-27.624944],[-65.74187,-27.628014],[-65.742532,-27.628825],[-65.743792,-27.629768],[-65.744485,-27.630773],[-65.744318,-27.632665],[-65.742018,-27.634684],[-65.741983,-27.635004],[-65.742651,-27.635365],[-65.745683,-27.635975],[-65.748811,-27.638056],[-65.749632,-27.639265],[-65.750117,-27.640742],[-65.750073,-27.643411],[-65.750326,-27.64522],[-65.750345,-27.646729],[-65.749934,-27.649516],[-65.750505,-27.650652],[-65.751164,-27.651357],[-65.751675,-27.655353],[-65.752689,-27.65699],[-65.752422,-27.657633],[-65.751915,-27.658073],[-65.752051,-27.658408],[-65.752372,-27.658502],[-65.751592,-27.660392],[-65.750791,-27.660925],[-65.751306,-27.661395],[-65.751203,-27.661852],[-65.751715,-27.66339],[-65.751539,-27.663814],[-65.750474,-27.66424],[-65.751025,-27.664807],[-65.749983,-27.666453],[-65.749801,-27.66852],[-65.748793,-27.669421],[-65.748144,-27.671182],[-65.747044,-27.672547],[-65.745065,-27.674298],[-65.744835,-27.676034],[-65.744569,-27.67638],[-65.743092,-27.677254],[-65.741542,-27.679254],[-65.741976,-27.679045],[-65.744679,-27.679073],[-65.745922,-27.678763],[-65.746316,-27.678936],[-65.746195,-27.6799],[-65.745763,-27.680454],[-65.745702,-27.680982],[-65.746326,-27.681023],[-65.746244,-27.681778],[-65.746662,-27.681946],[-65.746743,-27.682273],[-65.745755,-27.684414],[-65.745731,-27.685081],[-65.746449,-27.685624],[-65.746392,-27.68613],[-65.746801,-27.686855],[-65.746554,-27.687315],[-65.747555,-27.687591],[-65.747933,-27.688049],[-65.746235,-27.688906],[-65.746997,-27.68941],[-65.747197,-27.690103],[-65.747807,-27.690072],[-65.747853,-27.690282],[-65.74714,-27.690826],[-65.746642,-27.691683],[-65.746698,-27.692722],[-65.749494,-27.696052],[-65.750137,-27.696304],[-65.752313,-27.69621],[-65.753068,-27.696703],[-65.753268,-27.697686],[-65.751709,-27.699118],[-65.751263,-27.699694],[-65.751151,-27.700402],[-65.752038,-27.701144],[-65.753274,-27.701394],[-65.754502,-27.7026],[-65.754544,-27.703024],[-65.754024,-27.703408],[-65.753893,-27.703946],[-65.754151,-27.70485],[-65.754754,-27.706082],[-65.756049,-27.707778],[-65.756075,-27.708828],[-65.756511,-27.709241],[-65.757038,-27.710511],[-65.756416,-27.713295],[-65.75757,-27.717568],[-65.757566,-27.719141],[-65.758018,-27.720671],[-65.759686,-27.720898],[-65.761103,-27.720451],[-65.761911,-27.720767],[-65.762264,-27.721307],[-65.762115,-27.721965],[-65.761107,-27.723106],[-65.760792,-27.724002],[-65.761294,-27.725442],[-65.760916,-27.727306],[-65.76135,-27.727719],[-65.762489,-27.727741],[-65.76313,-27.728487],[-65.762583,-27.729709],[-65.761436,-27.730754],[-65.760868,-27.732146],[-65.76111,-27.732423],[-65.761742,-27.732343],[-65.763543,-27.733251],[-65.763446,-27.734696],[-65.762852,-27.735864],[-65.762547,-27.736015],[-65.762723,-27.736479],[-65.762464,-27.737249],[-65.7634,-27.737318],[-65.764957,-27.738208],[-65.76593,-27.738412],[-65.767453,-27.739535],[-65.768017,-27.739442],[-65.768694,-27.73975],[-65.769618,-27.740417],[-65.770008,-27.741272],[-65.769793,-27.741779],[-65.7674,-27.741743],[-65.766496,-27.74207],[-65.766155,-27.742919],[-65.766801,-27.743416],[-65.765546,-27.744171],[-65.764536,-27.746044],[-65.764328,-27.747294],[-65.76289,-27.74752],[-65.762162,-27.74716],[-65.761153,-27.747389],[-65.75922,-27.747294],[-65.759093,-27.747774],[-65.759507,-27.747887],[-65.759952,-27.748467],[-65.759243,-27.74913],[-65.75944,-27.749465],[-65.75911,-27.74992],[-65.759194,-27.751302],[-65.759525,-27.751676],[-65.759349,-27.752602],[-65.758966,-27.752816],[-65.759285,-27.753492],[-65.759203,-27.754396],[-65.759083,-27.754595],[-65.758303,-27.754695],[-65.758129,-27.756094],[-65.757001,-27.756143],[-65.756896,-27.757468],[-65.756541,-27.757732],[-65.756209,-27.758545],[-65.756867,-27.759054],[-65.756482,-27.760239],[-65.756882,-27.761998],[-65.757417,-27.762716],[-65.759008,-27.763844],[-65.75881,-27.764809],[-65.758969,-27.765937],[-65.758377,-27.765605],[-65.753235,-27.76997],[-65.792972,-27.782581],[-65.793627,-27.783592],[-65.796244,-27.784663],[-65.798822,-27.786765],[-65.79942,-27.788195],[-65.798403,-27.792384],[-65.798722,-27.793399],[-65.799611,-27.79461],[-65.799575,-27.795073],[-65.799219,-27.796501],[-65.797731,-27.799059],[-65.795411,-27.799713],[-65.794876,-27.800308],[-65.794757,-27.802092],[-65.795055,-27.804353],[-65.794936,-27.805126],[-65.79446,-27.805959],[-65.794649,-27.807098],[-65.794982,-27.807131],[-65.797525,-27.805962],[-65.798855,-27.805917],[-65.799287,-27.806998],[-65.799277,-27.80883],[-65.801665,-27.813282],[-65.802263,-27.815543],[-65.803826,-27.816391],[-65.806021,-27.81704],[-65.806403,-27.816857],[-65.806403,-27.815859],[-65.806769,-27.815344],[-65.807844,-27.815239],[-65.808855,-27.815596],[-65.809093,-27.816667],[-65.808379,-27.819046],[-65.808564,-27.820731],[-65.808797,-27.820897],[-65.809795,-27.820814],[-65.810875,-27.820082],[-65.814234,-27.821163],[-65.818789,-27.82103],[-65.819786,-27.820132],[-65.820693,-27.820355],[-65.821347,-27.824243],[-65.8208,-27.824455],[-65.819503,-27.823864],[-65.81873,-27.824102],[-65.817941,-27.824854],[-65.815996,-27.825535],[-65.814804,-27.826363],[-65.814932,-27.827231],[-65.815165,-27.827497],[-65.815756,-27.827493],[-65.81698,-27.827116],[-65.819138,-27.825918],[-65.819653,-27.825918],[-65.820185,-27.826632],[-65.820252,-27.82743],[-65.820086,-27.827863],[-65.81922,-27.828627],[-65.81875,-27.830393],[-65.818968,-27.832847],[-65.820277,-27.835286],[-65.82343,-27.839212],[-65.824917,-27.842365],[-65.825095,-27.843852],[-65.826285,-27.846291],[-65.829151,-27.848768],[-65.829973,-27.85099],[-65.83083,-27.851153],[-65.832258,-27.850921],[-65.831817,-27.848789],[-65.832709,-27.843316],[-65.832888,-27.837487],[-65.831341,-27.829991],[-65.828664,-27.820414],[-65.828605,-27.817083],[-65.828908,-27.812795],[-65.829078,-27.812527],[-65.830092,-27.812324],[-65.832412,-27.811075],[-65.832828,-27.808814],[-65.834137,-27.807268],[-65.834725,-27.804836],[-65.836258,-27.802085],[-65.836209,-27.799797],[-65.836599,-27.798556],[-65.836901,-27.795859],[-65.83842,-27.793705],[-65.839008,-27.792447],[-65.839008,-27.791766],[-65.839592,-27.790281],[-65.839276,-27.788577],[-65.839933,-27.787409],[-65.840175,-27.785884],[-65.841395,-27.78383],[-65.841157,-27.780201],[-65.841767,-27.778421],[-65.842197,-27.778379],[-65.842635,-27.777503],[-65.843438,-27.775239],[-65.843951,-27.772867],[-65.844412,-27.772611],[-65.845629,-27.769909],[-65.845616,-27.765881],[-65.846237,-27.762729],[-65.846188,-27.760417],[-65.846846,-27.758883],[-65.846724,-27.757472],[-65.847089,-27.757082],[-65.847868,-27.75421],[-65.848275,-27.750873],[-65.849839,-27.749902],[-65.851811,-27.744913],[-65.85293,-27.743696],[-65.853076,-27.742868],[-65.853782,-27.741408],[-65.854658,-27.740167],[-65.854831,-27.738853],[-65.854366,-27.73783],[-65.855267,-27.736005],[-65.855121,-27.732914],[-65.857456,-27.730292],[-65.858382,-27.729652],[-65.858699,-27.728898],[-65.858358,-27.728094],[-65.859818,-27.726853],[-65.860914,-27.724492],[-65.861463,-27.721173],[-65.861449,-27.719503],[-65.862471,-27.718261],[-65.86235,-27.717507],[-65.862861,-27.715949],[-65.862739,-27.715],[-65.863615,-27.713369],[-65.864661,-27.708812],[-65.863226,-27.705962],[-65.865189,-27.701917],[-65.865546,-27.69924],[-65.86507,-27.692399],[-65.865487,-27.689008],[-65.871197,-27.682049],[-65.874291,-27.675802],[-65.875421,-27.672471],[-65.915396,-27.66914],[-65.915649,-27.665779],[-65.916838,-27.663281],[-65.919337,-27.661972],[-65.919932,-27.660663],[-65.920169,-27.658997],[-65.921066,-27.658101],[-65.921966,-27.657645],[-65.922822,-27.656182],[-65.923143,-27.655111],[-65.923382,-27.652335],[-65.924678,-27.650542],[-65.925535,-27.649936],[-65.927034,-27.649436],[-65.927998,-27.648044],[-65.929461,-27.646616],[-65.930032,-27.646509],[-65.930639,-27.64526],[-65.930674,-27.644582],[-65.931781,-27.642619],[-65.931115,-27.639605],[-65.932067,-27.638177],[-65.932781,-27.636036],[-65.933613,-27.630801],[-65.934684,-27.628659],[-65.934565,-27.62628],[-65.935457,-27.622096],[-65.936231,-27.621164],[-65.938967,-27.618904],[-65.939919,-27.616286],[-65.940038,-27.609267],[-65.942774,-27.603556],[-65.943964,-27.595109],[-65.948842,-27.588803],[-65.949437,-27.586305],[-65.951221,-27.581427],[-65.951578,-27.57881],[-65.953601,-27.57762],[-65.954672,-27.57643],[-65.95598,-27.572266],[-65.955861,-27.570838],[-65.950508,-27.566436],[-65.95027,-27.561796],[-65.956456,-27.554658],[-65.958122,-27.553468],[-65.959669,-27.551089],[-65.959788,-27.549661],[-65.960977,-27.548234],[-65.962524,-27.546806],[-65.964427,-27.545616],[-65.965855,-27.543594],[-65.96526,-27.540143],[-65.96526,-27.537764],[-65.969067,-27.528365],[-65.971185,-27.524443],[-65.970935,-27.522194],[-65.968936,-27.519553],[-65.967344,-27.518649],[-65.966807,-27.517776],[-65.967283,-27.516468],[-65.968354,-27.515516],[-65.96871,-27.512661],[-65.970495,-27.508735],[-65.972161,-27.507188],[-65.972994,-27.505284],[-65.973826,-27.502548],[-65.974183,-27.499574],[-65.97573,-27.493506],[-65.973826,-27.489699],[-65.973231,-27.485297],[-65.972994,-27.480657],[-65.97335,-27.477326],[-65.972518,-27.467451],[-65.974421,-27.462692],[-65.975016,-27.454007],[-65.974064,-27.448891],[-65.974897,-27.442823],[-65.974659,-27.440325],[-65.973469,-27.436637],[-65.967997,-27.429379],[-65.968529,-27.429043],[-65.968466,-27.428174],[-65.965906,-27.426501],[-65.963393,-27.42332],[-65.935013,-27.4362],[-65.933174,-27.437191],[-65.931572,-27.438435],[-65.930018,-27.439978],[-65.932026,-27.459146],[-65.931649,-27.469064],[-65.926822,-27.476666],[-65.920982,-27.482252],[-65.913454,-27.492858],[-65.90937,-27.496162],[-65.898605,-27.502106],[-65.891178,-27.507721],[-65.878695,-27.514593],[-65.780027,-27.532131]]]]}},{"type":"Feature","properties":{"id":"90049","name":"La Cocha"},"geometry":{"type":"MultiPolygon","coordinates":[[[[-65.547585,-27.6092],[-65.544241,-27.609319],[-65.542236,-27.610265],[-65.540693,-27.610494],[-65.539841,-27.611072],[-65.539634,-27.61157],[-65.538124,-27.613127],[-65.538375,-27.614881],[-65.537039,-27.617752],[-65.536289,-27.620297],[-65.534747,-27.621841],[-65.533477,-27.622493],[-65.532296,-27.622768],[-65.529776,-27.622159],[-65.52779,-27.620522],[-65.522632,-27.617657],[-65.520817,-27.615648],[-65.520587,-27.614694],[-65.519774,-27.613272],[-65.517218,-27.611621],[-65.516482,-27.611471],[-65.515179,-27.611675],[-65.512587,-27.612742],[-65.51168,-27.613411],[-65.511271,-27.614121],[-65.511851,-27.617039],[-65.51247,-27.617932],[-65.513824,-27.618335],[-65.514966,-27.617808],[-65.515917,-27.617948],[-65.516091,-27.618416],[-65.517494,-27.61913],[-65.517929,-27.619619],[-65.518904,-27.619881],[-65.51941,-27.620418],[-65.521673,-27.621096],[-65.522189,-27.621593],[-65.521972,-27.622791],[-65.521008,-27.623707],[-65.516444,-27.625405],[-65.512626,-27.627395],[-65.516037,-27.642593],[-65.520292,-27.663544],[-65.499428,-27.667152],[-65.505275,-27.692214],[-65.494144,-27.694303],[-65.503933,-27.738183],[-65.480255,-27.742563],[-65.483231,-27.756305],[-65.464014,-27.760696],[-65.47282,-27.788324],[-65.430009,-27.793436],[-65.414937,-27.796494],[-65.41571,-27.798372],[-65.419258,-27.80289],[-65.436201,-27.886491],[-65.437026,-27.886924],[-65.437114,-27.887375],[-65.438186,-27.888637],[-65.441648,-27.890101],[-65.442594,-27.891742],[-65.443826,-27.89251],[-65.444629,-27.892599],[-65.446253,-27.894009],[-65.447895,-27.89474],[-65.449697,-27.8964],[-65.450286,-27.896721],[-65.451178,-27.896757],[-65.451624,-27.897132],[-65.451571,-27.897881],[-65.452756,-27.899211],[-65.455024,-27.90013],[-65.456416,-27.902022],[-65.456909,-27.904408],[-65.461176,-27.907418],[-65.463463,-27.908848],[-65.466295,-27.909252],[-65.467337,-27.90913],[-65.467837,-27.908375],[-65.46846,-27.908729],[-65.469051,-27.91073],[-65.471407,-27.911516],[-65.4713,-27.91355],[-65.471549,-27.9143],[-65.472656,-27.914585],[-65.47469,-27.913943],[-65.476225,-27.914515],[-65.479152,-27.916584],[-65.480544,-27.916905],[-65.482221,-27.916049],[-65.483578,-27.916263],[-65.484398,-27.918261],[-65.485592,-27.919555],[-65.486683,-27.919832],[-65.488396,-27.918261],[-65.490933,-27.918454],[-65.492261,-27.919441],[-65.493986,-27.921285],[-65.495889,-27.922118],[-65.49665,-27.922118],[-65.498447,-27.922772],[-65.500113,-27.92414],[-65.501281,-27.925971],[-65.500959,-27.927863],[-65.498461,-27.929433],[-65.498283,-27.930325],[-65.49864,-27.931075],[-65.499175,-27.931289],[-65.500491,-27.931184],[-65.501531,-27.930647],[-65.503217,-27.930889],[-65.504,-27.931137],[-65.505011,-27.932208],[-65.505249,-27.933695],[-65.504416,-27.935361],[-65.506439,-27.937264],[-65.505992,-27.939498],[-65.507206,-27.941604],[-65.508759,-27.942559],[-65.512843,-27.943949],[-65.515698,-27.945734],[-65.516472,-27.945853],[-65.518931,-27.947734],[-65.521742,-27.948384],[-65.523175,-27.949344],[-65.523347,-27.949956],[-65.522831,-27.950434],[-65.521668,-27.955051],[-65.521905,-27.956895],[-65.521668,-27.958561],[-65.520249,-27.959459],[-65.519733,-27.960491],[-65.519695,-27.961868],[-65.52111,-27.962919],[-65.525097,-27.964531],[-65.526882,-27.964888],[-65.531205,-27.968024],[-65.532448,-27.968349],[-65.534475,-27.969363],[-65.537763,-27.972116],[-65.539866,-27.974105],[-65.540727,-27.975252],[-65.544436,-27.975806],[-65.545297,-27.976992],[-65.545813,-27.978827],[-65.544302,-27.981236],[-65.545813,-27.984984],[-65.546119,-27.986896],[-65.545947,-27.989267],[-65.546195,-27.990012],[-65.546597,-27.990452],[-65.547323,-27.990624],[-65.548929,-27.989745],[-65.549675,-27.988693],[-65.550937,-27.988636],[-65.552161,-27.989362],[-65.552696,-27.992938],[-65.553384,-27.993569],[-65.555607,-27.993663],[-65.558588,-27.995762],[-65.559637,-27.997221],[-65.55954,-27.998272],[-65.558585,-28.000242],[-65.558451,-28.001293],[-65.558681,-28.002593],[-65.560968,-28.006481],[-65.562336,-28.008206],[-65.564952,-28.010471],[-65.565334,-28.011236],[-65.56847,-28.013186],[-65.570133,-28.013377],[-65.572715,-28.013243],[-65.574455,-28.013473],[-65.575621,-28.014065],[-65.576328,-28.014123],[-65.577074,-28.013342],[-65.577361,-28.010872],[-65.577762,-28.009802],[-65.578317,-28.009285],[-65.583364,-28.007431],[-65.584875,-28.005385],[-65.587245,-28.003345],[-65.588278,-28.002096],[-65.588469,-28.001676],[-65.588412,-27.99898],[-65.589707,-27.998576],[-65.590327,-27.998721],[-65.590687,-27.999075],[-65.592007,-27.998521],[-65.593292,-27.999132],[-65.593441,-28.000184],[-65.593915,-28.000306],[-65.59541,-27.999534],[-65.597513,-28.000165],[-65.598087,-27.999725],[-65.598469,-27.998521],[-65.600236,-27.998517],[-65.601927,-27.998146],[-65.603727,-27.995844],[-65.604091,-27.995844],[-65.604588,-27.996456],[-65.605066,-27.996353],[-65.605635,-27.995684],[-65.605505,-27.993856],[-65.606748,-27.992173],[-65.610228,-27.990892],[-65.612599,-27.991293],[-65.614513,-27.987214],[-65.617207,-27.980452],[-65.617379,-27.978674],[-65.618283,-27.976879],[-65.61808,-27.976217],[-65.616174,-27.973894],[-65.616308,-27.972919],[-65.617487,-27.971688],[-65.619186,-27.971391],[-65.621413,-27.971807],[-65.622544,-27.972402],[-65.623612,-27.97378],[-65.624186,-27.973665],[-65.624382,-27.973318],[-65.666266,-27.973235],[-65.668646,-27.964907],[-65.668289,-27.960386],[-65.668934,-27.952631],[-65.670644,-27.950167],[-65.671501,-27.94599],[-65.672574,-27.944497],[-65.674201,-27.943308],[-65.674716,-27.942389],[-65.674604,-27.941426],[-65.674066,-27.940641],[-65.673048,-27.939804],[-65.674237,-27.937543],[-65.675119,-27.934388],[-65.674713,-27.928501],[-65.676498,-27.925408],[-65.678996,-27.921839],[-65.6809,-27.917913],[-65.686849,-27.913511],[-65.6878,-27.908038],[-65.689823,-27.904112],[-65.690894,-27.900543],[-65.692892,-27.899112],[-65.695671,-27.898485],[-65.695653,-27.894832],[-65.697437,-27.892809],[-65.698865,-27.889597],[-65.698627,-27.885314],[-65.698746,-27.871632],[-65.701586,-27.866997],[-65.700571,-27.865199],[-65.699372,-27.864837],[-65.697885,-27.860588],[-65.698307,-27.85936],[-65.69928,-27.858768],[-65.69983,-27.856906],[-65.698561,-27.854939],[-65.697461,-27.851851],[-65.697652,-27.850285],[-65.700571,-27.847789],[-65.700994,-27.846731],[-65.700909,-27.84561],[-65.699819,-27.844574],[-65.69999,-27.843451],[-65.699531,-27.841228],[-65.700342,-27.839948],[-65.701931,-27.838687],[-65.702178,-27.83657],[-65.702566,-27.8359],[-65.701952,-27.834166],[-65.704219,-27.831062],[-65.703308,-27.828836],[-65.70373,-27.827502],[-65.703595,-27.826476],[-65.705671,-27.824927],[-65.706553,-27.823162],[-65.706694,-27.82101],[-65.705812,-27.819846],[-65.704243,-27.818889],[-65.703815,-27.817926],[-65.70422,-27.816813],[-65.705741,-27.814906],[-65.706447,-27.813565],[-65.705988,-27.81233],[-65.704788,-27.810636],[-65.703914,-27.808094],[-65.719306,-27.816268],[-65.719779,-27.810966],[-65.719755,-27.806126],[-65.721093,-27.79897],[-65.72427,-27.795093],[-65.727028,-27.794265],[-65.734319,-27.787756],[-65.735394,-27.787094],[-65.736876,-27.784403],[-65.738177,-27.78319],[-65.739408,-27.782773],[-65.741553,-27.780782],[-65.742902,-27.780015],[-65.744158,-27.778116],[-65.746303,-27.776277],[-65.748183,-27.774107],[-65.758377,-27.765605],[-65.758929,-27.765991],[-65.75881,-27.764809],[-65.759008,-27.763844],[-65.757417,-27.762716],[-65.756882,-27.761998],[-65.756482,-27.760239],[-65.756867,-27.759054],[-65.756209,-27.758545],[-65.756541,-27.757732],[-65.756896,-27.757468],[-65.757001,-27.756143],[-65.758129,-27.756094],[-65.758303,-27.754695],[-65.759083,-27.754595],[-65.759203,-27.754396],[-65.759285,-27.753492],[-65.758966,-27.752816],[-65.759349,-27.752602],[-65.759525,-27.751676],[-65.759194,-27.751302],[-65.75911,-27.74992],[-65.75944,-27.749465],[-65.759243,-27.74913],[-65.759607,-27.74895],[-65.759952,-27.748293],[-65.759093,-27.747774],[-65.75918,-27.747375],[-65.761153,-27.747389],[-65.762162,-27.74716],[-65.76289,-27.74752],[-65.764328,-27.747294],[-65.764536,-27.746044],[-65.765546,-27.744171],[-65.766801,-27.743416],[-65.766155,-27.742919],[-65.766496,-27.74207],[-65.7674,-27.741743],[-65.769793,-27.741779],[-65.770008,-27.741272],[-65.769618,-27.740417],[-65.768694,-27.73975],[-65.768017,-27.739442],[-65.767453,-27.739535],[-65.76593,-27.738412],[-65.764957,-27.738208],[-65.7634,-27.737318],[-65.762464,-27.737249],[-65.762723,-27.736479],[-65.762547,-27.736015],[-65.762852,-27.735864],[-65.763446,-27.734696],[-65.763543,-27.733251],[-65.761742,-27.732343],[-65.76111,-27.732423],[-65.760868,-27.732146],[-65.761436,-27.730754],[-65.762583,-27.729709],[-65.76313,-27.728487],[-65.762489,-27.727741],[-65.76135,-27.727719],[-65.760916,-27.727306],[-65.761294,-27.725442],[-65.760792,-27.724002],[-65.761107,-27.723106],[-65.762115,-27.721965],[-65.762264,-27.721307],[-65.761911,-27.720767],[-65.761103,-27.720451],[-65.759686,-27.720898],[-65.758018,-27.720671],[-65.757566,-27.719141],[-65.75757,-27.717568],[-65.756416,-27.713295],[-65.757038,-27.710511],[-65.756511,-27.709241],[-65.756075,-27.708828],[-65.756049,-27.707778],[-65.754754,-27.706082],[-65.754151,-27.70485],[-65.753893,-27.703946],[-65.754024,-27.703408],[-65.754544,-27.703024],[-65.754502,-27.7026],[-65.753274,-27.701394],[-65.752038,-27.701144],[-65.751151,-27.700402],[-65.751263,-27.699694],[-65.751709,-27.699118],[-65.753268,-27.697686],[-65.753068,-27.696703],[-65.752313,-27.69621],[-65.750137,-27.696304],[-65.749494,-27.696052],[-65.746698,-27.692722],[-65.746642,-27.691683],[-65.74714,-27.690826],[-65.747853,-27.690282],[-65.747807,-27.690072],[-65.747197,-27.690103],[-65.746997,-27.68941],[-65.746235,-27.688906],[-65.747933,-27.688049],[-65.747555,-27.687591],[-65.746554,-27.687315],[-65.746801,-27.686855],[-65.746392,-27.68613],[-65.746449,-27.685624],[-65.745731,-27.685081],[-65.745755,-27.684414],[-65.746743,-27.682273],[-65.746662,-27.681946],[-65.746244,-27.681778],[-65.746326,-27.681023],[-65.745702,-27.680982],[-65.745763,-27.680454],[-65.746195,-27.6799],[-65.746316,-27.678936],[-65.745922,-27.678763],[-65.744679,-27.679073],[-65.741976,-27.679045],[-65.741542,-27.679254],[-65.743092,-27.677254],[-65.744569,-27.67638],[-65.744835,-27.676034],[-65.745065,-27.674298],[-65.747044,-27.672547],[-65.748144,-27.671182],[-65.748793,-27.669421],[-65.749801,-27.66852],[-65.749983,-27.666453],[-65.751025,-27.664807],[-65.750474,-27.66424],[-65.751539,-27.663814],[-65.751715,-27.66339],[-65.751203,-27.661852],[-65.751306,-27.661395],[-65.750791,-27.660925],[-65.751592,-27.660392],[-65.752372,-27.658502],[-65.752051,-27.658408],[-65.751915,-27.658073],[-65.752422,-27.657633],[-65.752689,-27.65699],[-65.751675,-27.655353],[-65.751164,-27.651357],[-65.750505,-27.650652],[-65.749934,-27.649516],[-65.750345,-27.646729],[-65.750326,-27.64522],[-65.750073,-27.643411],[-65.750117,-27.640742],[-65.749533,-27.639036],[-65.748811,-27.638056],[-65.745532,-27.635892],[-65.742651,-27.635365],[-65.741983,-27.635004],[-65.742018,-27.634684],[-65.744318,-27.632665],[-65.744577,-27.631174],[-65.744446,-27.630668],[-65.743792,-27.629768],[-65.742532,-27.628825],[-65.74187,-27.628014],[-65.740642,-27.624944],[-65.737543,-27.62113],[-65.736238,-27.61886],[-65.734746,-27.613501],[-65.732364,-27.611408],[-65.725098,-27.610654],[-65.72224,-27.609463],[-65.720652,-27.609153],[-65.717329,-27.609368],[-65.714546,-27.610144],[-65.713871,-27.610108],[-65.712486,-27.610628],[-65.711756,-27.610525],[-65.710866,-27.609741],[-65.710238,-27.60972],[-65.707316,-27.611776],[-65.703234,-27.61626],[-65.701982,-27.617305],[-65.700631,-27.61789],[-65.696052,-27.618431],[-65.694658,-27.620734],[-65.694924,-27.622242],[-65.694077,-27.626843],[-65.693488,-27.627897],[-65.692294,-27.629009],[-65.691095,-27.631034],[-65.68938,-27.630955],[-65.686538,-27.631326],[-65.683179,-27.633074],[-65.682166,-27.634003],[-65.681493,-27.635255],[-65.678722,-27.634612],[-65.67715,-27.634545],[-65.672107,-27.636182],[-65.671426,-27.636163],[-65.670063,-27.635249],[-65.668187,-27.634768],[-65.666805,-27.634782],[-65.664333,-27.636013],[-65.662785,-27.635878],[-65.660189,-27.635008],[-65.658079,-27.633837],[-65.65369,-27.634627],[-65.649431,-27.633355],[-65.646635,-27.634112],[-65.642136,-27.632123],[-65.640463,-27.630759],[-65.639131,-27.630037],[-65.636225,-27.630422],[-65.634768,-27.631453],[-65.633494,-27.632905],[-65.63189,-27.63125],[-65.629456,-27.630769],[-65.627574,-27.631089],[-65.625703,-27.630554],[-65.623898,-27.629481],[-65.622943,-27.62924],[-65.621216,-27.62948],[-65.620231,-27.630561],[-65.619692,-27.631912],[-65.618744,-27.632158],[-65.616309,-27.630686],[-65.614869,-27.630541],[-65.612906,-27.629839],[-65.611057,-27.629547],[-65.610963,-27.62874],[-65.611338,-27.62838],[-65.611511,-27.625681],[-65.61099,-27.624799],[-65.610437,-27.624451],[-65.608068,-27.624365],[-65.607571,-27.625024],[-65.607127,-27.624824],[-65.605594,-27.625095],[-65.604543,-27.624957],[-65.602869,-27.624205],[-65.599626,-27.624377],[-65.59867,-27.62472],[-65.597962,-27.624332],[-65.597553,-27.623415],[-65.597724,-27.622529],[-65.598048,-27.62213],[-65.599658,-27.621364],[-65.599881,-27.620304],[-65.598355,-27.619364],[-65.595952,-27.619144],[-65.595218,-27.618384],[-65.595149,-27.617966],[-65.595467,-27.617446],[-65.597412,-27.616471],[-65.597374,-27.615807],[-65.596445,-27.614817],[-65.595725,-27.614835],[-65.594526,-27.61583],[-65.593819,-27.615973],[-65.591988,-27.615453],[-65.591331,-27.615636],[-65.589946,-27.617441],[-65.588894,-27.618228],[-65.587777,-27.620139],[-65.58772,-27.620993],[-65.588148,-27.621885],[-65.588078,-27.622757],[-65.587004,-27.623302],[-65.585741,-27.623302],[-65.584584,-27.622911],[-65.584165,-27.621746],[-65.583659,-27.621259],[-65.582323,-27.620872],[-65.581102,-27.620881],[-65.580928,-27.620493],[-65.579277,-27.620324],[-65.577216,-27.619428],[-65.575913,-27.618185],[-65.574105,-27.617118],[-65.572707,-27.615489],[-65.571189,-27.61438],[-65.57079,-27.614377],[-65.570013,-27.614852],[-65.569637,-27.61545],[-65.569661,-27.616612],[-65.569287,-27.617017],[-65.568666,-27.617143],[-65.567016,-27.616019],[-65.564508,-27.61546],[-65.560254,-27.613771],[-65.556498,-27.612825],[-65.554319,-27.611417],[-65.55371,-27.610518],[-65.551759,-27.609417],[-65.549641,-27.608981],[-65.547585,-27.6092]]]]}},{"type":"Feature","properties":{"id":"90056","name":"Leales"},"geometry":{"type":"MultiPolygon","coordinates":[[[[-65.294593,-26.922572],[-65.293514,-26.922983],[-65.292875,-26.923718],[-65.293141,-26.924232],[-65.293747,-26.92456],[-65.293309,-26.924805],[-65.292826,-26.925762],[-65.293326,-26.926546],[-65.293186,-26.92698],[-65.291092,-26.926799],[-65.29037,-26.926149],[-65.28974,-26.926326],[-65.28955,-26.926728],[-65.289728,-26.927338],[-65.290447,-26.927694],[-65.290625,-26.928316],[-65.288141,-26.930191],[-65.287926,-26.930608],[-65.288231,-26.931185],[-65.28936,-26.93105],[-65.29028,-26.930563],[-65.290497,-26.929712],[-65.29076,-26.929538],[-65.291186,-26.930334],[-65.291241,-26.93121],[-65.290976,-26.931699],[-65.288353,-26.932117],[-65.286962,-26.931707],[-65.286707,-26.930629],[-65.286421,-26.930395],[-65.285772,-26.930409],[-65.285256,-26.930834],[-65.284735,-26.933737],[-65.283501,-26.934808],[-65.283242,-26.935472],[-65.283585,-26.9359],[-65.284787,-26.936319],[-65.285141,-26.936968],[-65.284427,-26.937768],[-65.283102,-26.937233],[-65.282715,-26.938005],[-65.282964,-26.93859],[-65.283836,-26.938676],[-65.284546,-26.939225],[-65.284674,-26.939987],[-65.283887,-26.941117],[-65.283465,-26.94136],[-65.281303,-26.941455],[-65.279928,-26.941854],[-65.279077,-26.942578],[-65.279185,-26.943675],[-65.278449,-26.94461],[-65.27663,-26.945221],[-65.276188,-26.94502],[-65.275639,-26.943028],[-65.275198,-26.942733],[-65.274403,-26.942652],[-65.273961,-26.943513],[-65.273223,-26.94394],[-65.273026,-26.944332],[-65.273237,-26.944807],[-65.274668,-26.945968],[-65.274717,-26.946247],[-65.274326,-26.946486],[-65.272926,-26.946265],[-65.271804,-26.946484],[-65.269903,-26.948129],[-65.267591,-26.949482],[-65.267081,-26.950285],[-65.267101,-26.9517],[-65.266802,-26.952178],[-65.264526,-26.952651],[-65.264267,-26.952534],[-65.264517,-26.951972],[-65.264332,-26.951925],[-65.26416,-26.952402],[-65.262872,-26.952146],[-65.261213,-26.952479],[-65.260562,-26.952914],[-65.259979,-26.953898],[-65.261261,-26.955068],[-65.261924,-26.95502],[-65.263033,-26.953871],[-65.263893,-26.954377],[-65.264969,-26.954347],[-65.265056,-26.954617],[-65.263122,-26.956407],[-65.26076,-26.956241],[-65.260076,-26.957161],[-65.259811,-26.958774],[-65.257987,-26.959303],[-65.25759,-26.959789],[-65.257869,-26.960531],[-65.257656,-26.961148],[-65.257693,-26.962377],[-65.258044,-26.963457],[-65.26069,-26.966376],[-65.259949,-26.967092],[-65.259175,-26.967262],[-65.257368,-26.966619],[-65.25687,-26.966933],[-65.256794,-26.967607],[-65.258858,-26.969943],[-65.259801,-26.969976],[-65.259735,-26.970586],[-65.259113,-26.970944],[-65.257748,-26.970746],[-65.255967,-26.969239],[-65.254653,-26.969081],[-65.254145,-26.969463],[-65.254069,-26.970151],[-65.254487,-26.971488],[-65.254896,-26.971867],[-65.255511,-26.971977],[-65.255371,-26.972864],[-65.254636,-26.97349],[-65.254081,-26.973634],[-65.252517,-26.972602],[-65.251475,-26.972799],[-65.251082,-26.973261],[-65.251096,-26.97376],[-65.251694,-26.974552],[-65.251559,-26.975648],[-65.252165,-26.977073],[-65.251553,-26.977891],[-65.25163,-26.978272],[-65.252428,-26.978244],[-65.253636,-26.977254],[-65.25451,-26.977116],[-65.255122,-26.976455],[-65.255798,-26.976149],[-65.257932,-26.976642],[-65.259833,-26.979532],[-65.259747,-26.981108],[-65.260538,-26.98165],[-65.261779,-26.981537],[-65.260201,-26.983549],[-65.259848,-26.985491],[-65.260575,-26.986094],[-65.261977,-26.986375],[-65.26435,-26.986284],[-65.265046,-26.987004],[-65.264896,-26.987578],[-65.264213,-26.987669],[-65.264025,-26.988085],[-65.262178,-26.989026],[-65.261353,-26.99055],[-65.260304,-26.991538],[-65.259742,-26.992612],[-65.259419,-26.993997],[-65.259844,-26.994713],[-65.261623,-26.995279],[-65.263532,-26.996231],[-65.263266,-26.998665],[-65.26276,-26.99955],[-65.261949,-26.999673],[-65.261581,-26.999385],[-65.261237,-26.9984],[-65.260255,-26.9982],[-65.258993,-26.999318],[-65.258817,-27.000387],[-65.259147,-27.001601],[-65.259542,-27.002119],[-65.261031,-27.003013],[-65.261155,-27.003621],[-65.260326,-27.004188],[-65.259049,-27.003945],[-65.258429,-27.00422],[-65.258103,-27.005241],[-65.258854,-27.005912],[-65.258919,-27.006577],[-65.25832,-27.007065],[-65.257376,-27.007159],[-65.257202,-27.007386],[-65.257458,-27.007863],[-65.258332,-27.008133],[-65.25885,-27.008163],[-65.259739,-27.007569],[-65.260331,-27.007767],[-65.259633,-27.00925],[-65.259986,-27.009815],[-65.260677,-27.009921],[-65.261688,-27.009214],[-65.261882,-27.008664],[-65.262821,-27.007787],[-65.26266,-27.006735],[-65.262819,-27.00638],[-65.263639,-27.006121],[-65.26424,-27.005543],[-65.265297,-27.00583],[-65.265704,-27.006464],[-65.265791,-27.007609],[-65.267039,-27.008803],[-65.267299,-27.009615],[-65.266144,-27.010654],[-65.264791,-27.010629],[-65.2641,-27.009874],[-65.26403,-27.008849],[-65.263715,-27.008509],[-65.26309,-27.008378],[-65.262528,-27.00888],[-65.262694,-27.009545],[-65.262552,-27.010227],[-65.262943,-27.010619],[-65.263123,-27.011357],[-65.263821,-27.01184],[-65.263343,-27.013258],[-65.263995,-27.01393],[-65.26618,-27.013851],[-65.266932,-27.013277],[-65.267274,-27.012051],[-65.267845,-27.011609],[-65.269149,-27.012734],[-65.26897,-27.013269],[-65.268057,-27.01354],[-65.266752,-27.014446],[-65.265778,-27.017678],[-65.266237,-27.018637],[-65.266678,-27.019004],[-65.267406,-27.01906],[-65.268676,-27.018409],[-65.269519,-27.018859],[-65.269994,-27.01961],[-65.269953,-27.020293],[-65.269173,-27.020967],[-65.267826,-27.021117],[-65.266384,-27.02023],[-65.265232,-27.020024],[-65.264445,-27.020307],[-65.264143,-27.020852],[-65.264345,-27.022201],[-65.263235,-27.021623],[-65.26142,-27.021475],[-65.261052,-27.02193],[-65.261418,-27.022438],[-65.258865,-27.023178],[-65.257464,-27.022849],[-65.256503,-27.022298],[-65.256284,-27.021197],[-65.256684,-27.020344],[-65.259736,-27.018091],[-65.259901,-27.017301],[-65.260585,-27.016621],[-65.260638,-27.015964],[-65.260283,-27.015021],[-65.258728,-27.013133],[-65.258145,-27.012812],[-65.256488,-27.013957],[-65.255279,-27.0139],[-65.25467,-27.01274],[-65.25466,-27.010769],[-65.253543,-27.009793],[-65.252419,-27.007754],[-65.249969,-27.008318],[-65.249137,-27.008061],[-65.24812,-27.006826],[-65.247462,-27.00513],[-65.246854,-27.004782],[-65.244976,-27.004511],[-65.243951,-27.003321],[-65.243956,-27.002458],[-65.244918,-27.001062],[-65.246889,-26.999664],[-65.247784,-26.999625],[-65.248176,-26.998765],[-65.248258,-26.999054],[-65.248801,-26.998973],[-65.248886,-26.999312],[-65.248165,-26.99972],[-65.249482,-27.000543],[-65.250388,-27.000568],[-65.251049,-27.000057],[-65.250939,-26.99809],[-65.25031,-26.997266],[-65.249597,-26.996956],[-65.224616,-27.001597],[-65.224399,-27.001189],[-65.223024,-27.001913],[-65.20342,-27.005721],[-65.181442,-27.009664],[-65.181948,-27.011542],[-65.165396,-27.014688],[-65.165599,-27.01607],[-65.122393,-27.024547],[-65.122635,-27.025672],[-65.121313,-27.025949],[-65.119073,-27.016216],[-65.091401,-27.021422],[-65.090842,-27.020804],[-65.090518,-27.020947],[-65.090625,-27.021498],[-65.049651,-27.029449],[-65.046546,-27.015125],[-65.028277,-27.01869],[-65.028118,-27.018508],[-65.027571,-27.018802],[-64.946614,-27.034815],[-64.94386,-27.035607],[-64.941861,-27.037613],[-64.937873,-27.040597],[-64.93677,-27.040002],[-64.898466,-27.047089],[-64.898792,-27.048788],[-64.814259,-27.064142],[-64.815644,-27.070194],[-64.781173,-27.076613],[-64.789772,-27.112261],[-64.798749,-27.151656],[-64.811217,-27.149324],[-64.82777,-27.223135],[-64.831874,-27.221172],[-64.854259,-27.318301],[-64.877911,-27.325844],[-64.933995,-27.344951],[-64.937088,-27.358086],[-64.974365,-27.350918],[-65.001135,-27.451709],[-65.00798,-27.47947],[-65.007916,-27.480738],[-65.008868,-27.483713],[-65.007635,-27.486365],[-65.005953,-27.488234],[-65.001369,-27.488861],[-65.001248,-27.494557],[-65.005803,-27.493946],[-65.006924,-27.492582],[-65.006641,-27.490584],[-65.00725,-27.49005],[-65.008173,-27.486335],[-65.009501,-27.485032],[-65.01301,-27.48288],[-65.014659,-27.482301],[-65.01682,-27.482008],[-65.022664,-27.482746],[-65.024961,-27.48337],[-65.028241,-27.483204],[-65.030313,-27.482761],[-65.032277,-27.481961],[-65.037928,-27.479267],[-65.040438,-27.477667],[-65.042712,-27.475449],[-65.043977,-27.47365],[-65.045506,-27.470519],[-65.046429,-27.47005],[-65.047838,-27.46796],[-65.048678,-27.464774],[-65.050328,-27.461005],[-65.053939,-27.457257],[-65.05411,-27.457363],[-65.05505,-27.456453],[-65.056859,-27.455524],[-65.057795,-27.452706],[-65.059265,-27.45156],[-65.060138,-27.449692],[-65.061069,-27.448583],[-65.061688,-27.447067],[-65.062267,-27.443682],[-65.063131,-27.44233],[-65.063477,-27.443691],[-65.062802,-27.444779],[-65.061881,-27.451753],[-65.062759,-27.451688],[-65.063274,-27.452029],[-65.063102,-27.452935],[-65.063536,-27.454558],[-65.063149,-27.455439],[-65.062193,-27.455246],[-65.061867,-27.458735],[-65.063288,-27.46163],[-65.064006,-27.461207],[-65.064476,-27.461425],[-65.064983,-27.461214],[-65.064542,-27.460149],[-65.065375,-27.458793],[-65.066817,-27.458617],[-65.067791,-27.458825],[-65.06964,-27.457706],[-65.071358,-27.457481],[-65.074194,-27.458062],[-65.076253,-27.458065],[-65.077126,-27.458498],[-65.077722,-27.458246],[-65.078196,-27.457542],[-65.079201,-27.45746],[-65.079705,-27.457759],[-65.080263,-27.457597],[-65.081153,-27.456615],[-65.081232,-27.456226],[-65.082583,-27.45566],[-65.082321,-27.455421],[-65.083253,-27.454715],[-65.084125,-27.454616],[-65.084789,-27.453694],[-65.086479,-27.452651],[-65.087334,-27.452635],[-65.08889,-27.453801],[-65.091153,-27.454781],[-65.09263,-27.454924],[-65.093457,-27.4547],[-65.094834,-27.453258],[-65.096126,-27.451104],[-65.095759,-27.449515],[-65.095287,-27.449184],[-65.09487,-27.448323],[-65.095271,-27.447377],[-65.095835,-27.446852],[-65.097052,-27.446353],[-65.099248,-27.446284],[-65.103114,-27.447837],[-65.104219,-27.446913],[-65.104315,-27.445531],[-65.103247,-27.444298],[-65.101737,-27.443347],[-65.099804,-27.442901],[-65.094114,-27.442577],[-65.092143,-27.441527],[-65.091581,-27.440707],[-65.088642,-27.438572],[-65.088755,-27.433959],[-65.08839,-27.429036],[-65.088628,-27.428496],[-65.091003,-27.427057],[-65.091596,-27.426133],[-65.092087,-27.424732],[-65.092143,-27.421895],[-65.092711,-27.421001],[-65.093412,-27.420482],[-65.094626,-27.420285],[-65.095705,-27.420729],[-65.096586,-27.421576],[-65.097149,-27.423267],[-65.097002,-27.424435],[-65.096376,-27.425749],[-65.096611,-27.426787],[-65.096054,-27.426378],[-65.096,-27.426758],[-65.096458,-27.427808],[-65.097986,-27.428648],[-65.099753,-27.428726],[-65.104221,-27.427418],[-65.106005,-27.427137],[-65.107475,-27.427562],[-65.109015,-27.427488],[-65.111454,-27.426428],[-65.113269,-27.424803],[-65.113628,-27.424071],[-65.113876,-27.423199],[-65.113807,-27.4194],[-65.114506,-27.417926],[-65.115641,-27.416334],[-65.116353,-27.415726],[-65.117122,-27.413292],[-65.116818,-27.411982],[-65.117198,-27.410602],[-65.117058,-27.409945],[-65.117702,-27.408656],[-65.119662,-27.407306],[-65.119981,-27.406831],[-65.122213,-27.405898],[-65.123428,-27.406289],[-65.123903,-27.407534],[-65.124404,-27.40806],[-65.12538,-27.408456],[-65.126152,-27.40841],[-65.126986,-27.407847],[-65.127937,-27.404913],[-65.128786,-27.403756],[-65.13061,-27.402656],[-65.131471,-27.401788],[-65.135027,-27.399825],[-65.135103,-27.399566],[-65.137049,-27.398331],[-65.140112,-27.397182],[-65.143138,-27.394808],[-65.143893,-27.394079],[-65.143019,-27.391149],[-65.143495,-27.387017],[-65.143858,-27.386075],[-65.145832,-27.383127],[-65.151146,-27.380579],[-65.152243,-27.379661],[-65.153644,-27.378093],[-65.156112,-27.372889],[-65.157239,-27.371957],[-65.158939,-27.371821],[-65.160068,-27.371306],[-65.162232,-27.371074],[-65.163907,-27.37151],[-65.167139,-27.371651],[-65.169043,-27.368515],[-65.167559,-27.367903],[-65.170529,-27.365643],[-65.171518,-27.3643],[-65.173947,-27.364113],[-65.175239,-27.363291],[-65.179815,-27.363126],[-65.185924,-27.365763],[-65.186827,-27.365068],[-65.189931,-27.363899],[-65.193429,-27.361841],[-65.193478,-27.359005],[-65.195064,-27.355935],[-65.195777,-27.355457],[-65.195822,-27.35506],[-65.19556,-27.35478],[-65.197901,-27.3545],[-65.198523,-27.354761],[-65.199521,-27.353848],[-65.201732,-27.352583],[-65.200486,-27.349856],[-65.202506,-27.349227],[-65.204657,-27.34936],[-65.206458,-27.348669],[-65.207598,-27.34778],[-65.2078,-27.346431],[-65.208197,-27.345631],[-65.212166,-27.343372],[-65.213438,-27.342411],[-65.21262,-27.341545],[-65.21338,-27.337935],[-65.214004,-27.336905],[-65.216051,-27.334877],[-65.219069,-27.333691],[-65.219668,-27.333065],[-65.219653,-27.332181],[-65.218402,-27.331211],[-65.217719,-27.331163],[-65.217431,-27.330875],[-65.216626,-27.328787],[-65.216769,-27.328126],[-65.217264,-27.327826],[-65.217334,-27.326796],[-65.217838,-27.325849],[-65.217343,-27.323823],[-65.217218,-27.322059],[-65.216215,-27.320169],[-65.21603,-27.318823],[-65.217375,-27.315288],[-65.217942,-27.314874],[-65.21908,-27.314546],[-65.222874,-27.314702],[-65.22728,-27.31629],[-65.228433,-27.31625],[-65.230668,-27.316654],[-65.231498,-27.315463],[-65.232318,-27.312964],[-65.233098,-27.311717],[-65.235404,-27.309321],[-65.236866,-27.308308],[-65.239472,-27.305877],[-65.24053,-27.304508],[-65.241868,-27.304385],[-65.243037,-27.303462],[-65.24423,-27.302161],[-65.246922,-27.298264],[-65.252066,-27.293828],[-65.259383,-27.289453],[-65.261729,-27.288872],[-65.265001,-27.287483],[-65.26928,-27.285387],[-65.273917,-27.282547],[-65.282791,-27.273654],[-65.286445,-27.270411],[-65.286591,-27.269954],[-65.2871,-27.269534],[-65.288939,-27.269055],[-65.296425,-27.268797],[-65.298734,-27.268286],[-65.300805,-27.267266],[-65.301228,-27.266465],[-65.300749,-27.262812],[-65.299693,-27.262273],[-65.298542,-27.260851],[-65.298319,-27.259562],[-65.297785,-27.258411],[-65.297932,-27.256454],[-65.299788,-27.2535],[-65.299112,-27.252462],[-65.299144,-27.251504],[-65.300272,-27.250371],[-65.302074,-27.24929],[-65.303865,-27.248567],[-65.304667,-27.247895],[-65.305876,-27.245594],[-65.305284,-27.243719],[-65.304644,-27.243276],[-65.303704,-27.243116],[-65.302999,-27.242248],[-65.303191,-27.241365],[-65.304585,-27.239494],[-65.304439,-27.238796],[-65.305132,-27.236822],[-65.303559,-27.235711],[-65.302487,-27.235269],[-65.301468,-27.234293],[-65.300439,-27.231799],[-65.299208,-27.22969],[-65.299478,-27.22652],[-65.300024,-27.225433],[-65.301304,-27.224122],[-65.302819,-27.223054],[-65.307393,-27.221422],[-65.309011,-27.220349],[-65.310202,-27.221084],[-65.314109,-27.22104],[-65.315186,-27.221802],[-65.317142,-27.22154],[-65.318117,-27.221694],[-65.318862,-27.22143],[-65.320343,-27.220685],[-65.321391,-27.218313],[-65.322183,-27.21718],[-65.32454,-27.215764],[-65.326077,-27.215704],[-65.327423,-27.216252],[-65.328798,-27.217446],[-65.332075,-27.218027],[-65.332831,-27.217998],[-65.333126,-27.217512],[-65.334199,-27.216749],[-65.335006,-27.216514],[-65.336328,-27.214638],[-65.336481,-27.213672],[-65.335781,-27.212117],[-65.334995,-27.211258],[-65.334466,-27.210239],[-65.333538,-27.207222],[-65.333534,-27.20421],[-65.334688,-27.20224],[-65.3369,-27.200971],[-65.338235,-27.200829],[-65.338774,-27.201235],[-65.33922,-27.201216],[-65.339574,-27.200773],[-65.341575,-27.199692],[-65.343218,-27.197577],[-65.343859,-27.197117],[-65.346076,-27.193357],[-65.346911,-27.190181],[-65.348119,-27.18708],[-65.3492,-27.185399],[-65.349795,-27.183987],[-65.351661,-27.181785],[-65.35398,-27.18034],[-65.357551,-27.179341],[-65.359267,-27.179434],[-65.360192,-27.180258],[-65.362,-27.179956],[-65.364371,-27.180039],[-65.363099,-27.177781],[-65.363079,-27.177284],[-65.36226,-27.176545],[-65.36224,-27.175696],[-65.362943,-27.175561],[-65.364558,-27.175959],[-65.36557,-27.176645],[-65.366467,-27.176697],[-65.366783,-27.176403],[-65.366716,-27.175987],[-65.365505,-27.175082],[-65.364995,-27.174308],[-65.365542,-27.173125],[-65.366674,-27.172893],[-65.369216,-27.173207],[-65.369604,-27.172623],[-65.371705,-27.171919],[-65.371726,-27.171656],[-65.370769,-27.170571],[-65.370516,-27.169037],[-65.370797,-27.167849],[-65.370596,-27.166493],[-65.369584,-27.164959],[-65.369394,-27.163246],[-65.368858,-27.1628],[-65.368866,-27.162067],[-65.370673,-27.161769],[-65.371929,-27.162537],[-65.373875,-27.162733],[-65.373968,-27.162342],[-65.372771,-27.161657],[-65.372518,-27.160964],[-65.373082,-27.159313],[-65.373623,-27.158922],[-65.374269,-27.158882],[-65.375632,-27.160453],[-65.375697,-27.161214],[-65.375289,-27.162051],[-65.37542,-27.162756],[-65.376717,-27.1637],[-65.377309,-27.163612],[-65.377614,-27.163044],[-65.376868,-27.161457],[-65.37699,-27.160857],[-65.37954,-27.160279],[-65.380142,-27.159797],[-65.380299,-27.159293],[-65.379837,-27.158868],[-65.378563,-27.159052],[-65.377724,-27.15862],[-65.377255,-27.157322],[-65.377418,-27.156725],[-65.378194,-27.156499],[-65.379698,-27.156987],[-65.381268,-27.156756],[-65.383165,-27.156169],[-65.386283,-27.154709],[-65.38735,-27.154479],[-65.38904,-27.154526],[-65.389928,-27.153917],[-65.390666,-27.15271],[-65.390686,-27.151893],[-65.389914,-27.151354],[-65.389432,-27.151556],[-65.389321,-27.152173],[-65.38892,-27.152467],[-65.388401,-27.152477],[-65.387738,-27.151853],[-65.387203,-27.151994],[-65.386697,-27.153189],[-65.386226,-27.1535],[-65.385716,-27.153469],[-65.385286,-27.153156],[-65.384978,-27.152361],[-65.385404,-27.151261],[-65.386016,-27.150854],[-65.388862,-27.150101],[-65.391213,-27.149148],[-65.392252,-27.149369],[-65.392881,-27.149175],[-65.393733,-27.149795],[-65.394272,-27.149852],[-65.395708,-27.149324],[-65.396395,-27.149312],[-65.397429,-27.14988],[-65.398258,-27.151217],[-65.397735,-27.15224],[-65.397872,-27.152898],[-65.398344,-27.153245],[-65.39921,-27.153252],[-65.399753,-27.152958],[-65.400125,-27.151709],[-65.40065,-27.151197],[-65.400574,-27.149896],[-65.403912,-27.148071],[-65.404474,-27.145569],[-65.405235,-27.144858],[-65.406497,-27.144339],[-65.408393,-27.144628],[-65.409902,-27.144464],[-65.411152,-27.143283],[-65.411628,-27.143204],[-65.41248,-27.143844],[-65.412577,-27.144645],[-65.412977,-27.145357],[-65.413583,-27.145727],[-65.414286,-27.14579],[-65.41487,-27.14504],[-65.415038,-27.144105],[-65.414913,-27.143071],[-65.414442,-27.142642],[-65.414195,-27.141839],[-65.413802,-27.141751],[-65.413229,-27.142103],[-65.412248,-27.141968],[-65.410764,-27.141058],[-65.409693,-27.141218],[-65.408728,-27.140349],[-65.408559,-27.139303],[-65.409378,-27.137503],[-65.410621,-27.136429],[-65.413332,-27.135294],[-65.415211,-27.133472],[-65.417419,-27.132199],[-65.419736,-27.131919],[-65.4201,-27.131398],[-65.419898,-27.130699],[-65.420432,-27.130378],[-65.421262,-27.130392],[-65.423362,-27.131068],[-65.424382,-27.131025],[-65.424641,-27.130611],[-65.423478,-27.128232],[-65.423856,-27.126651],[-65.424288,-27.126228],[-65.425089,-27.126029],[-65.425594,-27.126218],[-65.426517,-27.127741],[-65.425537,-27.125213],[-65.422393,-27.127774],[-65.421504,-27.125363],[-65.420198,-27.12057],[-65.423562,-27.118573],[-65.421944,-27.112146],[-65.42003,-27.112465],[-65.41995,-27.112971],[-65.419308,-27.113391],[-65.418937,-27.11436],[-65.418491,-27.114733],[-65.417712,-27.114934],[-65.416796,-27.114699],[-65.415972,-27.115145],[-65.415317,-27.115125],[-65.414989,-27.115559],[-65.414095,-27.115513],[-65.412351,-27.117347],[-65.411989,-27.117385],[-65.411113,-27.116896],[-65.410304,-27.117511],[-65.410362,-27.118163],[-65.409348,-27.118178],[-65.40927,-27.118879],[-65.408675,-27.118831],[-65.408271,-27.11915],[-65.40735,-27.118891],[-65.405193,-27.114838],[-65.4027,-27.115628],[-65.39586,-27.104024],[-65.393189,-27.104575],[-65.393059,-27.104124],[-65.393499,-27.103516],[-65.389996,-27.088708],[-65.384122,-27.092879],[-65.383531,-27.093845],[-65.382706,-27.093534],[-65.379008,-27.095698],[-65.378443,-27.096952],[-65.377556,-27.097188],[-65.377317,-27.097742],[-65.376844,-27.098068],[-65.375477,-27.098093],[-65.374118,-27.098586],[-65.373433,-27.099095],[-65.373586,-27.099488],[-65.372535,-27.100055],[-65.36732,-27.102033],[-65.363593,-27.103181],[-65.362531,-27.102831],[-65.362084,-27.102945],[-65.361974,-27.103305],[-65.36085,-27.103522],[-65.360448,-27.104016],[-65.360624,-27.104302],[-65.361422,-27.104334],[-65.361869,-27.104657],[-65.361466,-27.105453],[-65.360739,-27.105749],[-65.360024,-27.105479],[-65.35882,-27.106379],[-65.358578,-27.106861],[-65.357701,-27.107265],[-65.356612,-27.107292],[-65.355081,-27.108114],[-65.354811,-27.107248],[-65.354548,-27.107197],[-65.353275,-27.108243],[-65.353359,-27.108716],[-65.352853,-27.108894],[-65.3528,-27.109184],[-65.35175,-27.108194],[-65.35174,-27.10796],[-65.352406,-27.107339],[-65.351526,-27.107005],[-65.351348,-27.106584],[-65.351521,-27.106037],[-65.35062,-27.105687],[-65.350598,-27.105304],[-65.351131,-27.105006],[-65.352435,-27.102366],[-65.349556,-27.103068],[-65.348517,-27.103568],[-65.3441,-27.104527],[-65.344027,-27.10415],[-65.343001,-27.103103],[-65.34289,-27.102359],[-65.343072,-27.101863],[-65.343991,-27.101178],[-65.345088,-27.100803],[-65.345599,-27.100057],[-65.345696,-27.098507],[-65.345033,-27.096611],[-65.345439,-27.095312],[-65.346069,-27.094827],[-65.347367,-27.094342],[-65.349365,-27.094374],[-65.349953,-27.094044],[-65.350348,-27.093378],[-65.350206,-27.092436],[-65.349091,-27.09076],[-65.349454,-27.089505],[-65.348092,-27.08891],[-65.347915,-27.088379],[-65.348577,-27.087994],[-65.349345,-27.088558],[-65.350149,-27.088549],[-65.350642,-27.088325],[-65.351351,-27.087395],[-65.350508,-27.086108],[-65.348849,-27.085965],[-65.348398,-27.085347],[-65.347782,-27.085573],[-65.347813,-27.085087],[-65.347281,-27.084987],[-65.347119,-27.084687],[-65.348126,-27.084166],[-65.34824,-27.083135],[-65.347979,-27.082736],[-65.346965,-27.082179],[-65.346352,-27.082452],[-65.345875,-27.081582],[-65.345381,-27.081685],[-65.345434,-27.081093],[-65.344987,-27.081357],[-65.344045,-27.081261],[-65.343871,-27.080542],[-65.342937,-27.079498],[-65.342928,-27.078945],[-65.343644,-27.079301],[-65.3447,-27.079108],[-65.344812,-27.07817],[-65.345967,-27.077678],[-65.346102,-27.076815],[-65.345659,-27.076407],[-65.345142,-27.076546],[-65.345235,-27.075612],[-65.34438,-27.07528],[-65.344078,-27.075547],[-65.342981,-27.074639],[-65.342138,-27.074883],[-65.342317,-27.073873],[-65.341687,-27.073882],[-65.341611,-27.073476],[-65.340666,-27.073622],[-65.340153,-27.073119],[-65.340889,-27.072457],[-65.340675,-27.072123],[-65.341206,-27.071318],[-65.341095,-27.07098],[-65.338216,-27.070621],[-65.337468,-27.06981],[-65.337355,-27.069384],[-65.337595,-27.068699],[-65.338108,-27.068392],[-65.33788,-27.06778],[-65.338002,-27.067162],[-65.33731,-27.066338],[-65.337399,-27.065709],[-65.3371,-27.064512],[-65.337569,-27.062419],[-65.336514,-27.061192],[-65.336104,-27.060135],[-65.334959,-27.059873],[-65.333704,-27.060071],[-65.331652,-27.059396],[-65.332044,-27.058578],[-65.333412,-27.05825],[-65.334552,-27.057307],[-65.334842,-27.056729],[-65.33456,-27.055314],[-65.334316,-27.055191],[-65.334281,-27.055635],[-65.333862,-27.056013],[-65.333014,-27.056246],[-65.332904,-27.057363],[-65.332088,-27.057028],[-65.332407,-27.057642],[-65.332279,-27.05792],[-65.331826,-27.058119],[-65.33129,-27.057746],[-65.330808,-27.057766],[-65.330628,-27.057457],[-65.331091,-27.056663],[-65.331079,-27.055986],[-65.3305,-27.05598],[-65.330206,-27.056462],[-65.32965,-27.056496],[-65.329149,-27.055371],[-65.32834,-27.055319],[-65.327813,-27.054517],[-65.327808,-27.054198],[-65.328486,-27.05422],[-65.330303,-27.054835],[-65.330803,-27.054379],[-65.331599,-27.054121],[-65.330713,-27.05312],[-65.329898,-27.053693],[-65.329542,-27.053337],[-65.329672,-27.05293],[-65.328971,-27.052888],[-65.32919,-27.051616],[-65.328721,-27.051081],[-65.328614,-27.050412],[-65.32776,-27.050541],[-65.327273,-27.04981],[-65.326392,-27.050499],[-65.323452,-27.0499],[-65.323283,-27.048767],[-65.322719,-27.049134],[-65.322169,-27.048801],[-65.322203,-27.048391],[-65.323207,-27.047779],[-65.323543,-27.047962],[-65.323623,-27.048768],[-65.324628,-27.048754],[-65.325065,-27.04799],[-65.324854,-27.047413],[-65.325301,-27.046179],[-65.325253,-27.045242],[-65.324421,-27.044763],[-65.324171,-27.04293],[-65.323068,-27.043182],[-65.32193,-27.043075],[-65.322231,-27.042519],[-65.322356,-27.041359],[-65.32269,-27.040754],[-65.323548,-27.040053],[-65.32636,-27.039559],[-65.326972,-27.039125],[-65.32723,-27.038626],[-65.325681,-27.037276],[-65.325813,-27.036529],[-65.325554,-27.035556],[-65.324497,-27.034041],[-65.324202,-27.03314],[-65.320203,-27.033594],[-65.320088,-27.034063],[-65.319433,-27.033265],[-65.31956,-27.033181],[-65.318765,-27.03262],[-65.318598,-27.032056],[-65.318817,-27.031688],[-65.318523,-27.03132],[-65.319085,-27.029803],[-65.316903,-27.030132],[-65.316576,-27.02911],[-65.316926,-27.029037],[-65.316402,-27.027761],[-65.314141,-27.027613],[-65.313565,-27.028119],[-65.31198,-27.027371],[-65.310657,-27.027475],[-65.310585,-27.027126],[-65.311064,-27.027005],[-65.310379,-27.026779],[-65.310074,-27.026212],[-65.310018,-27.025788],[-65.310504,-27.025622],[-65.310333,-27.025135],[-65.309996,-27.02464],[-65.309444,-27.024676],[-65.30924,-27.023867],[-65.309481,-27.023661],[-65.310614,-27.023612],[-65.310109,-27.020688],[-65.311247,-27.020377],[-65.309462,-27.015039],[-65.310961,-27.014505],[-65.310416,-27.01258],[-65.311989,-27.011722],[-65.315129,-27.011179],[-65.314751,-27.010012],[-65.311658,-27.010248],[-65.305048,-27.011727],[-65.304823,-27.009511],[-65.303419,-27.009701],[-65.302992,-27.00979],[-65.303591,-27.011923],[-65.302734,-27.012224],[-65.300469,-27.010327],[-65.300263,-27.011317],[-65.299459,-27.011397],[-65.298928,-27.011103],[-65.29858,-27.011258],[-65.297983,-27.012149],[-65.299367,-27.01306],[-65.300111,-27.014024],[-65.300205,-27.015737],[-65.301209,-27.018168],[-65.301736,-27.01861],[-65.301021,-27.020175],[-65.300534,-27.02012],[-65.299892,-27.018408],[-65.295866,-27.012829],[-65.29425,-27.01277],[-65.29403,-27.011024],[-65.292895,-27.007743],[-65.283825,-26.986356],[-65.294829,-26.984149],[-65.297554,-26.994522],[-65.314031,-26.986476],[-65.309407,-26.978864],[-65.305861,-26.980707],[-65.304698,-26.979882],[-65.304141,-26.979157],[-65.30357,-26.979154],[-65.301916,-26.970688],[-65.302328,-26.970955],[-65.304767,-26.970477],[-65.305065,-26.970701],[-65.307592,-26.969847],[-65.307258,-26.967296],[-65.305766,-26.963154],[-65.298318,-26.930758],[-65.297633,-26.928847],[-65.297414,-26.926649],[-65.296304,-26.925441],[-65.294798,-26.921271],[-65.294458,-26.92166],[-65.294593,-26.922572]]]]}},{"type":"Feature","properties":{"id":"90063","name":"Lules"},"geometry":{"type":"MultiPolygon","coordinates":[[[[-65.609747,-26.728461],[-65.608211,-26.728474],[-65.606103,-26.728878],[-65.604862,-26.730737],[-65.603792,-26.731253],[-65.603358,-26.73093],[-65.603084,-26.731003],[-65.601889,-26.732528],[-65.601024,-26.732938],[-65.599455,-26.733262],[-65.597536,-26.733155],[-65.597034,-26.733623],[-65.595801,-26.733921],[-65.59498,-26.734601],[-65.593455,-26.735155],[-65.59173,-26.73671],[-65.588475,-26.737647],[-65.58637,-26.737883],[-65.584768,-26.738795],[-65.584158,-26.739524],[-65.583816,-26.740317],[-65.583709,-26.741466],[-65.581694,-26.742728],[-65.581088,-26.74341],[-65.576335,-26.744237],[-65.573873,-26.744052],[-65.57329,-26.744432],[-65.573201,-26.745078],[-65.572465,-26.745665],[-65.572202,-26.747513],[-65.570726,-26.747905],[-65.570099,-26.749051],[-65.568714,-26.749076],[-65.567778,-26.749504],[-65.567909,-26.750858],[-65.567573,-26.751075],[-65.566698,-26.750639],[-65.566006,-26.75081],[-65.565581,-26.751261],[-65.565497,-26.751778],[-65.566026,-26.752228],[-65.565834,-26.752705],[-65.565986,-26.753362],[-65.565255,-26.75445],[-65.564859,-26.754341],[-65.56453,-26.754707],[-65.564566,-26.755089],[-65.564933,-26.755149],[-65.565026,-26.755458],[-65.564252,-26.756535],[-65.563886,-26.756548],[-65.563698,-26.755934],[-65.562543,-26.755974],[-65.561804,-26.756508],[-65.561986,-26.757528],[-65.561261,-26.758054],[-65.558671,-26.758174],[-65.558279,-26.758945],[-65.556764,-26.758792],[-65.555881,-26.75999],[-65.554402,-26.760503],[-65.553727,-26.761367],[-65.552896,-26.761571],[-65.552771,-26.761861],[-65.551837,-26.762291],[-65.551398,-26.76223],[-65.551065,-26.761856],[-65.55153,-26.76012],[-65.551201,-26.759865],[-65.550283,-26.759896],[-65.549675,-26.760258],[-65.54823,-26.763393],[-65.547793,-26.763672],[-65.546864,-26.763525],[-65.545027,-26.76411],[-65.542782,-26.762109],[-65.540867,-26.760962],[-65.540308,-26.760114],[-65.540477,-26.759765],[-65.540282,-26.758945],[-65.539044,-26.758015],[-65.537785,-26.757913],[-65.535594,-26.758595],[-65.535138,-26.757955],[-65.534255,-26.757787],[-65.532991,-26.758357],[-65.532377,-26.759294],[-65.531898,-26.759439],[-65.530321,-26.7583],[-65.529258,-26.758353],[-65.528768,-26.757317],[-65.528624,-26.756178],[-65.528094,-26.755861],[-65.527412,-26.754942],[-65.524126,-26.75406],[-65.522579,-26.751432],[-65.521058,-26.75021],[-65.520201,-26.749745],[-65.518862,-26.749581],[-65.515817,-26.748104],[-65.514701,-26.748961],[-65.514479,-26.749946],[-65.514509,-26.751821],[-65.513698,-26.753218],[-65.5125,-26.753667],[-65.510616,-26.753066],[-65.509274,-26.753193],[-65.507609,-26.754497],[-65.507294,-26.755584],[-65.506566,-26.755948],[-65.505163,-26.755961],[-65.503361,-26.754724],[-65.502518,-26.75448],[-65.50197,-26.754787],[-65.501115,-26.756149],[-65.499599,-26.755541],[-65.498466,-26.755582],[-65.497324,-26.756071],[-65.495929,-26.756107],[-65.494296,-26.757056],[-65.493333,-26.757315],[-65.492147,-26.757349],[-65.490035,-26.756536],[-65.486723,-26.758083],[-65.484781,-26.758711],[-65.483341,-26.75957],[-65.482894,-26.759538],[-65.481057,-26.760712],[-65.480061,-26.762013],[-65.478364,-26.763157],[-65.475307,-26.766957],[-65.473524,-26.76759],[-65.472539,-26.766991],[-65.471807,-26.766849],[-65.467939,-26.768394],[-65.465167,-26.769165],[-65.464286,-26.769807],[-65.462278,-26.770423],[-65.458411,-26.773391],[-65.45731,-26.775716],[-65.456934,-26.777253],[-65.454878,-26.781654],[-65.454445,-26.782084],[-65.452793,-26.785518],[-65.451363,-26.786979],[-65.451057,-26.787739],[-65.450533,-26.789673],[-65.451071,-26.791006],[-65.451097,-26.791984],[-65.450782,-26.794509],[-65.450354,-26.795349],[-65.449716,-26.795835],[-65.447818,-26.798304],[-65.445736,-26.798978],[-65.444477,-26.799679],[-65.442088,-26.802361],[-65.440638,-26.802929],[-65.439586,-26.803057],[-65.439284,-26.803774],[-65.438197,-26.804078],[-65.437152,-26.80478],[-65.436618,-26.805909],[-65.435242,-26.806254],[-65.434128,-26.807412],[-65.432919,-26.807752],[-65.431574,-26.808655],[-65.431426,-26.809397],[-65.432209,-26.813429],[-65.431824,-26.814644],[-65.432373,-26.815303],[-65.424909,-26.817021],[-65.377581,-26.826518],[-65.372893,-26.826503],[-65.372087,-26.824708],[-65.371362,-26.821639],[-65.370474,-26.820483],[-65.37061,-26.82001],[-65.340751,-26.825227],[-65.310958,-26.829651],[-65.29403,-26.832723],[-65.270578,-26.836108],[-65.270761,-26.836739],[-65.270287,-26.837577],[-65.270283,-26.838249],[-65.269328,-26.841016],[-65.267824,-26.842428],[-65.268194,-26.843262],[-65.268113,-26.84358],[-65.268648,-26.844236],[-65.269465,-26.846028],[-65.269818,-26.846402],[-65.2722,-26.847458],[-65.274761,-26.850356],[-65.274871,-26.850972],[-65.274485,-26.852233],[-65.273758,-26.852547],[-65.273052,-26.854309],[-65.27209,-26.854706],[-65.271428,-26.855274],[-65.27068,-26.857245],[-65.235595,-26.863847],[-65.230027,-26.868452],[-65.229884,-26.875774],[-65.230565,-26.884839],[-65.230256,-26.886496],[-65.225828,-26.89368],[-65.22174,-26.899579],[-65.218966,-26.902036],[-65.21664,-26.903658],[-65.21436,-26.906019],[-65.214258,-26.906761],[-65.214604,-26.907977],[-65.214412,-26.909147],[-65.213928,-26.909269],[-65.214173,-26.909398],[-65.21439,-26.910915],[-65.213984,-26.912024],[-65.212435,-26.912913],[-65.208912,-26.914366],[-65.208123,-26.915213],[-65.207934,-26.916331],[-65.208401,-26.917182],[-65.210471,-26.917771],[-65.214165,-26.917837],[-65.214715,-26.918481],[-65.21484,-26.919294],[-65.214139,-26.920237],[-65.213401,-26.920558],[-65.212606,-26.920536],[-65.211303,-26.921907],[-65.211326,-26.922279],[-65.212295,-26.923313],[-65.213037,-26.923733],[-65.213226,-26.92414],[-65.213317,-26.924612],[-65.21282,-26.925486],[-65.211678,-26.925962],[-65.209967,-26.926256],[-65.209035,-26.926719],[-65.208293,-26.9276],[-65.20797,-26.928387],[-65.208321,-26.92893],[-65.212077,-26.929714],[-65.213523,-26.930559],[-65.215004,-26.930931],[-65.215152,-26.932662],[-65.214145,-26.934232],[-65.211988,-26.935684],[-65.210911,-26.936987],[-65.211226,-26.938054],[-65.211627,-26.938363],[-65.212733,-26.938603],[-65.213539,-26.939935],[-65.2144,-26.94067],[-65.215304,-26.940892],[-65.215954,-26.940092],[-65.217199,-26.939179],[-65.217711,-26.936583],[-65.218256,-26.936315],[-65.219001,-26.936337],[-65.219752,-26.93691],[-65.219754,-26.938146],[-65.218322,-26.939826],[-65.218607,-26.940847],[-65.219207,-26.941527],[-65.216435,-26.943933],[-65.215819,-26.944885],[-65.215511,-26.946001],[-65.215588,-26.946543],[-65.216215,-26.947512],[-65.21853,-26.949167],[-65.218708,-26.949602],[-65.217719,-26.949921],[-65.215363,-26.949836],[-65.214694,-26.950482],[-65.21467,-26.95114],[-65.215156,-26.952199],[-65.216727,-26.953552],[-65.217441,-26.953692],[-65.218118,-26.953352],[-65.218953,-26.953556],[-65.220494,-26.95499],[-65.220867,-26.956364],[-65.220631,-26.956949],[-65.220717,-26.957699],[-65.224057,-26.961092],[-65.224923,-26.962613],[-65.223969,-26.963619],[-65.22407,-26.964393],[-65.22536,-26.964621],[-65.225783,-26.965558],[-65.226935,-26.965918],[-65.22916,-26.967474],[-65.228826,-26.968622],[-65.23304,-26.967772],[-65.234749,-26.968312],[-65.235467,-26.971641],[-65.233626,-26.974293],[-65.23356,-26.975186],[-65.232527,-26.977392],[-65.23253,-26.978448],[-65.232836,-26.97946],[-65.233326,-26.979914],[-65.234812,-26.980572],[-65.235668,-26.980649],[-65.236355,-26.9804],[-65.236562,-26.981078],[-65.237447,-26.981236],[-65.237661,-26.980795],[-65.237695,-26.978765],[-65.238025,-26.977737],[-65.238116,-26.976168],[-65.238823,-26.975811],[-65.240163,-26.975845],[-65.241337,-26.976447],[-65.241945,-26.977398],[-65.242238,-26.980215],[-65.243444,-26.982243],[-65.244126,-26.982767],[-65.24381,-26.983765],[-65.241772,-26.985131],[-65.241638,-26.985671],[-65.241864,-26.986512],[-65.242518,-26.987409],[-65.243482,-26.988002],[-65.244587,-26.988218],[-65.246727,-26.989165],[-65.248341,-26.98948],[-65.249591,-26.990975],[-65.249637,-26.991625],[-65.248364,-26.992106],[-65.24762,-26.991912],[-65.246328,-26.992303],[-65.245799,-26.992803],[-65.245013,-26.996068],[-65.245348,-26.99706],[-65.245909,-26.997512],[-65.246948,-26.997554],[-65.248949,-26.996988],[-65.249597,-26.996956],[-65.25029,-26.997251],[-65.250939,-26.99809],[-65.251049,-27.000057],[-65.250388,-27.000568],[-65.249482,-27.000543],[-65.248165,-26.99972],[-65.248886,-26.999312],[-65.248801,-26.998973],[-65.248258,-26.999054],[-65.248176,-26.998765],[-65.247784,-26.999625],[-65.246889,-26.999664],[-65.244918,-27.001062],[-65.243979,-27.002408],[-65.243915,-27.003165],[-65.244212,-27.003797],[-65.244976,-27.004511],[-65.246854,-27.004782],[-65.247462,-27.00513],[-65.24812,-27.006826],[-65.249137,-27.008061],[-65.249969,-27.008318],[-65.252419,-27.007754],[-65.253543,-27.009793],[-65.25466,-27.010769],[-65.25467,-27.01274],[-65.255279,-27.0139],[-65.256488,-27.013957],[-65.258145,-27.012812],[-65.258728,-27.013133],[-65.260283,-27.015021],[-65.260638,-27.015964],[-65.260585,-27.016621],[-65.259901,-27.017301],[-65.259736,-27.018091],[-65.256684,-27.020344],[-65.256284,-27.021197],[-65.256503,-27.022298],[-65.257464,-27.022849],[-65.258865,-27.023178],[-65.261418,-27.022438],[-65.261052,-27.02193],[-65.26142,-27.021475],[-65.263235,-27.021623],[-65.264345,-27.022201],[-65.264143,-27.020852],[-65.264445,-27.020307],[-65.264846,-27.020107],[-65.265854,-27.020065],[-65.268226,-27.021158],[-65.269173,-27.020967],[-65.269785,-27.02052],[-65.269994,-27.01961],[-65.269519,-27.018859],[-65.268814,-27.01841],[-65.267406,-27.01906],[-65.266678,-27.019004],[-65.266237,-27.018637],[-65.265778,-27.017678],[-65.266752,-27.014446],[-65.267685,-27.013739],[-65.269071,-27.013176],[-65.269149,-27.012734],[-65.268644,-27.012214],[-65.267845,-27.011609],[-65.26765,-27.011678],[-65.267274,-27.012051],[-65.266932,-27.013277],[-65.265872,-27.01392],[-65.263995,-27.01393],[-65.263343,-27.013258],[-65.263821,-27.01184],[-65.263123,-27.011357],[-65.262943,-27.010619],[-65.262552,-27.010227],[-65.262624,-27.008639],[-65.26309,-27.008378],[-65.263715,-27.008509],[-65.26403,-27.008849],[-65.2641,-27.009874],[-65.264791,-27.010629],[-65.266144,-27.010654],[-65.267299,-27.009615],[-65.267039,-27.008803],[-65.265791,-27.007609],[-65.265704,-27.006464],[-65.265297,-27.00583],[-65.26424,-27.005543],[-65.263639,-27.006121],[-65.262819,-27.00638],[-65.26266,-27.006735],[-65.262821,-27.007787],[-65.261882,-27.008664],[-65.261688,-27.009214],[-65.260677,-27.009921],[-65.259986,-27.009815],[-65.259633,-27.00925],[-65.260331,-27.007767],[-65.259739,-27.007569],[-65.25885,-27.008163],[-65.258332,-27.008133],[-65.257458,-27.007863],[-65.257202,-27.007386],[-65.257376,-27.007159],[-65.25832,-27.007065],[-65.258919,-27.006577],[-65.258854,-27.005912],[-65.258103,-27.005241],[-65.258429,-27.00422],[-65.259049,-27.003945],[-65.260326,-27.004188],[-65.261155,-27.003621],[-65.261031,-27.003013],[-65.259542,-27.002119],[-65.259147,-27.001601],[-65.258817,-27.000387],[-65.258993,-26.999318],[-65.260255,-26.9982],[-65.261237,-26.9984],[-65.261581,-26.999385],[-65.261949,-26.999673],[-65.26276,-26.99955],[-65.263266,-26.998665],[-65.263532,-26.996231],[-65.261623,-26.995279],[-65.259844,-26.994713],[-65.259419,-26.993997],[-65.259742,-26.992612],[-65.260304,-26.991538],[-65.261353,-26.99055],[-65.262178,-26.989026],[-65.264025,-26.988085],[-65.264213,-26.987669],[-65.264896,-26.987578],[-65.265046,-26.987004],[-65.26435,-26.986284],[-65.261977,-26.986375],[-65.260575,-26.986094],[-65.259848,-26.985491],[-65.260201,-26.983549],[-65.261779,-26.981537],[-65.260538,-26.98165],[-65.259747,-26.981108],[-65.259833,-26.979532],[-65.257932,-26.976642],[-65.255798,-26.976149],[-65.255122,-26.976455],[-65.25451,-26.977116],[-65.253636,-26.977254],[-65.252428,-26.978244],[-65.25163,-26.978272],[-65.251553,-26.977891],[-65.252165,-26.977073],[-65.251559,-26.975648],[-65.251694,-26.974552],[-65.251096,-26.97376],[-65.251082,-26.973261],[-65.251475,-26.972799],[-65.252517,-26.972602],[-65.254081,-26.973634],[-65.254636,-26.97349],[-65.255371,-26.972864],[-65.255511,-26.971977],[-65.254896,-26.971867],[-65.254487,-26.971488],[-65.254069,-26.970151],[-65.254145,-26.969463],[-65.254653,-26.969081],[-65.255967,-26.969239],[-65.257748,-26.970746],[-65.259113,-26.970944],[-65.259735,-26.970586],[-65.259801,-26.969976],[-65.258858,-26.969943],[-65.256794,-26.967607],[-65.25687,-26.966933],[-65.257368,-26.966619],[-65.259175,-26.967262],[-65.259949,-26.967092],[-65.26069,-26.966376],[-65.258044,-26.963457],[-65.257693,-26.962377],[-65.257656,-26.961148],[-65.257869,-26.960531],[-65.25759,-26.959789],[-65.257987,-26.959303],[-65.259811,-26.958774],[-65.260076,-26.957161],[-65.26076,-26.956241],[-65.263122,-26.956407],[-65.265056,-26.954617],[-65.264969,-26.954347],[-65.263893,-26.954377],[-65.263033,-26.953871],[-65.261924,-26.95502],[-65.261261,-26.955068],[-65.259979,-26.953898],[-65.260562,-26.952914],[-65.261213,-26.952479],[-65.262872,-26.952146],[-65.26416,-26.952402],[-65.264332,-26.951925],[-65.264517,-26.951972],[-65.264267,-26.952534],[-65.264526,-26.952651],[-65.266802,-26.952178],[-65.267101,-26.9517],[-65.267081,-26.950285],[-65.267591,-26.949482],[-65.269903,-26.948129],[-65.271804,-26.946484],[-65.272926,-26.946265],[-65.274326,-26.946486],[-65.274717,-26.946247],[-65.274668,-26.945968],[-65.273237,-26.944807],[-65.273026,-26.944332],[-65.273223,-26.94394],[-65.273961,-26.943513],[-65.274403,-26.942652],[-65.275198,-26.942733],[-65.275639,-26.943028],[-65.276188,-26.94502],[-65.27663,-26.945221],[-65.278449,-26.94461],[-65.279185,-26.943675],[-65.279077,-26.942578],[-65.279928,-26.941854],[-65.281303,-26.941455],[-65.283465,-26.94136],[-65.283887,-26.941117],[-65.284674,-26.939987],[-65.284546,-26.939225],[-65.283836,-26.938676],[-65.282964,-26.93859],[-65.282715,-26.938005],[-65.283102,-26.937233],[-65.284427,-26.937768],[-65.285141,-26.936968],[-65.284787,-26.936319],[-65.283585,-26.9359],[-65.283242,-26.935472],[-65.283501,-26.934808],[-65.284735,-26.933737],[-65.285256,-26.930834],[-65.285772,-26.930409],[-65.286421,-26.930395],[-65.286707,-26.930629],[-65.286962,-26.931707],[-65.288353,-26.932117],[-65.289187,-26.932126],[-65.291108,-26.93158],[-65.291186,-26.930334],[-65.29076,-26.929538],[-65.290497,-26.929712],[-65.29028,-26.930563],[-65.28936,-26.93105],[-65.288231,-26.931185],[-65.287926,-26.930608],[-65.288141,-26.930191],[-65.290625,-26.928316],[-65.290447,-26.927694],[-65.289728,-26.927338],[-65.28955,-26.926728],[-65.28974,-26.926326],[-65.29037,-26.926149],[-65.291092,-26.926799],[-65.292225,-26.926787],[-65.292775,-26.927081],[-65.293249,-26.9269],[-65.293326,-26.926546],[-65.292826,-26.925762],[-65.293309,-26.924805],[-65.293747,-26.92456],[-65.293141,-26.924232],[-65.292875,-26.923718],[-65.293514,-26.922983],[-65.294593,-26.922572],[-65.294458,-26.92166],[-65.294798,-26.921271],[-65.296304,-26.925441],[-65.297414,-26.926649],[-65.297633,-26.928847],[-65.298318,-26.930758],[-65.305766,-26.963154],[-65.307258,-26.967296],[-65.307592,-26.969847],[-65.305065,-26.970701],[-65.304767,-26.970477],[-65.302328,-26.970955],[-65.301916,-26.970688],[-65.30357,-26.979154],[-65.304141,-26.979157],[-65.304698,-26.979882],[-65.305861,-26.980707],[-65.309407,-26.978864],[-65.314031,-26.986476],[-65.297554,-26.994522],[-65.294829,-26.984149],[-65.283825,-26.986356],[-65.292895,-27.007743],[-65.29403,-27.011024],[-65.29425,-27.01277],[-65.295866,-27.012829],[-65.299892,-27.018408],[-65.300534,-27.02012],[-65.301021,-27.020175],[-65.301736,-27.01861],[-65.301209,-27.018168],[-65.300205,-27.015737],[-65.300111,-27.014024],[-65.299367,-27.01306],[-65.297983,-27.012149],[-65.29858,-27.011258],[-65.298928,-27.011103],[-65.299459,-27.011397],[-65.300263,-27.011317],[-65.300469,-27.010327],[-65.302734,-27.012224],[-65.303591,-27.011923],[-65.302992,-27.00979],[-65.303419,-27.009701],[-65.304823,-27.009511],[-65.305048,-27.011727],[-65.311658,-27.010248],[-65.314751,-27.010012],[-65.315129,-27.011179],[-65.311989,-27.011722],[-65.310416,-27.01258],[-65.310961,-27.014505],[-65.309462,-27.015039],[-65.311247,-27.020377],[-65.310109,-27.020688],[-65.310614,-27.023612],[-65.309356,-27.023705],[-65.309309,-27.024379],[-65.309444,-27.024676],[-65.31008,-27.024695],[-65.310333,-27.025135],[-65.310504,-27.025622],[-65.309969,-27.025865],[-65.310303,-27.026707],[-65.311064,-27.027005],[-65.310585,-27.027126],[-65.310727,-27.027546],[-65.31198,-27.027371],[-65.313565,-27.028119],[-65.314141,-27.027613],[-65.316402,-27.027761],[-65.316926,-27.029037],[-65.316576,-27.02911],[-65.316903,-27.030132],[-65.319085,-27.029803],[-65.318523,-27.03132],[-65.318817,-27.031688],[-65.318598,-27.032056],[-65.318765,-27.03262],[-65.31956,-27.033181],[-65.319433,-27.033265],[-65.320088,-27.034063],[-65.320203,-27.033594],[-65.324202,-27.03314],[-65.324375,-27.032489],[-65.326069,-27.029619],[-65.327095,-27.029373],[-65.328431,-27.028391],[-65.328441,-27.027227],[-65.329149,-27.026133],[-65.330078,-27.026017],[-65.329875,-27.025437],[-65.33011,-27.025037],[-65.329573,-27.024749],[-65.329209,-27.024145],[-65.329853,-27.023476],[-65.33055,-27.023985],[-65.331215,-27.023918],[-65.330835,-27.022929],[-65.330983,-27.022478],[-65.330505,-27.021728],[-65.331005,-27.021094],[-65.331075,-27.020509],[-65.331678,-27.020884],[-65.3317,-27.021278],[-65.332885,-27.021616],[-65.333623,-27.022248],[-65.335537,-27.023027],[-65.336222,-27.022728],[-65.336248,-27.022266],[-65.337102,-27.021416],[-65.338635,-27.021761],[-65.340257,-27.020636],[-65.341374,-27.021026],[-65.342447,-27.020668],[-65.343755,-27.021507],[-65.346224,-27.021131],[-65.346961,-27.020534],[-65.347339,-27.019459],[-65.348519,-27.018711],[-65.348799,-27.018294],[-65.348555,-27.017354],[-65.348337,-27.017405],[-65.348091,-27.018096],[-65.347678,-27.018255],[-65.347087,-27.018044],[-65.347041,-27.017458],[-65.347524,-27.016742],[-65.348259,-27.016499],[-65.348953,-27.017003],[-65.350116,-27.01735],[-65.350445,-27.017183],[-65.350966,-27.016253],[-65.350781,-27.015011],[-65.35111,-27.014392],[-65.350562,-27.013745],[-65.350725,-27.01263],[-65.352532,-27.012649],[-65.353935,-27.011981],[-65.353848,-27.010509],[-65.353429,-27.009268],[-65.353903,-27.008238],[-65.354243,-27.008156],[-65.354469,-27.008374],[-65.35437,-27.008944],[-65.35517,-27.009833],[-65.356169,-27.009896],[-65.356839,-27.00957],[-65.356866,-27.009295],[-65.356099,-27.008332],[-65.355049,-27.007662],[-65.354662,-27.006952],[-65.356062,-27.004444],[-65.356483,-27.004609],[-65.356594,-27.005536],[-65.357189,-27.005817],[-65.358764,-27.005569],[-65.359154,-27.005293],[-65.358073,-27.004901],[-65.357636,-27.004455],[-65.357479,-27.004088],[-65.357745,-27.003672],[-65.357759,-27.002993],[-65.357489,-27.002444],[-65.357037,-27.002242],[-65.35718,-27.001514],[-65.357724,-27.001415],[-65.358655,-27.002735],[-65.359352,-27.002994],[-65.360392,-27.001561],[-65.359731,-27.001261],[-65.359076,-27.001483],[-65.358006,-27.001438],[-65.357739,-27.001303],[-65.357752,-27.00097],[-65.36053,-26.999964],[-65.361145,-27.000669],[-65.36134,-27.001395],[-65.362206,-27.002189],[-65.362995,-27.002001],[-65.363157,-27.001676],[-65.362991,-27.0012],[-65.362606,-27.000781],[-65.361623,-27.000398],[-65.361197,-26.999819],[-65.361309,-26.999091],[-65.361806,-26.998815],[-65.363696,-26.999082],[-65.36421,-26.999939],[-65.364183,-27.001168],[-65.364465,-27.001246],[-65.364846,-27.00096],[-65.365196,-27.00021],[-65.364953,-26.998139],[-65.363306,-26.996636],[-65.363653,-26.995924],[-65.363557,-26.994961],[-65.364273,-26.993762],[-65.363828,-26.991825],[-65.363863,-26.990864],[-65.3649,-26.98919],[-65.36464,-26.988975],[-65.363555,-26.98916],[-65.363087,-26.98885],[-65.363376,-26.987871],[-65.362721,-26.986319],[-65.363308,-26.986111],[-65.365509,-26.987215],[-65.366583,-26.987005],[-65.366619,-26.985308],[-65.366184,-26.98413],[-65.366401,-26.983531],[-65.367228,-26.983458],[-65.369074,-26.983965],[-65.370236,-26.98397],[-65.371097,-26.983405],[-65.37163,-26.982159],[-65.372933,-26.980723],[-65.373023,-26.979963],[-65.372502,-26.978926],[-65.373748,-26.974123],[-65.372737,-26.97201],[-65.372828,-26.971179],[-65.375284,-26.970156],[-65.376303,-26.968784],[-65.375976,-26.967834],[-65.375015,-26.967073],[-65.374823,-26.966505],[-65.374996,-26.966169],[-65.381898,-26.964337],[-65.384019,-26.963318],[-65.385272,-26.962355],[-65.386349,-26.960912],[-65.38892,-26.958758],[-65.389735,-26.957423],[-65.389694,-26.95657],[-65.390245,-26.955926],[-65.391194,-26.955557],[-65.392369,-26.955989],[-65.394069,-26.955682],[-65.396803,-26.953545],[-65.397708,-26.952403],[-65.398524,-26.952235],[-65.399338,-26.952485],[-65.39985,-26.952067],[-65.400267,-26.952178],[-65.400676,-26.953381],[-65.40073,-26.954699],[-65.401715,-26.954529],[-65.40256,-26.953722],[-65.40371,-26.953155],[-65.405444,-26.953361],[-65.406228,-26.953873],[-65.406417,-26.954253],[-65.405993,-26.955104],[-65.405288,-26.955572],[-65.405391,-26.955835],[-65.407155,-26.956399],[-65.408198,-26.956032],[-65.408869,-26.954145],[-65.408774,-26.953311],[-65.409172,-26.952716],[-65.408838,-26.952106],[-65.409109,-26.950652],[-65.408883,-26.947912],[-65.408929,-26.947639],[-65.409554,-26.947213],[-65.40963,-26.946315],[-65.411393,-26.944952],[-65.412503,-26.944725],[-65.414404,-26.943553],[-65.41778,-26.944207],[-65.418236,-26.944076],[-65.419893,-26.941759],[-65.421982,-26.94114],[-65.421745,-26.93872],[-65.422231,-26.938278],[-65.423238,-26.937939],[-65.423214,-26.937104],[-65.42371,-26.936114],[-65.42477,-26.936001],[-65.425559,-26.936346],[-65.426489,-26.937431],[-65.427231,-26.93759],[-65.427847,-26.937445],[-65.427963,-26.93692],[-65.427518,-26.935503],[-65.427474,-26.934046],[-65.430048,-26.930404],[-65.430804,-26.928006],[-65.432909,-26.926983],[-65.433163,-26.9258],[-65.433044,-26.924668],[-65.433452,-26.924249],[-65.43422,-26.923992],[-65.434706,-26.924457],[-65.434959,-26.925008],[-65.434693,-26.92547],[-65.434661,-26.926257],[-65.434989,-26.926641],[-65.438197,-26.927153],[-65.439626,-26.927874],[-65.440705,-26.928042],[-65.441792,-26.928922],[-65.442593,-26.927458],[-65.44444,-26.925817],[-65.444984,-26.92387],[-65.445979,-26.92302],[-65.447456,-26.922353],[-65.447572,-26.921327],[-65.447063,-26.920247],[-65.446995,-26.919478],[-65.447627,-26.917694],[-65.447634,-26.916818],[-65.449643,-26.914753],[-65.449677,-26.913959],[-65.448923,-26.911669],[-65.449001,-26.910753],[-65.449628,-26.909056],[-65.448978,-26.908091],[-65.448573,-26.906676],[-65.449398,-26.904798],[-65.449171,-26.903675],[-65.449435,-26.903633],[-65.448893,-26.900856],[-65.449611,-26.900478],[-65.45126,-26.900644],[-65.45224,-26.898641],[-65.453905,-26.898075],[-65.454389,-26.89687],[-65.455006,-26.89622],[-65.458062,-26.894787],[-65.458894,-26.892793],[-65.460084,-26.893078],[-65.461015,-26.892699],[-65.461244,-26.892331],[-65.460855,-26.891511],[-65.461831,-26.891158],[-65.462223,-26.889273],[-65.46192,-26.887489],[-65.463122,-26.886898],[-65.463601,-26.886325],[-65.463728,-26.886],[-65.463457,-26.885542],[-65.463479,-26.884888],[-65.46402,-26.884168],[-65.464346,-26.884112],[-65.465185,-26.884694],[-65.465991,-26.884491],[-65.466096,-26.88387],[-65.465862,-26.883087],[-65.466172,-26.882512],[-65.468761,-26.882466],[-65.470037,-26.883444],[-65.471516,-26.882914],[-65.472632,-26.88341],[-65.473044,-26.883022],[-65.472745,-26.882432],[-65.47296,-26.882149],[-65.473578,-26.881986],[-65.474642,-26.882115],[-65.475393,-26.881697],[-65.476001,-26.881956],[-65.476843,-26.882829],[-65.478472,-26.882753],[-65.479108,-26.883065],[-65.479656,-26.883714],[-65.480848,-26.883631],[-65.481923,-26.882659],[-65.48188,-26.882217],[-65.483235,-26.879634],[-65.483985,-26.878996],[-65.484592,-26.877793],[-65.485402,-26.877011],[-65.485509,-26.876525],[-65.485028,-26.875657],[-65.485695,-26.87483],[-65.486127,-26.873743],[-65.487012,-26.87304],[-65.488271,-26.872625],[-65.4895,-26.871631],[-65.489928,-26.870799],[-65.492171,-26.869268],[-65.492742,-26.868973],[-65.4936,-26.86896],[-65.49396,-26.868504],[-65.494422,-26.868364],[-65.495343,-26.868431],[-65.497948,-26.866037],[-65.498869,-26.866541],[-65.499332,-26.866463],[-65.500155,-26.865704],[-65.50119,-26.866165],[-65.501873,-26.865641],[-65.50382,-26.865994],[-65.505237,-26.865582],[-65.506003,-26.864666],[-65.506811,-26.865141],[-65.507713,-26.865327],[-65.51007,-26.864799],[-65.510739,-26.864174],[-65.512611,-26.863629],[-65.513588,-26.86489],[-65.514128,-26.865169],[-65.515655,-26.865443],[-65.517645,-26.864826],[-65.518571,-26.865314],[-65.519143,-26.86532],[-65.52138,-26.863615],[-65.526363,-26.862947],[-65.529742,-26.861958],[-65.531127,-26.860853],[-65.534125,-26.860927],[-65.540262,-26.854338],[-65.542702,-26.854715],[-65.54503,-26.854615],[-65.54638,-26.855156],[-65.546982,-26.854407],[-65.547053,-26.853747],[-65.547365,-26.85339],[-65.551611,-26.85329],[-65.553893,-26.850133],[-65.555448,-26.849475],[-65.559724,-26.850541],[-65.560363,-26.850481],[-65.562052,-26.849587],[-65.563005,-26.84937],[-65.563902,-26.849544],[-65.565718,-26.851183],[-65.570005,-26.854196],[-65.573546,-26.853085],[-65.574536,-26.85021],[-65.578036,-26.846605],[-65.578935,-26.846315],[-65.581979,-26.847153],[-65.585586,-26.847527],[-65.587034,-26.845196],[-65.589889,-26.843612],[-65.592155,-26.843838],[-65.595307,-26.844671],[-65.597117,-26.844299],[-65.599433,-26.844482],[-65.602831,-26.843823],[-65.604991,-26.843741],[-65.605464,-26.843179],[-65.608584,-26.841897],[-65.611888,-26.84103],[-65.614346,-26.839135],[-65.616662,-26.837728],[-65.618314,-26.837877],[-65.617928,-26.826941],[-65.618858,-26.825446],[-65.62104,-26.825137],[-65.623968,-26.825262],[-65.629155,-26.816097],[-65.633837,-26.811309],[-65.637049,-26.81072],[-65.645575,-26.810989],[-65.659143,-26.809295],[-65.660865,-26.80934],[-65.671278,-26.811979],[-65.676044,-26.814269],[-65.678338,-26.813961],[-65.680012,-26.812889],[-65.691067,-26.789644],[-65.694365,-26.785009],[-65.697273,-26.778277],[-65.710847,-26.738778],[-65.707288,-26.738589],[-65.705991,-26.741053],[-65.703179,-26.740336],[-65.699826,-26.73997],[-65.695833,-26.740236],[-65.695305,-26.740056],[-65.694412,-26.739054],[-65.693313,-26.73842],[-65.692116,-26.738165],[-65.690968,-26.738248],[-65.689669,-26.738885],[-65.688923,-26.739576],[-65.686867,-26.740263],[-65.686398,-26.739916],[-65.684403,-26.739566],[-65.683741,-26.739186],[-65.681096,-26.739744],[-65.678041,-26.740839],[-65.675285,-26.741275],[-65.673836,-26.74218],[-65.670976,-26.745136],[-65.671066,-26.745952],[-65.671307,-26.74617],[-65.672313,-26.746093],[-65.672459,-26.74662],[-65.671238,-26.748441],[-65.671707,-26.74966],[-65.670634,-26.750914],[-65.667066,-26.751339],[-65.666613,-26.751637],[-65.666262,-26.752305],[-65.665013,-26.752526],[-65.664615,-26.753021],[-65.664045,-26.753089],[-65.66318,-26.753762],[-65.662868,-26.753433],[-65.660861,-26.753757],[-65.658367,-26.753348],[-65.656787,-26.753397],[-65.656068,-26.753971],[-65.655654,-26.754731],[-65.654637,-26.754923],[-65.653411,-26.756008],[-65.651388,-26.756759],[-65.650522,-26.756237],[-65.648291,-26.755559],[-65.647826,-26.754948],[-65.647572,-26.75367],[-65.646579,-26.752599],[-65.644265,-26.752982],[-65.642715,-26.752575],[-65.641689,-26.753135],[-65.640683,-26.752547],[-65.639967,-26.752615],[-65.639824,-26.752214],[-65.640202,-26.751908],[-65.640181,-26.750943],[-65.641451,-26.750635],[-65.641545,-26.750309],[-65.641177,-26.749465],[-65.639209,-26.74863],[-65.638975,-26.748259],[-65.639494,-26.747651],[-65.640963,-26.746774],[-65.641546,-26.746196],[-65.641562,-26.745773],[-65.641069,-26.7456],[-65.640734,-26.744837],[-65.639813,-26.744031],[-65.639286,-26.74393],[-65.638447,-26.744291],[-65.637933,-26.744229],[-65.636716,-26.743545],[-65.635724,-26.740665],[-65.634484,-26.739613],[-65.633546,-26.738379],[-65.63263,-26.737944],[-65.632065,-26.738252],[-65.63155,-26.73804],[-65.630564,-26.73849],[-65.627789,-26.73779],[-65.62627,-26.736331],[-65.624617,-26.736368],[-65.6241,-26.735955],[-65.623286,-26.735819],[-65.621251,-26.73483],[-65.620235,-26.733881],[-65.619069,-26.733356],[-65.617969,-26.732092],[-65.614837,-26.729502],[-65.611296,-26.728532],[-65.609747,-26.728461]]]]}},{"type":"Feature","properties":{"id":"90070","name":"Monteros"},"geometry":{"type":"MultiPolygon","coordinates":[[[[-65.635504,-26.923991],[-65.611086,-26.93383],[-65.606563,-26.92858],[-65.606029,-26.930416],[-65.604321,-26.931698],[-65.600273,-26.932402],[-65.600267,-26.933881],[-65.592359,-26.933541],[-65.586879,-26.939152],[-65.585205,-26.939979],[-65.573987,-26.949702],[-65.573539,-26.952078],[-65.567603,-26.957765],[-65.56368,-26.958706],[-65.554281,-26.960308],[-65.549288,-26.964508],[-65.543427,-26.968317],[-65.547853,-26.970773],[-65.540243,-26.981783],[-65.535816,-26.982654],[-65.530214,-26.986782],[-65.530099,-26.992737],[-65.531305,-26.994183],[-65.527576,-27.001784],[-65.521033,-27.003604],[-65.519172,-27.002445],[-65.51538,-27.00506],[-65.512774,-27.009745],[-65.510008,-27.012309],[-65.507643,-27.011301],[-65.501456,-27.016206],[-65.500309,-27.019901],[-65.497329,-27.021417],[-65.494534,-27.024956],[-65.493388,-27.024533],[-65.492622,-27.024552],[-65.49261,-27.024307],[-65.494966,-27.019829],[-65.494749,-27.01911],[-65.495126,-27.017643],[-65.494756,-27.016078],[-65.490398,-27.019647],[-65.489292,-27.023469],[-65.489001,-27.02643],[-65.488737,-27.027068],[-65.486708,-27.027883],[-65.487425,-27.028991],[-65.487167,-27.028745],[-65.487147,-27.02916],[-65.485765,-27.030407],[-65.485514,-27.031744],[-65.483981,-27.032658],[-65.48316,-27.033715],[-65.483509,-27.034686],[-65.483905,-27.034927],[-65.483674,-27.036166],[-65.484346,-27.037555],[-65.483479,-27.038842],[-65.481158,-27.040668],[-65.480857,-27.041719],[-65.480406,-27.042365],[-65.478598,-27.043634],[-65.47788,-27.047672],[-65.47787,-27.049247],[-65.47822,-27.049757],[-65.478537,-27.052123],[-65.478127,-27.053822],[-65.477312,-27.055431],[-65.477488,-27.056833],[-65.476784,-27.058159],[-65.477075,-27.059446],[-65.476682,-27.060628],[-65.477174,-27.061604],[-65.478372,-27.062488],[-65.479664,-27.06515],[-65.480589,-27.070283],[-65.481083,-27.070711],[-65.481953,-27.070771],[-65.483024,-27.071223],[-65.484079,-27.072049],[-65.484978,-27.073762],[-65.484666,-27.074701],[-65.48468,-27.075678],[-65.485571,-27.076379],[-65.486668,-27.078032],[-65.487039,-27.079738],[-65.487856,-27.080257],[-65.487864,-27.081121],[-65.488539,-27.082487],[-65.488378,-27.083029],[-65.488652,-27.083784],[-65.488549,-27.0843],[-65.487779,-27.084901],[-65.487645,-27.085267],[-65.487835,-27.086871],[-65.486967,-27.089413],[-65.486024,-27.090191],[-65.483671,-27.091176],[-65.482471,-27.092458],[-65.482439,-27.093211],[-65.482659,-27.093636],[-65.484762,-27.094899],[-65.485091,-27.095293],[-65.485043,-27.09576],[-65.483232,-27.09671],[-65.482094,-27.09774],[-65.481685,-27.097808],[-65.481234,-27.097522],[-65.4806,-27.096113],[-65.479636,-27.095437],[-65.479111,-27.095185],[-65.477983,-27.095277],[-65.476509,-27.096017],[-65.475155,-27.096295],[-65.474905,-27.097193],[-65.476131,-27.098729],[-65.47538,-27.100117],[-65.475566,-27.100907],[-65.47386,-27.101609],[-65.473858,-27.101987],[-65.473451,-27.102335],[-65.473045,-27.102526],[-65.471985,-27.10225],[-65.470946,-27.10109],[-65.469778,-27.100381],[-65.467395,-27.101277],[-65.466698,-27.101824],[-65.467252,-27.102252],[-65.466561,-27.103008],[-65.466374,-27.10404],[-65.467076,-27.104648],[-65.468122,-27.104543],[-65.468233,-27.105709],[-65.468807,-27.106807],[-65.47056,-27.107882],[-65.471961,-27.107776],[-65.472172,-27.107958],[-65.471208,-27.10933],[-65.470031,-27.109499],[-65.468553,-27.109119],[-65.466248,-27.10799],[-65.465161,-27.107931],[-65.464261,-27.108894],[-65.464437,-27.109857],[-65.464949,-27.1107],[-65.464737,-27.111025],[-65.462346,-27.111807],[-65.46115,-27.112719],[-65.458322,-27.112559],[-65.456857,-27.113174],[-65.456934,-27.114274],[-65.45759,-27.114929],[-65.459006,-27.11519],[-65.462286,-27.11448],[-65.462859,-27.114944],[-65.462729,-27.115611],[-65.461929,-27.115841],[-65.460042,-27.115599],[-65.458557,-27.116645],[-65.457978,-27.116787],[-65.45616,-27.116754],[-65.453848,-27.115673],[-65.451436,-27.116034],[-65.450216,-27.116916],[-65.449733,-27.117632],[-65.448017,-27.118335],[-65.447137,-27.119615],[-65.44731,-27.120433],[-65.447837,-27.120769],[-65.447473,-27.121181],[-65.446689,-27.121064],[-65.44581,-27.120487],[-65.445407,-27.119542],[-65.445342,-27.118031],[-65.444874,-27.117819],[-65.443304,-27.118026],[-65.442668,-27.118809],[-65.44336,-27.119503],[-65.442988,-27.120737],[-65.444115,-27.123042],[-65.443427,-27.123328],[-65.442843,-27.123128],[-65.440781,-27.123958],[-65.438215,-27.123772],[-65.437524,-27.123942],[-65.437156,-27.12463],[-65.437564,-27.125933],[-65.437347,-27.126345],[-65.435542,-27.124631],[-65.434748,-27.124445],[-65.433975,-27.124614],[-65.433582,-27.124959],[-65.433302,-27.12569],[-65.433434,-27.126467],[-65.433161,-27.127029],[-65.432714,-27.127238],[-65.432161,-27.127148],[-65.431185,-27.125419],[-65.430974,-27.123665],[-65.430042,-27.123266],[-65.428827,-27.125129],[-65.430573,-27.128221],[-65.430992,-27.129706],[-65.430507,-27.130762],[-65.429175,-27.131435],[-65.428302,-27.131484],[-65.427716,-27.131173],[-65.427291,-27.129658],[-65.427492,-27.129384],[-65.427063,-27.129154],[-65.425594,-27.126218],[-65.424914,-27.126032],[-65.424183,-27.126292],[-65.423856,-27.126651],[-65.423478,-27.128232],[-65.424641,-27.130611],[-65.424382,-27.131025],[-65.423362,-27.131068],[-65.421262,-27.130392],[-65.420432,-27.130378],[-65.419898,-27.130699],[-65.4201,-27.131398],[-65.419736,-27.131919],[-65.417419,-27.132199],[-65.415254,-27.133441],[-65.413332,-27.135294],[-65.410684,-27.136395],[-65.409819,-27.136989],[-65.408768,-27.138656],[-65.408564,-27.139901],[-65.409478,-27.141102],[-65.409851,-27.141241],[-65.410764,-27.141058],[-65.412248,-27.141968],[-65.413229,-27.142103],[-65.413802,-27.141751],[-65.414392,-27.142038],[-65.414442,-27.142642],[-65.415009,-27.143334],[-65.415038,-27.144105],[-65.41487,-27.14504],[-65.414286,-27.14579],[-65.413583,-27.145727],[-65.412977,-27.145357],[-65.412577,-27.144645],[-65.41248,-27.143844],[-65.411628,-27.143204],[-65.411152,-27.143283],[-65.409902,-27.144464],[-65.408393,-27.144628],[-65.406497,-27.144339],[-65.405235,-27.144858],[-65.404474,-27.145569],[-65.403912,-27.148071],[-65.400574,-27.149896],[-65.40065,-27.151197],[-65.400125,-27.151709],[-65.399753,-27.152958],[-65.39921,-27.153252],[-65.398344,-27.153245],[-65.397872,-27.152898],[-65.397735,-27.15224],[-65.398258,-27.151217],[-65.397429,-27.14988],[-65.396395,-27.149312],[-65.395708,-27.149324],[-65.394272,-27.149852],[-65.393733,-27.149795],[-65.392881,-27.149175],[-65.392252,-27.149369],[-65.391213,-27.149148],[-65.385652,-27.151032],[-65.384978,-27.152361],[-65.385286,-27.153156],[-65.385716,-27.153469],[-65.386226,-27.1535],[-65.386697,-27.153189],[-65.387203,-27.151994],[-65.387738,-27.151853],[-65.388401,-27.152477],[-65.38892,-27.152467],[-65.389321,-27.152173],[-65.389432,-27.151556],[-65.389914,-27.151354],[-65.390686,-27.151893],[-65.390666,-27.15271],[-65.389928,-27.153917],[-65.38904,-27.154526],[-65.38735,-27.154479],[-65.386283,-27.154709],[-65.383165,-27.156169],[-65.381268,-27.156756],[-65.379698,-27.156987],[-65.378194,-27.156499],[-65.377418,-27.156725],[-65.377255,-27.157322],[-65.377724,-27.15862],[-65.378563,-27.159052],[-65.379837,-27.158868],[-65.380299,-27.159293],[-65.380142,-27.159797],[-65.37954,-27.160279],[-65.37699,-27.160857],[-65.376868,-27.161457],[-65.377614,-27.163044],[-65.377145,-27.163695],[-65.376717,-27.1637],[-65.37542,-27.162756],[-65.375289,-27.162051],[-65.375697,-27.161214],[-65.375632,-27.160453],[-65.374269,-27.158882],[-65.373623,-27.158922],[-65.373082,-27.159313],[-65.372518,-27.160964],[-65.372771,-27.161657],[-65.373968,-27.162342],[-65.373875,-27.162733],[-65.371929,-27.162537],[-65.370673,-27.161769],[-65.368866,-27.162067],[-65.368858,-27.1628],[-65.369394,-27.163246],[-65.369584,-27.164959],[-65.370596,-27.166493],[-65.370797,-27.167849],[-65.370516,-27.169037],[-65.370769,-27.170571],[-65.371726,-27.171656],[-65.371705,-27.171919],[-65.369604,-27.172623],[-65.369216,-27.173207],[-65.366674,-27.172893],[-65.365542,-27.173125],[-65.364995,-27.174308],[-65.365505,-27.175082],[-65.366716,-27.175987],[-65.366783,-27.176403],[-65.366467,-27.176697],[-65.36557,-27.176645],[-65.364558,-27.175959],[-65.362943,-27.175561],[-65.362212,-27.175736],[-65.36226,-27.176545],[-65.363079,-27.177284],[-65.363099,-27.177781],[-65.364371,-27.180039],[-65.369434,-27.180746],[-65.373313,-27.182371],[-65.379312,-27.183189],[-65.384444,-27.181896],[-65.38562,-27.181267],[-65.391367,-27.177097],[-65.392547,-27.175683],[-65.394565,-27.1745],[-65.396116,-27.174304],[-65.397663,-27.174514],[-65.398481,-27.174254],[-65.400063,-27.174589],[-65.401219,-27.175515],[-65.402621,-27.178825],[-65.40616,-27.181466],[-65.406582,-27.182167],[-65.407866,-27.183117],[-65.410237,-27.192375],[-65.412446,-27.204451],[-65.415361,-27.204019],[-65.415309,-27.203695],[-65.415897,-27.20359],[-65.416312,-27.204881],[-65.415548,-27.205014],[-65.416689,-27.211049],[-65.418781,-27.21036],[-65.420389,-27.210171],[-65.420977,-27.211044],[-65.421468,-27.21106],[-65.42257,-27.217265],[-65.436256,-27.209303],[-65.438701,-27.220081],[-65.442315,-27.219173],[-65.442373,-27.21787],[-65.44507,-27.217631],[-65.445285,-27.216961],[-65.446047,-27.216926],[-65.44832,-27.2272],[-65.449934,-27.230003],[-65.450576,-27.234474],[-65.451878,-27.234501],[-65.451862,-27.235044],[-65.452738,-27.235653],[-65.452969,-27.235366],[-65.453507,-27.235354],[-65.453665,-27.234861],[-65.45405,-27.234835],[-65.454476,-27.235179],[-65.454661,-27.234967],[-65.455188,-27.235088],[-65.455044,-27.234674],[-65.455866,-27.234644],[-65.456097,-27.234315],[-65.459002,-27.246293],[-65.460679,-27.245955],[-65.464312,-27.260861],[-65.45996,-27.26173],[-65.461061,-27.266971],[-65.458455,-27.267445],[-65.459765,-27.273054],[-65.461042,-27.272897],[-65.465107,-27.292205],[-65.465909,-27.293433],[-65.465528,-27.293799],[-65.465485,-27.294321],[-65.467672,-27.297755],[-65.469609,-27.297684],[-65.470072,-27.299977],[-65.472795,-27.298392],[-65.47461,-27.298236],[-65.475735,-27.29844],[-65.478145,-27.298386],[-65.479233,-27.298604],[-65.480251,-27.299118],[-65.480982,-27.300037],[-65.481468,-27.301149],[-65.481969,-27.301311],[-65.482443,-27.301132],[-65.482278,-27.300161],[-65.482666,-27.298929],[-65.483821,-27.298064],[-65.486371,-27.297523],[-65.490331,-27.298746],[-65.492669,-27.298251],[-65.492667,-27.295759],[-65.49318,-27.293687],[-65.494023,-27.292746],[-65.495459,-27.292346],[-65.497366,-27.292559],[-65.499029,-27.29334],[-65.500324,-27.29472],[-65.501111,-27.296121],[-65.502127,-27.296845],[-65.50288,-27.296804],[-65.504375,-27.296242],[-65.505995,-27.294974],[-65.506875,-27.295129],[-65.508454,-27.292644],[-65.510242,-27.291672],[-65.509542,-27.288625],[-65.510882,-27.288657],[-65.511929,-27.289052],[-65.513059,-27.289845],[-65.513696,-27.290887],[-65.515735,-27.291469],[-65.517313,-27.292433],[-65.516639,-27.291479],[-65.516543,-27.290252],[-65.517139,-27.288857],[-65.51829,-27.287913],[-65.519176,-27.287652],[-65.520617,-27.287767],[-65.524139,-27.289491],[-65.528103,-27.287849],[-65.529324,-27.286372],[-65.528716,-27.284042],[-65.528727,-27.282818],[-65.530193,-27.278304],[-65.532105,-27.276152],[-65.532877,-27.2758],[-65.534671,-27.276005],[-65.536366,-27.277347],[-65.537155,-27.279356],[-65.537427,-27.281772],[-65.537902,-27.282701],[-65.53781,-27.283151],[-65.538308,-27.283944],[-65.540295,-27.284867],[-65.543131,-27.285463],[-65.548146,-27.284657],[-65.556166,-27.283793],[-65.562199,-27.281806],[-65.56365,-27.281625],[-65.565632,-27.280795],[-65.569778,-27.280993],[-65.570617,-27.280701],[-65.572226,-27.279502],[-65.57324,-27.279311],[-65.574837,-27.278593],[-65.575371,-27.27864],[-65.575831,-27.278112],[-65.57689,-27.278011],[-65.57757,-27.277505],[-65.578999,-27.278159],[-65.580057,-27.278114],[-65.582086,-27.277347],[-65.583186,-27.275992],[-65.583033,-27.275171],[-65.583532,-27.274083],[-65.585356,-27.272649],[-65.588005,-27.271294],[-65.588899,-27.268394],[-65.590281,-27.266728],[-65.591403,-27.266464],[-65.592869,-27.266527],[-65.594297,-27.265042],[-65.595522,-27.264555],[-65.596491,-27.264608],[-65.596442,-27.264845],[-65.597328,-27.265069],[-65.598074,-27.264935],[-65.598934,-27.265157],[-65.60175,-27.264631],[-65.603606,-27.263377],[-65.604674,-27.263309],[-65.606604,-27.261188],[-65.607246,-27.26003],[-65.607784,-27.259715],[-65.61074,-27.260065],[-65.612423,-27.258417],[-65.613242,-27.258049],[-65.614721,-27.257926],[-65.617118,-27.258239],[-65.619278,-27.256647],[-65.621057,-27.254428],[-65.622105,-27.253939],[-65.62278,-27.253858],[-65.624193,-27.254773],[-65.625231,-27.254937],[-65.625146,-27.254334],[-65.624463,-27.254296],[-65.624651,-27.253791],[-65.626042,-27.253418],[-65.626961,-27.252174],[-65.627872,-27.251588],[-65.629255,-27.251218],[-65.63118,-27.250195],[-65.633005,-27.249839],[-65.63403,-27.248849],[-65.635455,-27.246273],[-65.636771,-27.244811],[-65.638802,-27.243246],[-65.640261,-27.242685],[-65.641351,-27.241948],[-65.642733,-27.241557],[-65.646757,-27.241202],[-65.649948,-27.240015],[-65.652796,-27.238545],[-65.654095,-27.23864],[-65.655843,-27.239329],[-65.65659,-27.239366],[-65.65803,-27.238932],[-65.658982,-27.2389],[-65.659609,-27.238443],[-65.660856,-27.238359],[-65.663006,-27.237755],[-65.665662,-27.236641],[-65.668237,-27.235191],[-65.672119,-27.231671],[-65.674621,-27.230576],[-65.675584,-27.230457],[-65.677803,-27.229229],[-65.680017,-27.227381],[-65.682568,-27.226948],[-65.683597,-27.226452],[-65.686552,-27.224167],[-65.688977,-27.221705],[-65.689792,-27.220417],[-65.689989,-27.218874],[-65.689548,-27.215929],[-65.689575,-27.214007],[-65.69112,-27.211267],[-65.693002,-27.209423],[-65.694208,-27.207665],[-65.695016,-27.204862],[-65.694768,-27.204018],[-65.695854,-27.202834],[-65.696161,-27.202005],[-65.696915,-27.20156],[-65.701612,-27.200822],[-65.704179,-27.201064],[-65.705829,-27.199611],[-65.709433,-27.198974],[-65.71132,-27.199204],[-65.712843,-27.199912],[-65.714553,-27.19916],[-65.716451,-27.19892],[-65.719009,-27.199531],[-65.719847,-27.198921],[-65.72113,-27.197353],[-65.721265,-27.196662],[-65.721552,-27.196526],[-65.724167,-27.197984],[-65.728986,-27.198816],[-65.731366,-27.197987],[-65.733228,-27.19793],[-65.735668,-27.19831],[-65.736932,-27.197282],[-65.738273,-27.197506],[-65.738997,-27.197341],[-65.739674,-27.197774],[-65.741335,-27.197904],[-65.741819,-27.197661],[-65.742736,-27.196388],[-65.743789,-27.196055],[-65.745839,-27.196478],[-65.747726,-27.197603],[-65.748696,-27.197427],[-65.749757,-27.197751],[-65.754604,-27.200672],[-65.755446,-27.200814],[-65.758109,-27.200487],[-65.759397,-27.200817],[-65.761713,-27.201875],[-65.762932,-27.201469],[-65.764959,-27.201449],[-65.766812,-27.199705],[-65.767683,-27.199585],[-65.769025,-27.199842],[-65.770394,-27.19951],[-65.773325,-27.196685],[-65.775062,-27.195389],[-65.776729,-27.194779],[-65.77787,-27.194936],[-65.778365,-27.195258],[-65.778917,-27.193649],[-65.779447,-27.193679],[-65.780256,-27.194596],[-65.782559,-27.195348],[-65.78347,-27.196168],[-65.784436,-27.195222],[-65.785728,-27.194529],[-65.786393,-27.194451],[-65.787893,-27.194931],[-65.788543,-27.194299],[-65.789908,-27.193967],[-65.792304,-27.195175],[-65.793493,-27.195158],[-65.794268,-27.194451],[-65.79501,-27.195145],[-65.795946,-27.195064],[-65.796689,-27.194167],[-65.797262,-27.194148],[-65.797348,-27.193603],[-65.79689,-27.19322],[-65.795899,-27.193058],[-65.795307,-27.192484],[-65.795142,-27.191916],[-65.795943,-27.191374],[-65.797031,-27.191185],[-65.79762,-27.190542],[-65.797088,-27.189657],[-65.796799,-27.18843],[-65.797754,-27.18638],[-65.797688,-27.184859],[-65.79845,-27.183652],[-65.79838,-27.181981],[-65.798782,-27.181417],[-65.79988,-27.181133],[-65.800062,-27.180864],[-65.798742,-27.179914],[-65.79894,-27.178702],[-65.798589,-27.178683],[-65.797744,-27.179274],[-65.797076,-27.178382],[-65.797252,-27.177838],[-65.798218,-27.176928],[-65.798062,-27.175751],[-65.798555,-27.174397],[-65.799576,-27.173565],[-65.799945,-27.172597],[-65.798966,-27.170811],[-65.79897,-27.169527],[-65.79772,-27.169304],[-65.797143,-27.168644],[-65.797952,-27.166402],[-65.797946,-27.165138],[-65.797561,-27.164082],[-65.798103,-27.163313],[-65.79993,-27.16356],[-65.800138,-27.163382],[-65.800462,-27.162673],[-65.800442,-27.16209],[-65.799152,-27.16159],[-65.799247,-27.161285],[-65.800181,-27.159127],[-65.802321,-27.157584],[-65.80404,-27.157013],[-65.804731,-27.156413],[-65.805385,-27.156337],[-65.805897,-27.156726],[-65.808401,-27.155876],[-65.812394,-27.1552],[-65.812816,-27.154805],[-65.813149,-27.154026],[-65.812819,-27.153251],[-65.813238,-27.152468],[-65.814197,-27.151732],[-65.814424,-27.150999],[-65.815486,-27.151294],[-65.815992,-27.150973],[-65.816341,-27.150063],[-65.816938,-27.150151],[-65.817302,-27.149939],[-65.817682,-27.148373],[-65.818421,-27.147262],[-65.818171,-27.146225],[-65.818206,-27.144309],[-65.818646,-27.144022],[-65.819607,-27.141978],[-65.820085,-27.141427],[-65.820974,-27.138962],[-65.821251,-27.138669],[-65.822079,-27.138571],[-65.823072,-27.136887],[-65.824951,-27.136055],[-65.826947,-27.13607],[-65.827638,-27.136161],[-65.828551,-27.136961],[-65.861137,-27.118197],[-65.868607,-27.11695],[-65.871979,-27.117142],[-65.880653,-27.112277],[-65.884048,-27.11098],[-65.88842,-27.111199],[-65.890686,-27.10825],[-65.893913,-27.104805],[-65.897751,-27.10183],[-65.901665,-27.100216],[-65.918297,-27.097683],[-65.922897,-27.095654],[-65.93132,-27.087536],[-65.97281,-27.054037],[-65.972223,-27.053926],[-65.969357,-27.054462],[-65.968297,-27.054333],[-65.966916,-27.053498],[-65.96653,-27.052984],[-65.966241,-27.050735],[-65.964699,-27.0499],[-65.963993,-27.048744],[-65.964314,-27.047395],[-65.965285,-27.04576],[-65.965318,-27.045],[-65.964604,-27.042859],[-65.964371,-27.04089],[-65.964842,-27.039587],[-65.965277,-27.034559],[-65.964306,-27.033103],[-65.963359,-27.032863],[-65.960491,-27.033646],[-65.95956,-27.033486],[-65.958561,-27.032801],[-65.957287,-27.032924],[-65.9558,-27.032092],[-65.955384,-27.030884],[-65.954596,-27.030815],[-65.953585,-27.030049],[-65.952724,-27.028704],[-65.951814,-27.028106],[-65.950565,-27.026678],[-65.947353,-27.024358],[-65.946401,-27.023407],[-65.942832,-27.021265],[-65.938489,-27.019421],[-65.93379,-27.018648],[-65.933135,-27.017815],[-65.931529,-27.01722],[-65.926889,-27.018291],[-65.921774,-27.018231],[-65.920524,-27.017815],[-65.918561,-27.015792],[-65.917123,-27.014876],[-65.915349,-27.012342],[-65.914635,-27.009665],[-65.913683,-27.007881],[-65.913523,-27.006849],[-65.914457,-27.005085],[-65.916075,-27.003672],[-65.916598,-27.000623],[-65.916717,-26.999017],[-65.91523,-26.996816],[-65.91523,-26.994139],[-65.915706,-26.99289],[-65.916598,-26.992474],[-65.918026,-26.991165],[-65.917609,-26.990273],[-65.916717,-26.989797],[-65.91606,-26.989069],[-65.913799,-26.982644],[-65.911896,-26.98086],[-65.903568,-26.978718],[-65.898928,-26.979075],[-65.895954,-26.978123],[-65.891195,-26.975149],[-65.892146,-26.971699],[-65.890131,-26.970436],[-65.88983,-26.969776],[-65.885403,-26.972106],[-65.88443,-26.973442],[-65.883178,-26.97392],[-65.882675,-26.974698],[-65.881705,-26.975156],[-65.879622,-26.976978],[-65.875803,-26.97926],[-65.875302,-26.980041],[-65.875182,-26.98121],[-65.874849,-26.98182],[-65.872573,-26.982267],[-65.871085,-26.982146],[-65.868931,-26.981393],[-65.865874,-26.981579],[-65.864869,-26.982007],[-65.864882,-26.98228],[-65.863801,-26.982381],[-65.861502,-26.983345],[-65.860732,-26.984054],[-65.860483,-26.984942],[-65.860858,-26.986568],[-65.860494,-26.987203],[-65.858569,-26.988423],[-65.856703,-26.989042],[-65.855962,-26.989864],[-65.855212,-26.991364],[-65.855277,-26.992101],[-65.854947,-26.993477],[-65.855801,-26.998038],[-65.855509,-27.000024],[-65.855675,-27.00061],[-65.855348,-27.001413],[-65.855422,-27.002322],[-65.855053,-27.003666],[-65.855701,-27.005249],[-65.853316,-27.008009],[-65.853152,-27.009318],[-65.852461,-27.010223],[-65.852895,-27.010966],[-65.852257,-27.011443],[-65.852482,-27.012923],[-65.854161,-27.014879],[-65.854179,-27.016446],[-65.851916,-27.018194],[-65.850865,-27.018543],[-65.849366,-27.019689],[-65.848757,-27.019755],[-65.848351,-27.020216],[-65.847698,-27.020464],[-65.847081,-27.021223],[-65.847315,-27.023006],[-65.846646,-27.024032],[-65.846275,-27.024179],[-65.845839,-27.024816],[-65.845197,-27.024917],[-65.844493,-27.025549],[-65.843864,-27.02569],[-65.843292,-27.025399],[-65.842653,-27.025692],[-65.842278,-27.02619],[-65.842541,-27.027106],[-65.842094,-27.027609],[-65.840477,-27.028341],[-65.840182,-27.028359],[-65.839611,-27.027647],[-65.836457,-27.028643],[-65.836037,-27.029225],[-65.835927,-27.030001],[-65.835117,-27.030941],[-65.835332,-27.03232],[-65.834227,-27.032818],[-65.833635,-27.033451],[-65.832841,-27.033856],[-65.83169,-27.033261],[-65.829798,-27.033991],[-65.829152,-27.034842],[-65.829707,-27.035761],[-65.829307,-27.036286],[-65.828686,-27.036551],[-65.827236,-27.036316],[-65.826612,-27.036529],[-65.826574,-27.036949],[-65.827156,-27.037745],[-65.826695,-27.03878],[-65.825546,-27.039193],[-65.823851,-27.039036],[-65.822889,-27.039701],[-65.822797,-27.040115],[-65.823035,-27.040434],[-65.824409,-27.04116],[-65.82421,-27.041925],[-65.825002,-27.042865],[-65.825323,-27.043916],[-65.824289,-27.044308],[-65.823456,-27.043923],[-65.82266,-27.043919],[-65.82173,-27.044401],[-65.820638,-27.044301],[-65.819691,-27.044577],[-65.819349,-27.045314],[-65.81838,-27.046374],[-65.818323,-27.048169],[-65.817353,-27.050137],[-65.817908,-27.050923],[-65.819505,-27.051723],[-65.819888,-27.052133],[-65.818783,-27.054391],[-65.817431,-27.05625],[-65.816969,-27.057862],[-65.817733,-27.058768],[-65.817756,-27.060572],[-65.818513,-27.061682],[-65.818609,-27.062926],[-65.818096,-27.06333],[-65.816552,-27.063579],[-65.815311,-27.064624],[-65.814479,-27.064878],[-65.813289,-27.064667],[-65.810297,-27.06335],[-65.808433,-27.062057],[-65.80688,-27.062624],[-65.803655,-27.062582],[-65.802551,-27.06312],[-65.801962,-27.063871],[-65.801585,-27.064989],[-65.800852,-27.065818],[-65.799684,-27.06632],[-65.799372,-27.068114],[-65.798689,-27.068982],[-65.798125,-27.070611],[-65.798434,-27.071705],[-65.799288,-27.071864],[-65.799728,-27.072295],[-65.799731,-27.073107],[-65.800361,-27.073933],[-65.797876,-27.074977],[-65.796806,-27.075013],[-65.79608,-27.073692],[-65.795607,-27.073539],[-65.795041,-27.074774],[-65.794961,-27.075547],[-65.795932,-27.076635],[-65.79598,-27.077577],[-65.796427,-27.078095],[-65.79655,-27.078921],[-65.795695,-27.079772],[-65.795464,-27.080591],[-65.795785,-27.080982],[-65.796143,-27.083193],[-65.797443,-27.0849],[-65.797173,-27.086586],[-65.795932,-27.088101],[-65.793881,-27.088754],[-65.792432,-27.08875],[-65.790871,-27.09013],[-65.792247,-27.090733],[-65.792152,-27.092083],[-65.791291,-27.092925],[-65.79343,-27.093838],[-65.793743,-27.094583],[-65.793402,-27.09538],[-65.79238,-27.096992],[-65.791184,-27.097928],[-65.790219,-27.09808],[-65.789286,-27.0974],[-65.788812,-27.097616],[-65.787223,-27.097566],[-65.786914,-27.098303],[-65.787255,-27.099041],[-65.786929,-27.099445],[-65.787276,-27.100169],[-65.78679,-27.10074],[-65.783298,-27.099838],[-65.782709,-27.100158],[-65.781041,-27.099725],[-65.780574,-27.099274],[-65.780803,-27.098346],[-65.77978,-27.096921],[-65.779262,-27.096575],[-65.778748,-27.095783],[-65.777928,-27.095618],[-65.776119,-27.09389],[-65.77489,-27.093385],[-65.77143,-27.093884],[-65.770979,-27.093425],[-65.770541,-27.092378],[-65.771059,-27.091634],[-65.771361,-27.090548],[-65.773464,-27.09028],[-65.774339,-27.089667],[-65.775146,-27.0896],[-65.775862,-27.088517],[-65.775553,-27.087277],[-65.775969,-27.085531],[-65.775119,-27.083697],[-65.774916,-27.082543],[-65.774191,-27.082083],[-65.772448,-27.081922],[-65.772205,-27.081461],[-65.772643,-27.080671],[-65.776216,-27.077767],[-65.777421,-27.074811],[-65.777367,-27.074263],[-65.776402,-27.073226],[-65.776511,-27.072479],[-65.775794,-27.071708],[-65.775623,-27.071197],[-65.775993,-27.070467],[-65.777107,-27.06949],[-65.777658,-27.068303],[-65.777642,-27.067484],[-65.777246,-27.066449],[-65.778136,-27.063973],[-65.778582,-27.061661],[-65.778503,-27.060007],[-65.778105,-27.059019],[-65.778548,-27.05782],[-65.77788,-27.055597],[-65.780323,-27.053565],[-65.779989,-27.051458],[-65.779451,-27.050086],[-65.780528,-27.048903],[-65.780106,-27.047235],[-65.752597,-27.038974],[-65.748382,-27.037206],[-65.74243,-27.035228],[-65.745387,-27.033452],[-65.742661,-27.028457],[-65.74333,-27.022504],[-65.742518,-27.019838],[-65.740309,-27.017602],[-65.734749,-27.013817],[-65.733024,-27.010738],[-65.731139,-27.009121],[-65.730102,-27.007625],[-65.731321,-27.005178],[-65.730753,-27.003595],[-65.731304,-27.001625],[-65.729715,-26.997467],[-65.728649,-26.996051],[-65.727466,-26.995445],[-65.726121,-26.993616],[-65.723672,-26.993165],[-65.723806,-26.990855],[-65.724697,-26.988735],[-65.72483,-26.987118],[-65.72403,-26.985789],[-65.722017,-26.984916],[-65.721062,-26.982975],[-65.718862,-26.982855],[-65.715677,-26.980675],[-65.716407,-26.979636],[-65.715486,-26.977706],[-65.715249,-26.976298],[-65.712766,-26.973766],[-65.71242,-26.972181],[-65.709206,-26.971656],[-65.693699,-26.96693],[-65.692186,-26.965721],[-65.690617,-26.965483],[-65.688899,-26.964302],[-65.687877,-26.962215],[-65.683269,-26.955641],[-65.68317,-26.954351],[-65.681247,-26.952163],[-65.67994,-26.951687],[-65.672694,-26.950538],[-65.671492,-26.950913],[-65.670854,-26.951453],[-65.665497,-26.954005],[-65.66153,-26.952445],[-65.661054,-26.951894],[-65.661037,-26.95083],[-65.662353,-26.9489],[-65.662999,-26.948491],[-65.662984,-26.947658],[-65.66272,-26.947255],[-65.661466,-26.947206],[-65.660458,-26.946756],[-65.660069,-26.946289],[-65.658263,-26.94676],[-65.657009,-26.946629],[-65.655572,-26.946251],[-65.653363,-26.945195],[-65.651885,-26.944948],[-65.652178,-26.944091],[-65.652187,-26.937367],[-65.653044,-26.937301],[-65.657056,-26.934197],[-65.656931,-26.931509],[-65.65775,-26.930403],[-65.656981,-26.928794],[-65.656217,-26.927838],[-65.645553,-26.932601],[-65.639854,-26.922239],[-65.635504,-26.923991]]]]}},{"type":"Feature","properties":{"id":"90077","name":"Río Chico"},"geometry":{"type":"MultiPolygon","coordinates":[[[[-65.792869,-27.356211],[-65.792115,-27.35689],[-65.790056,-27.357825],[-65.788374,-27.358061],[-65.787073,-27.358564],[-65.784715,-27.358409],[-65.783085,-27.358961],[-65.781583,-27.358669],[-65.779874,-27.359006],[-65.778169,-27.35771],[-65.775776,-27.357214],[-65.774151,-27.357836],[-65.772089,-27.358248],[-65.76994,-27.359536],[-65.767225,-27.360351],[-65.765824,-27.359906],[-65.76478,-27.359118],[-65.764256,-27.359166],[-65.762626,-27.358353],[-65.75924,-27.357998],[-65.758813,-27.358349],[-65.758001,-27.358456],[-65.755459,-27.356924],[-65.753921,-27.35664],[-65.752776,-27.356876],[-65.752011,-27.357946],[-65.750529,-27.359105],[-65.748591,-27.359683],[-65.746465,-27.359681],[-65.743393,-27.359201],[-65.740508,-27.357259],[-65.738354,-27.35652],[-65.736135,-27.356582],[-65.734064,-27.356073],[-65.732977,-27.356401],[-65.729872,-27.35531],[-65.728553,-27.355583],[-65.727932,-27.35535],[-65.72725,-27.35572],[-65.726281,-27.355562],[-65.725488,-27.355781],[-65.723716,-27.355741],[-65.722099,-27.356678],[-65.719714,-27.35697],[-65.718345,-27.358003],[-65.717169,-27.358348],[-65.716536,-27.358874],[-65.713916,-27.360168],[-65.713055,-27.361594],[-65.711471,-27.362963],[-65.710864,-27.364156],[-65.708229,-27.366684],[-65.702811,-27.367465],[-65.699242,-27.368446],[-65.697977,-27.369173],[-65.696656,-27.370574],[-65.6958,-27.37084],[-65.694581,-27.372726],[-65.692621,-27.373293],[-65.691043,-27.374793],[-65.690013,-27.375444],[-65.686851,-27.376306],[-65.686055,-27.376759],[-65.685737,-27.377106],[-65.685409,-27.378584],[-65.685168,-27.378803],[-65.683652,-27.379148],[-65.681362,-27.380692],[-65.679558,-27.381156],[-65.678932,-27.381941],[-65.678635,-27.382783],[-65.677703,-27.383871],[-65.677446,-27.385127],[-65.676498,-27.386005],[-65.676159,-27.386951],[-65.675478,-27.387844],[-65.675559,-27.388352],[-65.673441,-27.390114],[-65.672968,-27.391197],[-65.671559,-27.391541],[-65.669747,-27.392715],[-65.668882,-27.39407],[-65.668859,-27.394958],[-65.668547,-27.395537],[-65.667785,-27.395873],[-65.667136,-27.396512],[-65.665743,-27.396944],[-65.664668,-27.398051],[-65.66233,-27.397955],[-65.659589,-27.399096],[-65.659051,-27.400433],[-65.659743,-27.401649],[-65.658863,-27.402692],[-65.658712,-27.404484],[-65.657723,-27.405604],[-65.655044,-27.407532],[-65.65353,-27.407607],[-65.649354,-27.406482],[-65.648695,-27.40336],[-65.648079,-27.402127],[-65.647754,-27.402131],[-65.64592,-27.400976],[-65.644003,-27.401508],[-65.643319,-27.402047],[-65.642899,-27.402874],[-65.642769,-27.404215],[-65.642843,-27.404737],[-65.643449,-27.404941],[-65.643745,-27.405401],[-65.643543,-27.406396],[-65.643844,-27.41096],[-65.642075,-27.413545],[-65.641452,-27.413618],[-65.64124,-27.413429],[-65.641526,-27.409411],[-65.640231,-27.408548],[-65.638588,-27.40808],[-65.638004,-27.40816],[-65.637677,-27.408668],[-65.637774,-27.410864],[-65.637397,-27.411277],[-65.635046,-27.411302],[-65.631256,-27.410058],[-65.630531,-27.410562],[-65.629357,-27.412913],[-65.628837,-27.413269],[-65.628259,-27.413169],[-65.627478,-27.411064],[-65.626721,-27.410727],[-65.626121,-27.411069],[-65.62576,-27.411751],[-65.626433,-27.413447],[-65.626316,-27.41393],[-65.623361,-27.415941],[-65.620006,-27.419135],[-65.618321,-27.42008],[-65.61711,-27.420289],[-65.61304,-27.411185],[-65.612607,-27.409292],[-65.612311,-27.409176],[-65.609141,-27.409367],[-65.609387,-27.410661],[-65.608679,-27.41224],[-65.608336,-27.412372],[-65.609086,-27.413209],[-65.609742,-27.414788],[-65.609731,-27.421175],[-65.607446,-27.42018],[-65.606176,-27.419184],[-65.6062,-27.417836],[-65.607027,-27.417494],[-65.606485,-27.417348],[-65.60752,-27.415737],[-65.607505,-27.414993],[-65.607885,-27.4149],[-65.608026,-27.412864],[-65.607962,-27.412538],[-65.60652,-27.411123],[-65.604662,-27.409998],[-65.603031,-27.409967],[-65.602849,-27.410332],[-65.601313,-27.411078],[-65.599169,-27.410919],[-65.599379,-27.41224],[-65.599218,-27.419071],[-65.593329,-27.417374],[-65.588931,-27.417255],[-65.586684,-27.418067],[-65.586181,-27.41805],[-65.585215,-27.417656],[-65.583658,-27.417504],[-65.582553,-27.41675],[-65.581103,-27.416469],[-65.579512,-27.417251],[-65.578361,-27.418423],[-65.576962,-27.419139],[-65.575743,-27.420635],[-65.575593,-27.421677],[-65.57502,-27.422394],[-65.57382,-27.422135],[-65.572346,-27.420525],[-65.571585,-27.418994],[-65.570298,-27.418247],[-65.569736,-27.418219],[-65.569079,-27.418592],[-65.56849,-27.41955],[-65.567025,-27.42032],[-65.565867,-27.421658],[-65.564657,-27.421778],[-65.561976,-27.421299],[-65.560853,-27.418842],[-65.559218,-27.416867],[-65.558521,-27.416363],[-65.555449,-27.416051],[-65.554125,-27.416631],[-65.553627,-27.417402],[-65.553539,-27.418028],[-65.55518,-27.419611],[-65.555736,-27.420895],[-65.554383,-27.421705],[-65.553867,-27.422513],[-65.553533,-27.424492],[-65.552441,-27.425876],[-65.551397,-27.42653],[-65.550139,-27.428077],[-65.548926,-27.430832],[-65.549016,-27.432485],[-65.549427,-27.434255],[-65.550701,-27.449917],[-65.558428,-27.47997],[-65.556686,-27.481113],[-65.55549,-27.482398],[-65.555354,-27.483667],[-65.556312,-27.484831],[-65.55618,-27.486242],[-65.555444,-27.486882],[-65.553256,-27.487715],[-65.552479,-27.487723],[-65.549644,-27.486346],[-65.548782,-27.486369],[-65.546286,-27.485616],[-65.544345,-27.485716],[-65.543278,-27.486758],[-65.541978,-27.489848],[-65.541487,-27.490428],[-65.540819,-27.490698],[-65.539364,-27.490493],[-65.538472,-27.489594],[-65.538261,-27.487384],[-65.539464,-27.484585],[-65.539724,-27.48307],[-65.539419,-27.481705],[-65.538256,-27.480355],[-65.537239,-27.47998],[-65.536126,-27.480224],[-65.535695,-27.4807],[-65.534562,-27.483403],[-65.534031,-27.484154],[-65.533359,-27.484767],[-65.532191,-27.484938],[-65.545089,-27.541513],[-65.547463,-27.540987],[-65.547954,-27.540408],[-65.548973,-27.540002],[-65.551176,-27.539566],[-65.55288,-27.538388],[-65.554466,-27.536231],[-65.555549,-27.535649],[-65.556295,-27.535887],[-65.557161,-27.535138],[-65.559207,-27.534649],[-65.561334,-27.531657],[-65.562055,-27.531459],[-65.565059,-27.529155],[-65.565664,-27.529212],[-65.566437,-27.52857],[-65.567501,-27.528874],[-65.568492,-27.528741],[-65.569896,-27.527763],[-65.570431,-27.527931],[-65.57111,-27.527402],[-65.572885,-27.52717],[-65.57357,-27.526236],[-65.574347,-27.525926],[-65.574887,-27.525362],[-65.575267,-27.525485],[-65.576516,-27.524775],[-65.577602,-27.522129],[-65.577448,-27.521424],[-65.57688,-27.520567],[-65.577616,-27.51944],[-65.578129,-27.519055],[-65.579194,-27.518555],[-65.581091,-27.519218],[-65.58415,-27.519548],[-65.587201,-27.518887],[-65.588825,-27.517832],[-65.592366,-27.51692],[-65.593165,-27.516422],[-65.595247,-27.517288],[-65.597693,-27.517174],[-65.598665,-27.516863],[-65.599803,-27.517159],[-65.600733,-27.516611],[-65.601713,-27.516849],[-65.601437,-27.515848],[-65.603055,-27.517199],[-65.603749,-27.51708],[-65.604533,-27.516315],[-65.60469,-27.517058],[-65.605913,-27.517102],[-65.606502,-27.516816],[-65.606727,-27.516182],[-65.607542,-27.516628],[-65.6089,-27.515897],[-65.609868,-27.517053],[-65.610634,-27.516792],[-65.611324,-27.517026],[-65.611865,-27.516872],[-65.612194,-27.517664],[-65.612503,-27.517838],[-65.613011,-27.517662],[-65.613655,-27.51866],[-65.61452,-27.519008],[-65.615825,-27.519023],[-65.61548,-27.51844],[-65.615865,-27.518288],[-65.61591,-27.517801],[-65.616342,-27.517722],[-65.617242,-27.519196],[-65.617674,-27.519527],[-65.617725,-27.519904],[-65.617538,-27.520282],[-65.616623,-27.520347],[-65.616444,-27.520836],[-65.616956,-27.521388],[-65.618222,-27.521702],[-65.619452,-27.521419],[-65.622732,-27.52153],[-65.622976,-27.521223],[-65.622634,-27.520817],[-65.622988,-27.520429],[-65.624059,-27.521012],[-65.624994,-27.520804],[-65.624972,-27.520322],[-65.624304,-27.51982],[-65.624415,-27.519411],[-65.625659,-27.520078],[-65.627138,-27.519277],[-65.62835,-27.519336],[-65.628556,-27.518944],[-65.628017,-27.518494],[-65.628336,-27.51832],[-65.62809,-27.517924],[-65.6285,-27.51691],[-65.628764,-27.517053],[-65.628688,-27.517993],[-65.629369,-27.518291],[-65.63024,-27.517389],[-65.630608,-27.517722],[-65.631324,-27.517657],[-65.632083,-27.517125],[-65.632271,-27.516663],[-65.632538,-27.51666],[-65.632703,-27.517384],[-65.634647,-27.517274],[-65.635923,-27.517683],[-65.636689,-27.518141],[-65.637074,-27.518968],[-65.637951,-27.518375],[-65.639535,-27.51878],[-65.640382,-27.51783],[-65.640868,-27.518204],[-65.641007,-27.518872],[-65.642017,-27.519457],[-65.642565,-27.519364],[-65.642694,-27.518851],[-65.643035,-27.519183],[-65.643433,-27.519084],[-65.643684,-27.51834],[-65.643532,-27.517709],[-65.643802,-27.517651],[-65.645512,-27.518793],[-65.646259,-27.518896],[-65.646834,-27.518589],[-65.646164,-27.519773],[-65.646408,-27.520173],[-65.647106,-27.520364],[-65.647244,-27.520664],[-65.648797,-27.52026],[-65.647915,-27.522201],[-65.649758,-27.522434],[-65.650099,-27.523036],[-65.649258,-27.523182],[-65.649493,-27.523762],[-65.649401,-27.524261],[-65.64986,-27.524378],[-65.65107,-27.52404],[-65.651855,-27.525321],[-65.651739,-27.525548],[-65.650859,-27.525736],[-65.650586,-27.52631],[-65.649411,-27.525988],[-65.64983,-27.527187],[-65.651154,-27.527059],[-65.653503,-27.526256],[-65.654462,-27.526962],[-65.658002,-27.527614],[-65.657808,-27.52676],[-65.658909,-27.526508],[-65.659278,-27.526624],[-65.65956,-27.527126],[-65.660097,-27.526937],[-65.660283,-27.526452],[-65.660541,-27.526714],[-65.660429,-27.527073],[-65.66078,-27.527253],[-65.66135,-27.527162],[-65.661582,-27.526794],[-65.662058,-27.527277],[-65.662792,-27.52724],[-65.662991,-27.526974],[-65.662823,-27.526401],[-65.663115,-27.525716],[-65.663,-27.525213],[-65.663405,-27.524829],[-65.663418,-27.524391],[-65.662763,-27.52342],[-65.661654,-27.522974],[-65.661605,-27.522771],[-65.662159,-27.522597],[-65.663088,-27.523282],[-65.664023,-27.52339],[-65.664676,-27.523068],[-65.664965,-27.522345],[-65.664658,-27.521935],[-65.664082,-27.521866],[-65.662656,-27.521023],[-65.662327,-27.520403],[-65.662725,-27.520273],[-65.663807,-27.521461],[-65.665019,-27.521645],[-65.666932,-27.522389],[-65.667483,-27.523069],[-65.668023,-27.524963],[-65.670727,-27.525043],[-65.671783,-27.526369],[-65.67316,-27.527138],[-65.673382,-27.528128],[-65.671774,-27.528586],[-65.671098,-27.529675],[-65.671238,-27.529552],[-65.671879,-27.529847],[-65.673502,-27.529436],[-65.674864,-27.530402],[-65.675266,-27.53155],[-65.675908,-27.531482],[-65.676149,-27.532127],[-65.676718,-27.532527],[-65.676954,-27.532419],[-65.677096,-27.53169],[-65.677583,-27.531885],[-65.678011,-27.531571],[-65.678792,-27.53159],[-65.679138,-27.532397],[-65.679741,-27.53293],[-65.67974,-27.53351],[-65.68038,-27.534024],[-65.682538,-27.534153],[-65.68408,-27.534667],[-65.683713,-27.535449],[-65.683813,-27.535807],[-65.685117,-27.535536],[-65.685761,-27.53498],[-65.687077,-27.535091],[-65.687756,-27.53546],[-65.687508,-27.53584],[-65.687993,-27.535988],[-65.687424,-27.536546],[-65.687554,-27.536935],[-65.687841,-27.537006],[-65.689783,-27.536105],[-65.689238,-27.535504],[-65.689835,-27.534736],[-65.690353,-27.534473],[-65.690704,-27.534912],[-65.691041,-27.534956],[-65.69134,-27.53472],[-65.691484,-27.534097],[-65.691822,-27.533998],[-65.692181,-27.534493],[-65.692,-27.535773],[-65.692492,-27.536254],[-65.69273,-27.536139],[-65.692569,-27.535443],[-65.692844,-27.53525],[-65.693225,-27.535356],[-65.692793,-27.535637],[-65.692949,-27.536048],[-65.693687,-27.536229],[-65.694042,-27.536146],[-65.69463,-27.535476],[-65.695507,-27.535533],[-65.696426,-27.53606],[-65.696919,-27.535048],[-65.697434,-27.535373],[-65.698123,-27.536607],[-65.698437,-27.536768],[-65.698966,-27.536475],[-65.698997,-27.53592],[-65.699392,-27.535579],[-65.699608,-27.536322],[-65.699124,-27.536943],[-65.699587,-27.537331],[-65.699805,-27.538255],[-65.701785,-27.536737],[-65.702016,-27.536759],[-65.701496,-27.537127],[-65.701453,-27.5375],[-65.701832,-27.537729],[-65.702161,-27.5376],[-65.703509,-27.53615],[-65.705113,-27.536102],[-65.707147,-27.53686],[-65.709773,-27.534802],[-65.712801,-27.534965],[-65.713758,-27.53567],[-65.713102,-27.535994],[-65.711402,-27.535666],[-65.710964,-27.536292],[-65.711297,-27.537118],[-65.712054,-27.537163],[-65.714089,-27.536312],[-65.714908,-27.537027],[-65.715761,-27.5368],[-65.717878,-27.537046],[-65.717957,-27.537747],[-65.718306,-27.537974],[-65.719886,-27.537327],[-65.720838,-27.538365],[-65.72311,-27.537821],[-65.722369,-27.538829],[-65.722418,-27.539367],[-65.723048,-27.540143],[-65.723468,-27.54052],[-65.724247,-27.540612],[-65.724686,-27.540301],[-65.725381,-27.54124],[-65.726669,-27.541539],[-65.726967,-27.541275],[-65.727327,-27.539218],[-65.727637,-27.539017],[-65.730779,-27.540552],[-65.73177,-27.53978],[-65.733034,-27.539936],[-65.733773,-27.538628],[-65.734368,-27.538376],[-65.736071,-27.539639],[-65.737656,-27.539412],[-65.738378,-27.539575],[-65.739967,-27.540897],[-65.740461,-27.540347],[-65.739965,-27.539316],[-65.740019,-27.538844],[-65.742729,-27.538092],[-65.743128,-27.538431],[-65.743188,-27.539159],[-65.743493,-27.539654],[-65.746806,-27.538797],[-65.748965,-27.53909],[-65.749351,-27.538813],[-65.749378,-27.538046],[-65.748591,-27.536084],[-65.749374,-27.534613],[-65.750227,-27.534704],[-65.750549,-27.534226],[-65.749587,-27.532249],[-65.75183,-27.532503],[-65.752274,-27.532205],[-65.752189,-27.531694],[-65.75144,-27.531216],[-65.75212,-27.530105],[-65.75178,-27.528431],[-65.7519,-27.528074],[-65.752324,-27.528048],[-65.75314,-27.52861],[-65.753788,-27.528497],[-65.754151,-27.528699],[-65.754685,-27.528447],[-65.754941,-27.529162],[-65.756076,-27.529602],[-65.756679,-27.52924],[-65.757481,-27.528265],[-65.757991,-27.527024],[-65.758568,-27.526786],[-65.758957,-27.526869],[-65.759243,-27.527254],[-65.758939,-27.527577],[-65.758899,-27.528987],[-65.75838,-27.529503],[-65.758393,-27.529903],[-65.761063,-27.530867],[-65.762332,-27.530395],[-65.763123,-27.530517],[-65.763513,-27.532248],[-65.765194,-27.531139],[-65.768011,-27.530137],[-65.770088,-27.530967],[-65.771093,-27.532295],[-65.774046,-27.533274],[-65.776437,-27.532447],[-65.777352,-27.531013],[-65.778667,-27.53138],[-65.779214,-27.532193],[-65.780397,-27.532111],[-65.878695,-27.514593],[-65.891178,-27.507721],[-65.898605,-27.502106],[-65.90937,-27.496162],[-65.913454,-27.492858],[-65.920982,-27.482252],[-65.926822,-27.476666],[-65.931649,-27.469064],[-65.932026,-27.459146],[-65.930018,-27.439978],[-65.931572,-27.438435],[-65.933174,-27.437191],[-65.935013,-27.4362],[-65.963393,-27.42332],[-65.965906,-27.426501],[-65.968466,-27.428174],[-65.968529,-27.429043],[-65.970257,-27.427952],[-65.972399,-27.425215],[-65.973231,-27.421289],[-65.97335,-27.418077],[-65.974421,-27.414865],[-65.973588,-27.412009],[-65.971923,-27.410225],[-65.969186,-27.406418],[-65.96753,-27.399075],[-65.966044,-27.398741],[-65.96548,-27.39889],[-65.96442,-27.39992],[-65.96353,-27.400111],[-65.960474,-27.401995],[-65.958219,-27.402028],[-65.957641,-27.40188],[-65.957589,-27.401455],[-65.958104,-27.399522],[-65.957395,-27.398939],[-65.95421,-27.39813],[-65.952009,-27.398559],[-65.950657,-27.398068],[-65.94807,-27.397774],[-65.947769,-27.397894],[-65.947268,-27.398915],[-65.946943,-27.399101],[-65.945383,-27.399308],[-65.944171,-27.401511],[-65.943586,-27.40193],[-65.942252,-27.400976],[-65.941556,-27.400761],[-65.940949,-27.401023],[-65.940487,-27.401758],[-65.938602,-27.403535],[-65.937657,-27.40307],[-65.937151,-27.401704],[-65.93646,-27.401769],[-65.935836,-27.402195],[-65.935344,-27.402942],[-65.934386,-27.403203],[-65.933987,-27.402836],[-65.933217,-27.400952],[-65.932224,-27.400601],[-65.931849,-27.400137],[-65.932561,-27.398883],[-65.93272,-27.396728],[-65.935009,-27.394192],[-65.935265,-27.393331],[-65.93462,-27.392798],[-65.932275,-27.39229],[-65.928022,-27.389651],[-65.927157,-27.388684],[-65.92777,-27.387917],[-65.929965,-27.386274],[-65.930731,-27.3854],[-65.930902,-27.384702],[-65.930335,-27.383345],[-65.929483,-27.382939],[-65.926329,-27.383287],[-65.925035,-27.383173],[-65.922438,-27.38428],[-65.921248,-27.38319],[-65.920005,-27.383089],[-65.919533,-27.381938],[-65.919817,-27.380349],[-65.919341,-27.380077],[-65.917936,-27.380329],[-65.916698,-27.377554],[-65.915857,-27.377118],[-65.913243,-27.37735],[-65.913,-27.377181],[-65.912792,-27.376146],[-65.911483,-27.375628],[-65.911415,-27.374472],[-65.910927,-27.373745],[-65.910179,-27.373518],[-65.90971,-27.374396],[-65.909219,-27.374572],[-65.908927,-27.374425],[-65.908175,-27.373562],[-65.905501,-27.371688],[-65.902958,-27.370326],[-65.902258,-27.368214],[-65.901872,-27.367741],[-65.901146,-27.367397],[-65.899667,-27.367285],[-65.897605,-27.3687],[-65.897309,-27.369011],[-65.897083,-27.370461],[-65.8964,-27.371182],[-65.895579,-27.370925],[-65.895016,-27.369847],[-65.893406,-27.369797],[-65.893,-27.369561],[-65.89291,-27.369017],[-65.893444,-27.367895],[-65.893323,-27.367448],[-65.892855,-27.367033],[-65.891905,-27.367334],[-65.889833,-27.368997],[-65.889324,-27.369733],[-65.88831,-27.370155],[-65.885541,-27.370137],[-65.880698,-27.368867],[-65.879265,-27.36798],[-65.878222,-27.367803],[-65.875133,-27.370456],[-65.873573,-27.371024],[-65.872453,-27.371045],[-65.86955,-27.36958],[-65.866724,-27.369282],[-65.862661,-27.369244],[-65.860853,-27.368242],[-65.858601,-27.365393],[-65.857146,-27.36441],[-65.856311,-27.363009],[-65.855232,-27.362035],[-65.854538,-27.361805],[-65.853523,-27.361965],[-65.851781,-27.361395],[-65.849288,-27.36226],[-65.846795,-27.361451],[-65.844093,-27.361625],[-65.843464,-27.36185],[-65.841498,-27.363328],[-65.836309,-27.36434],[-65.835395,-27.364049],[-65.834817,-27.363219],[-65.832375,-27.362372],[-65.827604,-27.362096],[-65.826743,-27.362251],[-65.824866,-27.361954],[-65.819052,-27.359653],[-65.816745,-27.358397],[-65.812556,-27.357038],[-65.807638,-27.357531],[-65.80687,-27.358072],[-65.805578,-27.358314],[-65.802206,-27.35755],[-65.800569,-27.356453],[-65.797229,-27.35545],[-65.79444,-27.355347],[-65.793507,-27.355626],[-65.792869,-27.356211]]]]}},{"type":"Feature","properties":{"id":"90084","name":"Capital"},"geometry":{"type":"MultiPolygon","coordinates":[[[[-65.160966,-26.790937],[-65.162087,-26.795047],[-65.162069,-26.796148],[-65.161651,-26.796822],[-65.161077,-26.79699],[-65.160538,-26.797745],[-65.160595,-26.798287],[-65.161576,-26.800206],[-65.161313,-26.801829],[-65.159934,-26.8034],[-65.159118,-26.804848],[-65.159681,-26.806223],[-65.159423,-26.807223],[-65.159704,-26.808651],[-65.159234,-26.809677],[-65.159176,-26.81066],[-65.160077,-26.811877],[-65.159409,-26.814361],[-65.159546,-26.814934],[-65.160506,-26.815729],[-65.162174,-26.819644],[-65.162041,-26.821237],[-65.163166,-26.822422],[-65.163528,-26.823703],[-65.164977,-26.826127],[-65.165884,-26.827126],[-65.166476,-26.829014],[-65.16801,-26.830061],[-65.169222,-26.831246],[-65.171172,-26.834242],[-65.17209,-26.836695],[-65.173123,-26.8374],[-65.173346,-26.83829],[-65.173955,-26.838603],[-65.174075,-26.839335],[-65.174376,-26.839619],[-65.175643,-26.842668],[-65.175659,-26.843434],[-65.176358,-26.84565],[-65.17839,-26.846015],[-65.179492,-26.847941],[-65.179294,-26.849274],[-65.179547,-26.850446],[-65.179158,-26.850601],[-65.179278,-26.851037],[-65.178917,-26.851112],[-65.178542,-26.852179],[-65.178514,-26.853536],[-65.17911,-26.855341],[-65.17954,-26.855713],[-65.181196,-26.855599],[-65.182637,-26.856044],[-65.183405,-26.85683],[-65.185404,-26.860818],[-65.186188,-26.861266],[-65.188551,-26.86349],[-65.190131,-26.864194],[-65.190814,-26.864223],[-65.191534,-26.864952],[-65.192735,-26.866847],[-65.194211,-26.867212],[-65.195381,-26.867933],[-65.195577,-26.868657],[-65.195114,-26.870089],[-65.194362,-26.87114],[-65.193959,-26.871255],[-65.193699,-26.871064],[-65.193293,-26.871468],[-65.192816,-26.872025],[-65.192793,-26.872494],[-65.193312,-26.873111],[-65.195513,-26.873448],[-65.196254,-26.873894],[-65.197534,-26.87512],[-65.198698,-26.877022],[-65.198691,-26.878069],[-65.198342,-26.87896],[-65.198493,-26.880441],[-65.199053,-26.881013],[-65.200016,-26.881388],[-65.200874,-26.88392],[-65.201881,-26.885189],[-65.201941,-26.886724],[-65.201479,-26.887994],[-65.201384,-26.890123],[-65.201733,-26.890585],[-65.202445,-26.890905],[-65.204602,-26.890484],[-65.204933,-26.890594],[-65.20515,-26.8912],[-65.20457,-26.892171],[-65.204546,-26.892641],[-65.204794,-26.893193],[-65.205285,-26.893556],[-65.206239,-26.893823],[-65.206754,-26.893682],[-65.207705,-26.892875],[-65.208076,-26.893121],[-65.20819,-26.894015],[-65.207812,-26.894915],[-65.206681,-26.895477],[-65.206152,-26.896178],[-65.206357,-26.89858],[-65.206604,-26.899146],[-65.207097,-26.899234],[-65.208626,-26.900858],[-65.209694,-26.903616],[-65.209044,-26.904461],[-65.206758,-26.904547],[-65.206217,-26.905591],[-65.205074,-26.906361],[-65.205205,-26.907456],[-65.20658,-26.909889],[-65.208042,-26.910988],[-65.209403,-26.911125],[-65.209346,-26.911838],[-65.209876,-26.913319],[-65.209371,-26.913694],[-65.209248,-26.914211],[-65.212435,-26.912913],[-65.213984,-26.912024],[-65.21439,-26.910915],[-65.214173,-26.909398],[-65.213928,-26.909269],[-65.214412,-26.909147],[-65.214604,-26.907977],[-65.214258,-26.906761],[-65.21436,-26.906019],[-65.21664,-26.903658],[-65.218966,-26.902036],[-65.22174,-26.899579],[-65.225828,-26.89368],[-65.230256,-26.886496],[-65.230565,-26.884839],[-65.229884,-26.875774],[-65.230027,-26.868452],[-65.235595,-26.863847],[-65.27068,-26.857245],[-65.271428,-26.855274],[-65.27209,-26.854706],[-65.273006,-26.854356],[-65.273758,-26.852547],[-65.274485,-26.852233],[-65.274869,-26.851031],[-65.274761,-26.850356],[-65.2722,-26.847458],[-65.269818,-26.846402],[-65.268113,-26.84358],[-65.268194,-26.843262],[-65.267824,-26.842428],[-65.269328,-26.841016],[-65.270283,-26.838249],[-65.270287,-26.837577],[-65.270761,-26.836739],[-65.270578,-26.836108],[-65.271342,-26.832861],[-65.271219,-26.832211],[-65.270205,-26.831753],[-65.269713,-26.831083],[-65.269635,-26.830416],[-65.266952,-26.82515],[-65.265729,-26.821526],[-65.264477,-26.815926],[-65.263667,-26.810394],[-65.261667,-26.806379],[-65.259631,-26.799591],[-65.256954,-26.79224],[-65.249537,-26.783921],[-65.241864,-26.78595],[-65.241437,-26.783738],[-65.240803,-26.784651],[-65.239886,-26.785188],[-65.233638,-26.786359],[-65.232077,-26.787115],[-65.223593,-26.788637],[-65.222826,-26.788571],[-65.219617,-26.786295],[-65.218649,-26.786238],[-65.216329,-26.786902],[-65.213702,-26.790711],[-65.2127,-26.79101],[-65.207585,-26.791263],[-65.206713,-26.791114],[-65.203635,-26.791728],[-65.198379,-26.792004],[-65.195858,-26.793292],[-65.187984,-26.795253],[-65.186038,-26.794985],[-65.184973,-26.794214],[-65.183618,-26.792487],[-65.182752,-26.791939],[-65.18199,-26.791833],[-65.179183,-26.792864],[-65.178335,-26.792799],[-65.175095,-26.790228],[-65.173636,-26.789452],[-65.172248,-26.789088],[-65.170419,-26.789081],[-65.167996,-26.789861],[-65.166718,-26.790709],[-65.164154,-26.793052],[-65.163405,-26.793322],[-65.163349,-26.790448],[-65.160966,-26.790937]]]]}},{"type":"Feature","properties":{"id":"90091","name":"Simoca"},"geometry":{"type":"MultiPolygon","coordinates":[[[[-65.398269,-27.174264],[-65.397663,-27.174514],[-65.396116,-27.174304],[-65.394397,-27.174572],[-65.392547,-27.175683],[-65.391367,-27.177097],[-65.38562,-27.181267],[-65.384444,-27.181896],[-65.379856,-27.183121],[-65.377864,-27.183088],[-65.373313,-27.182371],[-65.369434,-27.180746],[-65.366839,-27.1805],[-65.364979,-27.18001],[-65.362,-27.179956],[-65.360192,-27.180258],[-65.359267,-27.179434],[-65.358784,-27.179303],[-65.356988,-27.179462],[-65.355632,-27.180014],[-65.35398,-27.18034],[-65.351661,-27.181785],[-65.349795,-27.183987],[-65.3492,-27.185399],[-65.348119,-27.18708],[-65.346911,-27.190181],[-65.346076,-27.193357],[-65.343859,-27.197117],[-65.343218,-27.197577],[-65.341575,-27.199692],[-65.339574,-27.200773],[-65.33922,-27.201216],[-65.338774,-27.201235],[-65.338235,-27.200829],[-65.3369,-27.200971],[-65.335816,-27.201444],[-65.334688,-27.20224],[-65.333561,-27.204108],[-65.333538,-27.207222],[-65.334256,-27.209668],[-65.336481,-27.213672],[-65.336328,-27.214638],[-65.335006,-27.216514],[-65.334199,-27.216749],[-65.333126,-27.217512],[-65.332831,-27.217998],[-65.332075,-27.218027],[-65.328798,-27.217446],[-65.327423,-27.216252],[-65.326077,-27.215704],[-65.32454,-27.215764],[-65.322183,-27.21718],[-65.321391,-27.218313],[-65.320343,-27.220685],[-65.318862,-27.22143],[-65.318117,-27.221694],[-65.317142,-27.22154],[-65.315186,-27.221802],[-65.314109,-27.22104],[-65.310202,-27.221084],[-65.309011,-27.220349],[-65.307393,-27.221422],[-65.302819,-27.223054],[-65.301304,-27.224122],[-65.300024,-27.225433],[-65.299478,-27.22652],[-65.299208,-27.22969],[-65.300439,-27.231799],[-65.301468,-27.234293],[-65.302487,-27.235269],[-65.303559,-27.235711],[-65.305132,-27.236822],[-65.304439,-27.238796],[-65.304585,-27.239494],[-65.303191,-27.241365],[-65.302999,-27.242248],[-65.303704,-27.243116],[-65.304644,-27.243276],[-65.305284,-27.243719],[-65.305876,-27.245594],[-65.304667,-27.247895],[-65.303865,-27.248567],[-65.302074,-27.24929],[-65.300272,-27.250371],[-65.299144,-27.251504],[-65.299112,-27.252462],[-65.299788,-27.2535],[-65.297932,-27.256454],[-65.297785,-27.258411],[-65.298319,-27.259562],[-65.298542,-27.260851],[-65.299693,-27.262273],[-65.300749,-27.262812],[-65.301228,-27.266465],[-65.300805,-27.267266],[-65.298734,-27.268286],[-65.296425,-27.268797],[-65.288939,-27.269055],[-65.2871,-27.269534],[-65.286591,-27.269954],[-65.286445,-27.270411],[-65.282791,-27.273654],[-65.273917,-27.282547],[-65.26928,-27.285387],[-65.265001,-27.287483],[-65.261729,-27.288872],[-65.259383,-27.289453],[-65.252066,-27.293828],[-65.246922,-27.298264],[-65.24423,-27.302161],[-65.243037,-27.303462],[-65.241868,-27.304385],[-65.24053,-27.304508],[-65.239472,-27.305877],[-65.236866,-27.308308],[-65.235404,-27.309321],[-65.233098,-27.311717],[-65.232318,-27.312964],[-65.231498,-27.315463],[-65.230668,-27.316654],[-65.228433,-27.31625],[-65.22728,-27.31629],[-65.222874,-27.314702],[-65.219358,-27.314519],[-65.217565,-27.315126],[-65.217136,-27.315712],[-65.216964,-27.316688],[-65.21603,-27.318823],[-65.216215,-27.320169],[-65.217218,-27.322059],[-65.217343,-27.323823],[-65.217838,-27.325849],[-65.217334,-27.326796],[-65.217264,-27.327826],[-65.216769,-27.328126],[-65.216626,-27.328787],[-65.217547,-27.331023],[-65.218402,-27.331211],[-65.219267,-27.331813],[-65.219706,-27.332249],[-65.21979,-27.332686],[-65.219069,-27.333691],[-65.215912,-27.33498],[-65.213858,-27.337108],[-65.213257,-27.338369],[-65.21262,-27.341545],[-65.213438,-27.342411],[-65.212166,-27.343372],[-65.208197,-27.345631],[-65.207769,-27.346547],[-65.207672,-27.347687],[-65.206458,-27.348669],[-65.204657,-27.34936],[-65.202506,-27.349227],[-65.200486,-27.349856],[-65.201732,-27.352583],[-65.199521,-27.353848],[-65.198523,-27.354761],[-65.197901,-27.3545],[-65.19556,-27.35478],[-65.195822,-27.35506],[-65.195777,-27.355457],[-65.195064,-27.355935],[-65.193478,-27.359005],[-65.193429,-27.361841],[-65.189931,-27.363899],[-65.186827,-27.365068],[-65.185788,-27.365774],[-65.184098,-27.364857],[-65.179815,-27.363126],[-65.175239,-27.363291],[-65.173947,-27.364113],[-65.171518,-27.3643],[-65.170529,-27.365643],[-65.167559,-27.367903],[-65.169043,-27.368515],[-65.167139,-27.371651],[-65.163907,-27.37151],[-65.162232,-27.371074],[-65.160068,-27.371306],[-65.158939,-27.371821],[-65.157239,-27.371957],[-65.156112,-27.372889],[-65.153644,-27.378093],[-65.152243,-27.379661],[-65.151146,-27.380579],[-65.145832,-27.383127],[-65.143858,-27.386075],[-65.143495,-27.387017],[-65.143019,-27.391149],[-65.143893,-27.394079],[-65.143138,-27.394808],[-65.140112,-27.397182],[-65.137049,-27.398331],[-65.135103,-27.399566],[-65.135027,-27.399825],[-65.131471,-27.401788],[-65.13061,-27.402656],[-65.128786,-27.403756],[-65.127937,-27.404913],[-65.126986,-27.407847],[-65.126152,-27.40841],[-65.12538,-27.408456],[-65.124404,-27.40806],[-65.123903,-27.407534],[-65.123428,-27.406289],[-65.122213,-27.405898],[-65.119981,-27.406831],[-65.119662,-27.407306],[-65.117702,-27.408656],[-65.117058,-27.409945],[-65.117198,-27.410602],[-65.116818,-27.411982],[-65.117122,-27.413292],[-65.116353,-27.415726],[-65.115641,-27.416334],[-65.114506,-27.417926],[-65.113807,-27.4194],[-65.113876,-27.423199],[-65.113628,-27.424071],[-65.113269,-27.424803],[-65.111454,-27.426428],[-65.109015,-27.427488],[-65.107475,-27.427562],[-65.106005,-27.427137],[-65.104221,-27.427418],[-65.099753,-27.428726],[-65.097986,-27.428648],[-65.096458,-27.427808],[-65.096,-27.426758],[-65.096054,-27.426378],[-65.096611,-27.426787],[-65.096376,-27.425749],[-65.097002,-27.424435],[-65.097149,-27.423267],[-65.096586,-27.421576],[-65.095705,-27.420729],[-65.094626,-27.420285],[-65.093412,-27.420482],[-65.092855,-27.420865],[-65.092143,-27.421895],[-65.092087,-27.424732],[-65.091596,-27.426133],[-65.091003,-27.427057],[-65.088628,-27.428496],[-65.08839,-27.429036],[-65.088755,-27.433959],[-65.088642,-27.438572],[-65.091581,-27.440707],[-65.092143,-27.441527],[-65.094114,-27.442577],[-65.099804,-27.442901],[-65.101737,-27.443347],[-65.102482,-27.443764],[-65.104315,-27.445531],[-65.104219,-27.446913],[-65.103199,-27.447777],[-65.102775,-27.447782],[-65.099248,-27.446284],[-65.097052,-27.446353],[-65.095835,-27.446852],[-65.095007,-27.447867],[-65.094892,-27.44854],[-65.095759,-27.449515],[-65.096156,-27.451006],[-65.094834,-27.453258],[-65.093457,-27.4547],[-65.09263,-27.454924],[-65.091153,-27.454781],[-65.08889,-27.453801],[-65.087334,-27.452635],[-65.086479,-27.452651],[-65.084789,-27.453694],[-65.084125,-27.454616],[-65.083253,-27.454715],[-65.082321,-27.455421],[-65.082583,-27.45566],[-65.081232,-27.456226],[-65.081153,-27.456615],[-65.080263,-27.457597],[-65.079705,-27.457759],[-65.079201,-27.45746],[-65.078196,-27.457542],[-65.077722,-27.458246],[-65.077126,-27.458498],[-65.076253,-27.458065],[-65.074194,-27.458062],[-65.071358,-27.457481],[-65.06964,-27.457706],[-65.067791,-27.458825],[-65.066817,-27.458617],[-65.065375,-27.458793],[-65.064542,-27.460149],[-65.064983,-27.461214],[-65.064476,-27.461425],[-65.064006,-27.461207],[-65.063288,-27.46163],[-65.061867,-27.458735],[-65.062193,-27.455246],[-65.063149,-27.455439],[-65.063536,-27.454558],[-65.063102,-27.452935],[-65.063274,-27.452029],[-65.062759,-27.451688],[-65.061881,-27.451753],[-65.062802,-27.444779],[-65.063477,-27.443691],[-65.063131,-27.44233],[-65.062267,-27.443682],[-65.061688,-27.447067],[-65.061069,-27.448583],[-65.060138,-27.449692],[-65.059265,-27.45156],[-65.057795,-27.452706],[-65.056859,-27.455524],[-65.05505,-27.456453],[-65.05411,-27.457363],[-65.053939,-27.457257],[-65.052499,-27.458967],[-65.051746,-27.459334],[-65.051191,-27.460219],[-65.050582,-27.46067],[-65.049774,-27.461937],[-65.048678,-27.464774],[-65.047838,-27.46796],[-65.046429,-27.47005],[-65.045506,-27.470519],[-65.043749,-27.47404],[-65.041473,-27.476764],[-65.037928,-27.479267],[-65.030313,-27.482761],[-65.028241,-27.483204],[-65.024961,-27.48337],[-65.022664,-27.482746],[-65.01682,-27.482008],[-65.014659,-27.482301],[-65.012139,-27.483265],[-65.009501,-27.485032],[-65.008173,-27.486335],[-65.00725,-27.49005],[-65.006641,-27.490584],[-65.006924,-27.492582],[-65.005803,-27.493946],[-65.001248,-27.494557],[-65.001369,-27.488861],[-64.997149,-27.488947],[-64.992628,-27.489899],[-64.990962,-27.490613],[-64.985728,-27.491803],[-64.982158,-27.492992],[-64.978351,-27.494658],[-64.97502,-27.497513],[-64.972641,-27.498703],[-64.970499,-27.503224],[-64.96812,-27.505366],[-64.967644,-27.507983],[-64.96693,-27.509411],[-64.966454,-27.513694],[-64.966454,-27.519167],[-64.965026,-27.522974],[-64.965063,-27.526327],[-64.966216,-27.534871],[-64.965264,-27.538202],[-64.965264,-27.543199],[-64.965502,-27.54772],[-64.966216,-27.551289],[-64.967406,-27.554145],[-64.973592,-27.562711],[-64.976686,-27.564614],[-64.978351,-27.566518],[-64.981207,-27.56747],[-64.987631,-27.567945],[-64.988821,-27.569611],[-64.991676,-27.571277],[-64.995008,-27.570563],[-64.996911,-27.569373],[-65.003336,-27.563187],[-65.005001,-27.562235],[-65.009284,-27.561283],[-65.01095,-27.561759],[-65.011728,-27.564173],[-65.01196,-27.56603],[-65.017509,-27.56417],[-65.020905,-27.563845],[-65.021569,-27.56288],[-65.020711,-27.562071],[-65.021579,-27.560366],[-65.024248,-27.559542],[-65.02767,-27.562567],[-65.027768,-27.566194],[-65.026743,-27.568359],[-65.031203,-27.573652],[-65.028046,-27.574074],[-65.027509,-27.575244],[-65.028717,-27.577206],[-65.028384,-27.579194],[-65.030716,-27.582221],[-65.035598,-27.58025],[-65.03533,-27.577943],[-65.038396,-27.57678],[-65.039152,-27.576625],[-65.044327,-27.578407],[-65.0462,-27.578715],[-65.051841,-27.577034],[-65.054272,-27.57656],[-65.054993,-27.576073],[-65.055888,-27.574655],[-65.057324,-27.574468],[-65.057757,-27.575454],[-65.058796,-27.576443],[-65.060395,-27.576503],[-65.061495,-27.576953],[-65.062148,-27.577939],[-65.061974,-27.57897],[-65.060657,-27.579022],[-65.06061,-27.579655],[-65.061141,-27.580678],[-65.061773,-27.581096],[-65.063904,-27.581467],[-65.065474,-27.582118],[-65.066477,-27.582832],[-65.06877,-27.585684],[-65.071057,-27.586969],[-65.071887,-27.586581],[-65.072541,-27.585692],[-65.073109,-27.584303],[-65.074065,-27.583366],[-65.074991,-27.583039],[-65.078386,-27.582835],[-65.079172,-27.58209],[-65.080496,-27.581946],[-65.082587,-27.582311],[-65.083774,-27.582243],[-65.0869,-27.581552],[-65.088877,-27.581686],[-65.091149,-27.581347],[-65.092777,-27.582119],[-65.093659,-27.582289],[-65.094534,-27.581655],[-65.095543,-27.581537],[-65.096914,-27.579888],[-65.097633,-27.577097],[-65.098624,-27.576168],[-65.098711,-27.57522],[-65.098,-27.573844],[-65.098033,-27.572303],[-65.099309,-27.570872],[-65.100741,-27.570101],[-65.103096,-27.57],[-65.104541,-27.569283],[-65.105501,-27.569144],[-65.10632,-27.569516],[-65.107781,-27.569596],[-65.10837,-27.570149],[-65.110213,-27.570634],[-65.111036,-27.570166],[-65.112058,-27.569948],[-65.114386,-27.56828],[-65.115061,-27.568189],[-65.115815,-27.569545],[-65.116336,-27.569751],[-65.11654,-27.570194],[-65.116856,-27.570148],[-65.11696,-27.570616],[-65.117296,-27.570591],[-65.117359,-27.571176],[-65.117712,-27.571456],[-65.117101,-27.571149],[-65.115522,-27.570965],[-65.115129,-27.571306],[-65.115217,-27.571806],[-65.115679,-27.572454],[-65.116907,-27.572846],[-65.117255,-27.573297],[-65.11705,-27.573924],[-65.118043,-27.574578],[-65.118031,-27.575271],[-65.118832,-27.57633],[-65.120954,-27.577231],[-65.123176,-27.577498],[-65.124218,-27.578161],[-65.12549,-27.577709],[-65.127146,-27.578417],[-65.128333,-27.577959],[-65.12926,-27.578641],[-65.13307,-27.580025],[-65.134828,-27.581261],[-65.135214,-27.582111],[-65.136674,-27.581374],[-65.137729,-27.582075],[-65.139533,-27.582253],[-65.140268,-27.583171],[-65.141099,-27.583017],[-65.141789,-27.583887],[-65.14237,-27.584204],[-65.144222,-27.584218],[-65.145449,-27.584726],[-65.146435,-27.586198],[-65.147051,-27.586659],[-65.148087,-27.586855],[-65.147874,-27.587415],[-65.148062,-27.587557],[-65.149678,-27.587367],[-65.150456,-27.587615],[-65.15066,-27.586832],[-65.150866,-27.586779],[-65.152378,-27.587832],[-65.152676,-27.587654],[-65.153019,-27.586601],[-65.153285,-27.586459],[-65.156516,-27.58572],[-65.157072,-27.585291],[-65.159062,-27.58569],[-65.159859,-27.583635],[-65.161124,-27.582261],[-65.162473,-27.581501],[-65.162252,-27.58072],[-65.161511,-27.580259],[-65.161429,-27.579431],[-65.162112,-27.57919],[-65.162443,-27.578558],[-65.162781,-27.578565],[-65.163252,-27.578984],[-65.163619,-27.5786],[-65.163677,-27.578388],[-65.162991,-27.577861],[-65.163768,-27.577368],[-65.163305,-27.577094],[-65.163345,-27.576611],[-65.163945,-27.575808],[-65.164756,-27.575558],[-65.165205,-27.57504],[-65.16537,-27.573177],[-65.166471,-27.57211],[-65.166688,-27.571011],[-65.167797,-27.570323],[-65.167759,-27.56963],[-65.16745,-27.569146],[-65.167725,-27.5685],[-65.168627,-27.56839],[-65.169255,-27.567666],[-65.168889,-27.56671],[-65.169103,-27.566331],[-65.168706,-27.565586],[-65.169693,-27.566299],[-65.169774,-27.5668],[-65.171083,-27.566322],[-65.17185,-27.566656],[-65.172972,-27.566594],[-65.173366,-27.566922],[-65.173415,-27.567311],[-65.172604,-27.568103],[-65.175059,-27.568537],[-65.176077,-27.567639],[-65.177669,-27.566815],[-65.177749,-27.566407],[-65.17815,-27.566442],[-65.178254,-27.566707],[-65.178668,-27.56656],[-65.178734,-27.565527],[-65.179364,-27.564512],[-65.182269,-27.56457],[-65.18293,-27.564224],[-65.183529,-27.56461],[-65.183805,-27.566489],[-65.184221,-27.566694],[-65.186331,-27.566827],[-65.187073,-27.566469],[-65.187574,-27.566989],[-65.188057,-27.567131],[-65.189672,-27.566354],[-65.192805,-27.56776],[-65.194869,-27.567558],[-65.195274,-27.566543],[-65.195827,-27.566465],[-65.19584,-27.565603],[-65.196446,-27.56483],[-65.196506,-27.564123],[-65.199217,-27.563118],[-65.199722,-27.562365],[-65.200277,-27.562588],[-65.201963,-27.562097],[-65.2028,-27.562178],[-65.203836,-27.562721],[-65.205425,-27.562561],[-65.205632,-27.562339],[-65.207257,-27.562684],[-65.208884,-27.562157],[-65.209514,-27.562284],[-65.210104,-27.562066],[-65.21041,-27.562479],[-65.210584,-27.563461],[-65.21156,-27.563227],[-65.212024,-27.563464],[-65.212923,-27.563355],[-65.214731,-27.563599],[-65.217802,-27.563481],[-65.220162,-27.562632],[-65.22196,-27.56237],[-65.223118,-27.561719],[-65.223714,-27.560526],[-65.224187,-27.560326],[-65.225599,-27.560563],[-65.22685,-27.56041],[-65.227374,-27.559917],[-65.230168,-27.559113],[-65.230772,-27.558404],[-65.231802,-27.558547],[-65.232276,-27.558877],[-65.232507,-27.559661],[-65.234097,-27.560277],[-65.235814,-27.55923],[-65.238114,-27.559946],[-65.238579,-27.55975],[-65.239069,-27.560188],[-65.23963,-27.560063],[-65.240339,-27.56061],[-65.241029,-27.560749],[-65.240769,-27.561284],[-65.241032,-27.561499],[-65.242632,-27.560129],[-65.243455,-27.560496],[-65.244367,-27.560153],[-65.244837,-27.559181],[-65.245708,-27.55904],[-65.245958,-27.559211],[-65.245868,-27.560032],[-65.24621,-27.560522],[-65.246796,-27.560241],[-65.247845,-27.560529],[-65.248548,-27.560286],[-65.248927,-27.561034],[-65.249673,-27.561013],[-65.250445,-27.561396],[-65.252218,-27.561196],[-65.252911,-27.560819],[-65.253763,-27.560945],[-65.253879,-27.561732],[-65.255124,-27.562946],[-65.254365,-27.563268],[-65.25497,-27.563653],[-65.255418,-27.563667],[-65.25668,-27.56257],[-65.257444,-27.562393],[-65.257356,-27.562913],[-65.257952,-27.563124],[-65.258221,-27.563721],[-65.258985,-27.56402],[-65.259813,-27.564024],[-65.260033,-27.563285],[-65.259396,-27.56313],[-65.259281,-27.562366],[-65.260097,-27.562354],[-65.260874,-27.561174],[-65.261604,-27.561138],[-65.261869,-27.56158],[-65.260756,-27.562051],[-65.260676,-27.562444],[-65.260902,-27.562662],[-65.261582,-27.562294],[-65.26252,-27.562711],[-65.26296,-27.56232],[-65.263852,-27.562454],[-65.265506,-27.561883],[-65.265893,-27.561567],[-65.265508,-27.560871],[-65.266284,-27.560213],[-65.265989,-27.559986],[-65.266183,-27.559458],[-65.266988,-27.559557],[-65.268708,-27.559247],[-65.268942,-27.558931],[-65.269552,-27.559006],[-65.269679,-27.557275],[-65.271278,-27.557603],[-65.271601,-27.556883],[-65.272316,-27.5562],[-65.272641,-27.554975],[-65.273387,-27.555027],[-65.273773,-27.55558],[-65.274696,-27.55566],[-65.274758,-27.55538],[-65.274385,-27.555334],[-65.274092,-27.554581],[-65.274365,-27.554244],[-65.275344,-27.554229],[-65.276312,-27.553765],[-65.27674,-27.553381],[-65.276585,-27.553041],[-65.276857,-27.552822],[-65.27845,-27.55324],[-65.278658,-27.552713],[-65.279432,-27.552004],[-65.279531,-27.551064],[-65.280146,-27.550757],[-65.280467,-27.550173],[-65.280487,-27.54971],[-65.279507,-27.548297],[-65.280065,-27.547352],[-65.281932,-27.546074],[-65.282682,-27.546338],[-65.282791,-27.547192],[-65.283667,-27.546911],[-65.284314,-27.546396],[-65.28529,-27.546285],[-65.285472,-27.546676],[-65.285821,-27.546799],[-65.285848,-27.547319],[-65.285576,-27.547477],[-65.285839,-27.547843],[-65.286869,-27.547669],[-65.287174,-27.546695],[-65.286546,-27.545999],[-65.287281,-27.545967],[-65.287199,-27.545368],[-65.287729,-27.545143],[-65.288349,-27.545288],[-65.288212,-27.546036],[-65.288721,-27.546233],[-65.289646,-27.545599],[-65.291038,-27.545494],[-65.291127,-27.545981],[-65.29074,-27.546532],[-65.290969,-27.546894],[-65.293096,-27.54566],[-65.293319,-27.545885],[-65.293234,-27.546561],[-65.293672,-27.546965],[-65.295241,-27.546037],[-65.295345,-27.545551],[-65.294278,-27.545694],[-65.293864,-27.545315],[-65.294044,-27.545117],[-65.294667,-27.545265],[-65.295071,-27.54471],[-65.294348,-27.543397],[-65.293929,-27.543163],[-65.293474,-27.543298],[-65.293257,-27.54278],[-65.294159,-27.542607],[-65.294588,-27.542288],[-65.294893,-27.542907],[-65.296202,-27.543008],[-65.296729,-27.54352],[-65.29772,-27.542975],[-65.298842,-27.543408],[-65.299723,-27.543361],[-65.300931,-27.542293],[-65.300965,-27.541064],[-65.301586,-27.540124],[-65.303768,-27.539632],[-65.305839,-27.539506],[-65.30809,-27.538177],[-65.308963,-27.538274],[-65.309704,-27.538013],[-65.311496,-27.538796],[-65.312829,-27.538283],[-65.313224,-27.538586],[-65.313129,-27.539405],[-65.315402,-27.540557],[-65.317637,-27.541196],[-65.318823,-27.540559],[-65.320539,-27.541513],[-65.321313,-27.541448],[-65.32206,-27.542163],[-65.323239,-27.541926],[-65.324464,-27.542168],[-65.325974,-27.541602],[-65.326246,-27.541235],[-65.326249,-27.540755],[-65.325619,-27.540507],[-65.325417,-27.540052],[-65.3255,-27.539638],[-65.325859,-27.539361],[-65.326539,-27.539308],[-65.327419,-27.540244],[-65.328675,-27.540201],[-65.330136,-27.539778],[-65.331162,-27.538756],[-65.332109,-27.538231],[-65.332573,-27.537338],[-65.333322,-27.537243],[-65.334077,-27.536053],[-65.334602,-27.536005],[-65.335401,-27.536885],[-65.337386,-27.537749],[-65.341667,-27.537119],[-65.342647,-27.535913],[-65.344883,-27.534796],[-65.345393,-27.534259],[-65.345896,-27.531738],[-65.345463,-27.52985],[-65.346017,-27.52904],[-65.345427,-27.528264],[-65.345578,-27.527663],[-65.345143,-27.525888],[-65.346241,-27.525825],[-65.346774,-27.525304],[-65.34678,-27.524896],[-65.348071,-27.524316],[-65.349192,-27.524654],[-65.349966,-27.525474],[-65.352906,-27.525372],[-65.353479,-27.525639],[-65.353942,-27.52623],[-65.35748,-27.526518],[-65.358884,-27.526191],[-65.359515,-27.526648],[-65.359544,-27.527157],[-65.360324,-27.527633],[-65.359789,-27.528552],[-65.359938,-27.529046],[-65.361291,-27.530319],[-65.363324,-27.529737],[-65.366414,-27.530057],[-65.366585,-27.529781],[-65.367244,-27.529756],[-65.367633,-27.528755],[-65.368482,-27.528196],[-65.370385,-27.527775],[-65.371206,-27.528185],[-65.371865,-27.528014],[-65.372286,-27.528615],[-65.372673,-27.528451],[-65.373166,-27.528943],[-65.374131,-27.52926],[-65.374912,-27.529842],[-65.375699,-27.529889],[-65.375798,-27.530425],[-65.376464,-27.530154],[-65.377918,-27.530443],[-65.37842,-27.530207],[-65.378992,-27.530301],[-65.379359,-27.530866],[-65.380726,-27.530632],[-65.382405,-27.531052],[-65.382671,-27.530982],[-65.382646,-27.530664],[-65.383504,-27.530877],[-65.383571,-27.530341],[-65.384537,-27.529966],[-65.38472,-27.530278],[-65.385157,-27.530171],[-65.385406,-27.530627],[-65.38582,-27.530385],[-65.385908,-27.531222],[-65.386367,-27.53182],[-65.386852,-27.531646],[-65.386881,-27.5313],[-65.387136,-27.531209],[-65.387676,-27.531694],[-65.388448,-27.531926],[-65.38892,-27.531781],[-65.38955,-27.532399],[-65.389564,-27.531782],[-65.390341,-27.531652],[-65.390986,-27.532061],[-65.390888,-27.532341],[-65.391205,-27.532859],[-65.392146,-27.533293],[-65.392701,-27.532964],[-65.392273,-27.532976],[-65.392356,-27.532622],[-65.392851,-27.532704],[-65.392975,-27.532497],[-65.393601,-27.532722],[-65.393668,-27.53307],[-65.393279,-27.533139],[-65.393488,-27.533546],[-65.393382,-27.533953],[-65.393585,-27.534041],[-65.394141,-27.533879],[-65.394448,-27.534082],[-65.394707,-27.533681],[-65.395113,-27.533719],[-65.394988,-27.53332],[-65.395847,-27.532899],[-65.395639,-27.532549],[-65.395779,-27.532416],[-65.396358,-27.532645],[-65.397252,-27.532329],[-65.397491,-27.533036],[-65.397915,-27.533204],[-65.398584,-27.532457],[-65.398801,-27.532752],[-65.398569,-27.533269],[-65.398705,-27.533387],[-65.399083,-27.532838],[-65.399524,-27.532977],[-65.399973,-27.53268],[-65.400836,-27.533237],[-65.400798,-27.534184],[-65.401774,-27.534297],[-65.401953,-27.534692],[-65.401067,-27.535739],[-65.400597,-27.535636],[-65.400219,-27.535877],[-65.400336,-27.536198],[-65.400736,-27.536214],[-65.400974,-27.536731],[-65.400465,-27.537006],[-65.400461,-27.5374],[-65.40012,-27.537246],[-65.399637,-27.537457],[-65.399574,-27.537907],[-65.400477,-27.537949],[-65.400797,-27.538294],[-65.400733,-27.537866],[-65.401089,-27.537503],[-65.402095,-27.537202],[-65.403331,-27.538619],[-65.403707,-27.537949],[-65.404091,-27.537769],[-65.40475,-27.53797],[-65.404664,-27.537444],[-65.405,-27.536832],[-65.405973,-27.536555],[-65.406275,-27.537056],[-65.405774,-27.537532],[-65.405851,-27.537756],[-65.406274,-27.537663],[-65.406349,-27.538008],[-65.407153,-27.538394],[-65.406696,-27.539342],[-65.407263,-27.540375],[-65.408055,-27.540198],[-65.408365,-27.539529],[-65.408854,-27.539242],[-65.408833,-27.538899],[-65.409997,-27.538299],[-65.410865,-27.538425],[-65.411859,-27.539588],[-65.412353,-27.539135],[-65.413035,-27.538952],[-65.413845,-27.539593],[-65.413773,-27.540096],[-65.414594,-27.540707],[-65.415197,-27.540454],[-65.416057,-27.540577],[-65.416028,-27.539824],[-65.416276,-27.539614],[-65.416762,-27.539518],[-65.41779,-27.540011],[-65.418118,-27.539627],[-65.418409,-27.540092],[-65.418358,-27.540685],[-65.419308,-27.540683],[-65.419357,-27.540995],[-65.419915,-27.541213],[-65.420733,-27.540835],[-65.420701,-27.540254],[-65.42157,-27.540118],[-65.422409,-27.539553],[-65.422459,-27.538921],[-65.422787,-27.538714],[-65.423351,-27.538775],[-65.424311,-27.539474],[-65.425132,-27.539422],[-65.425934,-27.53984],[-65.426056,-27.540181],[-65.42762,-27.539546],[-65.428954,-27.540159],[-65.430392,-27.539828],[-65.432466,-27.540186],[-65.432726,-27.540596],[-65.433175,-27.540471],[-65.433465,-27.540781],[-65.433598,-27.540528],[-65.434413,-27.540251],[-65.435228,-27.540449],[-65.435394,-27.540158],[-65.437433,-27.539394],[-65.437624,-27.538917],[-65.438194,-27.539131],[-65.438931,-27.538949],[-65.439307,-27.539335],[-65.440029,-27.53893],[-65.440485,-27.537938],[-65.440858,-27.53811],[-65.440855,-27.538489],[-65.441806,-27.538684],[-65.441938,-27.539104],[-65.443059,-27.539713],[-65.44312,-27.53999],[-65.445472,-27.540141],[-65.446659,-27.538869],[-65.4473,-27.538642],[-65.44789,-27.538865],[-65.448025,-27.539251],[-65.447765,-27.539604],[-65.44831,-27.539718],[-65.449053,-27.539518],[-65.450982,-27.540112],[-65.452115,-27.53978],[-65.452406,-27.539389],[-65.452094,-27.538999],[-65.451798,-27.539184],[-65.451366,-27.538935],[-65.452198,-27.538217],[-65.45183,-27.537415],[-65.452048,-27.536921],[-65.453082,-27.536626],[-65.453901,-27.536859],[-65.454574,-27.538104],[-65.45485,-27.538198],[-65.455215,-27.537592],[-65.45509,-27.537116],[-65.455963,-27.536734],[-65.456404,-27.537159],[-65.455563,-27.53789],[-65.455628,-27.538183],[-65.456015,-27.538137],[-65.456214,-27.538512],[-65.457127,-27.537683],[-65.457219,-27.537229],[-65.457596,-27.537102],[-65.458168,-27.537341],[-65.458516,-27.538137],[-65.458009,-27.538154],[-65.457643,-27.538492],[-65.457802,-27.538714],[-65.458627,-27.538781],[-65.458699,-27.539669],[-65.458916,-27.539798],[-65.460221,-27.539989],[-65.460318,-27.539533],[-65.460013,-27.538982],[-65.460679,-27.538786],[-65.460968,-27.538153],[-65.461929,-27.537999],[-65.463374,-27.539364],[-65.463925,-27.53924],[-65.464453,-27.539383],[-65.464791,-27.539773],[-65.465418,-27.539647],[-65.466728,-27.540127],[-65.468238,-27.540151],[-65.468306,-27.540935],[-65.469223,-27.541095],[-65.46995,-27.541526],[-65.470496,-27.540761],[-65.471119,-27.540845],[-65.471619,-27.54056],[-65.471775,-27.539191],[-65.472342,-27.539025],[-65.472598,-27.538521],[-65.472421,-27.538182],[-65.473979,-27.538131],[-65.474092,-27.538792],[-65.474623,-27.538747],[-65.475352,-27.539806],[-65.475657,-27.539743],[-65.47593,-27.540371],[-65.476393,-27.539525],[-65.476632,-27.539696],[-65.477315,-27.539339],[-65.478516,-27.539419],[-65.478871,-27.539123],[-65.479437,-27.539093],[-65.479685,-27.539395],[-65.479129,-27.539693],[-65.478695,-27.540535],[-65.479037,-27.541075],[-65.478713,-27.542823],[-65.479314,-27.54315],[-65.480047,-27.543018],[-65.479543,-27.538477],[-65.483499,-27.538934],[-65.484289,-27.543088],[-65.485246,-27.544754],[-65.487206,-27.544432],[-65.486585,-27.54184],[-65.489531,-27.540877],[-65.490153,-27.541464],[-65.491459,-27.540922],[-65.492366,-27.541291],[-65.493593,-27.540981],[-65.495103,-27.541561],[-65.502269,-27.540504],[-65.50481,-27.540995],[-65.506843,-27.542052],[-65.514218,-27.542446],[-65.517531,-27.54339],[-65.519466,-27.544818],[-65.52052,-27.545246],[-65.522245,-27.545464],[-65.52337,-27.545318],[-65.527192,-27.54386],[-65.528621,-27.543905],[-65.531861,-27.543338],[-65.535402,-27.541382],[-65.536572,-27.541988],[-65.537499,-27.541921],[-65.537792,-27.542332],[-65.539327,-27.542024],[-65.543116,-27.542181],[-65.543784,-27.541971],[-65.544104,-27.542195],[-65.545089,-27.541513],[-65.532191,-27.484938],[-65.533359,-27.484767],[-65.534031,-27.484154],[-65.534562,-27.483403],[-65.535695,-27.4807],[-65.536126,-27.480224],[-65.537239,-27.47998],[-65.538256,-27.480355],[-65.539419,-27.481705],[-65.539724,-27.48307],[-65.539464,-27.484585],[-65.538261,-27.487384],[-65.538472,-27.489594],[-65.539364,-27.490493],[-65.540819,-27.490698],[-65.541487,-27.490428],[-65.541978,-27.489848],[-65.543278,-27.486758],[-65.544345,-27.485716],[-65.546286,-27.485616],[-65.548782,-27.486369],[-65.549644,-27.486346],[-65.552479,-27.487723],[-65.553256,-27.487715],[-65.555444,-27.486882],[-65.55618,-27.486242],[-65.556312,-27.484831],[-65.555354,-27.483667],[-65.55549,-27.482398],[-65.556686,-27.481113],[-65.558428,-27.47997],[-65.550701,-27.449917],[-65.549427,-27.434255],[-65.549044,-27.432736],[-65.548926,-27.430832],[-65.547035,-27.432057],[-65.545603,-27.432477],[-65.540847,-27.43135],[-65.538134,-27.432499],[-65.536998,-27.432395],[-65.535924,-27.431222],[-65.534818,-27.430552],[-65.533723,-27.431918],[-65.532172,-27.432071],[-65.532319,-27.433127],[-65.531138,-27.433089],[-65.529741,-27.432596],[-65.528938,-27.431991],[-65.526797,-27.427846],[-65.526181,-27.427204],[-65.525457,-27.427051],[-65.52651,-27.425892],[-65.527552,-27.425549],[-65.526454,-27.425843],[-65.525987,-27.426301],[-65.5249,-27.426522],[-65.524264,-27.427017],[-65.522593,-27.427097],[-65.520668,-27.428241],[-65.519844,-27.429669],[-65.520005,-27.43043],[-65.520415,-27.4306],[-65.518661,-27.43261],[-65.517638,-27.433006],[-65.515981,-27.432546],[-65.515188,-27.432056],[-65.514011,-27.430083],[-65.512965,-27.429166],[-65.511083,-27.429598],[-65.511108,-27.430497],[-65.511403,-27.43074],[-65.509571,-27.434011],[-65.508586,-27.434849],[-65.507134,-27.435512],[-65.505897,-27.435381],[-65.50417,-27.433708],[-65.502938,-27.433123],[-65.499794,-27.432615],[-65.498179,-27.432725],[-65.495416,-27.421389],[-65.491604,-27.422227],[-65.487186,-27.404635],[-65.486687,-27.404823],[-65.486146,-27.405656],[-65.485318,-27.405985],[-65.481973,-27.406037],[-65.480668,-27.406646],[-65.480185,-27.407279],[-65.480058,-27.408166],[-65.479196,-27.408645],[-65.482442,-27.422014],[-65.471464,-27.421672],[-65.469332,-27.412216],[-65.467707,-27.41284],[-65.466014,-27.407487],[-65.465268,-27.406329],[-65.462923,-27.396231],[-65.462434,-27.395783],[-65.461667,-27.393857],[-65.464464,-27.394466],[-65.465893,-27.395177],[-65.46754,-27.396405],[-65.468901,-27.396468],[-65.469707,-27.39619],[-65.471411,-27.394571],[-65.472798,-27.390247],[-65.473139,-27.390174],[-65.473252,-27.389752],[-65.474094,-27.38908],[-65.477803,-27.386677],[-65.477496,-27.385311],[-65.478071,-27.384127],[-65.477959,-27.382613],[-65.4783,-27.381684],[-65.476475,-27.37804],[-65.474676,-27.375942],[-65.47425,-27.37514],[-65.464502,-27.336826],[-65.464224,-27.336938],[-65.464063,-27.336572],[-65.460919,-27.327029],[-65.462648,-27.326652],[-65.462364,-27.325074],[-65.469851,-27.323608],[-65.469072,-27.319792],[-65.467914,-27.319716],[-65.464128,-27.303227],[-65.46494,-27.303101],[-65.465768,-27.302639],[-65.465529,-27.301836],[-65.465611,-27.301128],[-65.466361,-27.300761],[-65.467252,-27.300891],[-65.470072,-27.299977],[-65.469609,-27.297684],[-65.467672,-27.297755],[-65.465485,-27.294321],[-65.465528,-27.293799],[-65.465909,-27.293433],[-65.465107,-27.292205],[-65.461042,-27.272897],[-65.459765,-27.273054],[-65.458455,-27.267445],[-65.461061,-27.266971],[-65.45996,-27.26173],[-65.464312,-27.260861],[-65.460679,-27.245955],[-65.459002,-27.246293],[-65.456097,-27.234315],[-65.455866,-27.234644],[-65.455044,-27.234674],[-65.455188,-27.235088],[-65.454661,-27.234967],[-65.454476,-27.235179],[-65.45405,-27.234835],[-65.453665,-27.234861],[-65.453507,-27.235354],[-65.452969,-27.235366],[-65.452738,-27.235653],[-65.451862,-27.235044],[-65.451878,-27.234501],[-65.450576,-27.234474],[-65.449934,-27.230003],[-65.44832,-27.2272],[-65.446047,-27.216926],[-65.445285,-27.216961],[-65.44507,-27.217631],[-65.442373,-27.21787],[-65.442315,-27.219173],[-65.438701,-27.220081],[-65.436256,-27.209303],[-65.42257,-27.217265],[-65.421468,-27.21106],[-65.420977,-27.211044],[-65.420389,-27.210171],[-65.418781,-27.21036],[-65.416689,-27.211049],[-65.415548,-27.205014],[-65.416312,-27.204881],[-65.415897,-27.20359],[-65.415309,-27.203695],[-65.415361,-27.204019],[-65.412446,-27.204451],[-65.410237,-27.192375],[-65.407866,-27.183117],[-65.406582,-27.182167],[-65.40616,-27.181466],[-65.402621,-27.178825],[-65.401219,-27.175515],[-65.400063,-27.174589],[-65.398269,-27.174264]]]]}},{"type":"Feature","properties":{"id":"90098","name":"Tafí del Valle"},"geometry":{"type":"MultiPolygon","coordinates":[[[[-66.040109,-26.250901],[-66.037728,-26.251157],[-66.035912,-26.250502],[-66.033046,-26.249884],[-66,-26.263994],[-65.719422,-26.35277],[-65.719018,-26.352705],[-65.714485,-26.354237],[-65.710922,-26.356503],[-65.711899,-26.359204],[-65.712151,-26.361119],[-65.716728,-26.369828],[-65.720284,-26.378886],[-65.721329,-26.380631],[-65.72448,-26.383292],[-65.725266,-26.38498],[-65.725319,-26.386975],[-65.724598,-26.391058],[-65.720797,-26.39785],[-65.718979,-26.402124],[-65.714617,-26.408333],[-65.714004,-26.410057],[-65.715101,-26.413755],[-65.718705,-26.41802],[-65.720306,-26.422755],[-65.71971,-26.426744],[-65.718006,-26.430529],[-65.716406,-26.433328],[-65.715373,-26.436812],[-65.71382,-26.440143],[-65.711813,-26.443158],[-65.710543,-26.445954],[-65.709781,-26.453128],[-65.711347,-26.460013],[-65.711264,-26.462858],[-65.707654,-26.468219],[-65.706361,-26.471258],[-65.706159,-26.473434],[-65.70531,-26.47557],[-65.700553,-26.480927],[-65.699585,-26.483192],[-65.699654,-26.486784],[-65.701122,-26.492655],[-65.702944,-26.495738],[-65.701815,-26.503313],[-65.706325,-26.508213],[-65.708936,-26.517528],[-65.710238,-26.51759],[-65.714958,-26.519103],[-65.717234,-26.520743],[-65.722338,-26.521405],[-65.722895,-26.520847],[-65.724865,-26.519828],[-65.725264,-26.518632],[-65.726106,-26.517287],[-65.727064,-26.516708],[-65.727302,-26.515915],[-65.729894,-26.512837],[-65.732613,-26.510804],[-65.73332,-26.509455],[-65.734288,-26.50898],[-65.735011,-26.508287],[-65.737335,-26.508118],[-65.739457,-26.508517],[-65.740768,-26.508316],[-65.74283,-26.507266],[-65.743598,-26.505515],[-65.744314,-26.504969],[-65.746456,-26.506422],[-65.747527,-26.511681],[-65.743499,-26.516607],[-65.741221,-26.517205],[-65.739473,-26.520691],[-65.737451,-26.526704],[-65.721542,-26.542421],[-65.725689,-26.557065],[-65.726441,-26.571193],[-65.727994,-26.579908],[-65.727871,-26.589321],[-65.72998,-26.591553],[-65.730995,-26.593199],[-65.731438,-26.595103],[-65.731262,-26.598965],[-65.730354,-26.602755],[-65.731651,-26.607793],[-65.738713,-26.598836],[-65.742672,-26.599613],[-65.748274,-26.59601],[-65.755589,-26.601056],[-65.760925,-26.611661],[-65.759973,-26.613988],[-65.766987,-26.62282],[-65.766446,-26.624934],[-65.768777,-26.624168],[-65.769856,-26.625682],[-65.769567,-26.626243],[-65.77007,-26.626978],[-65.773266,-26.628473],[-65.772205,-26.629888],[-65.772204,-26.630428],[-65.771819,-26.630729],[-65.771935,-26.632673],[-65.770683,-26.634565],[-65.775416,-26.638907],[-65.77567,-26.639944],[-65.775541,-26.640595],[-65.773787,-26.641628],[-65.76827,-26.644497],[-65.765012,-26.645853],[-65.763984,-26.647463],[-65.76402,-26.650532],[-65.765086,-26.651569],[-65.765981,-26.65299],[-65.76516,-26.65432],[-65.766183,-26.655626],[-65.765323,-26.658157],[-65.764384,-26.657848],[-65.762759,-26.658382],[-65.761821,-26.657729],[-65.760709,-26.657919],[-65.759207,-26.6611],[-65.759459,-26.663763],[-65.758517,-26.664643],[-65.758215,-26.665909],[-65.758539,-26.667909],[-65.719975,-26.684155],[-65.717933,-26.688922],[-65.710852,-26.691053],[-65.70546,-26.696987],[-65.704812,-26.697375],[-65.704724,-26.698597],[-65.705229,-26.700697],[-65.704672,-26.702032],[-65.703647,-26.703748],[-65.702198,-26.704775],[-65.701216,-26.706262],[-65.70014,-26.709871],[-65.697835,-26.712996],[-65.696391,-26.715565],[-65.6956,-26.716011],[-65.694986,-26.717768],[-65.695607,-26.718814],[-65.698731,-26.718083],[-65.699251,-26.718614],[-65.699304,-26.719501],[-65.701109,-26.720358],[-65.702759,-26.720625],[-65.703713,-26.722347],[-65.705174,-26.723568],[-65.705249,-26.725504],[-65.707627,-26.730559],[-65.708507,-26.732946],[-65.708685,-26.735629],[-65.707288,-26.738589],[-65.710847,-26.738778],[-65.697273,-26.778277],[-65.694365,-26.785009],[-65.691067,-26.789644],[-65.680012,-26.812889],[-65.678338,-26.813961],[-65.676044,-26.814269],[-65.671278,-26.811979],[-65.660865,-26.80934],[-65.659143,-26.809295],[-65.645575,-26.810989],[-65.637049,-26.81072],[-65.633837,-26.811309],[-65.629155,-26.816097],[-65.623065,-26.826838],[-65.624314,-26.835888],[-65.624377,-26.839073],[-65.627015,-26.841496],[-65.628268,-26.847168],[-65.629845,-26.849907],[-65.627302,-26.863704],[-65.627568,-26.864056],[-65.62833,-26.870263],[-65.627968,-26.871014],[-65.628707,-26.87629],[-65.629481,-26.876064],[-65.631567,-26.877431],[-65.633547,-26.87675],[-65.633638,-26.877325],[-65.636772,-26.880718],[-65.639317,-26.885673],[-65.638902,-26.894142],[-65.641499,-26.895177],[-65.647508,-26.892056],[-65.647394,-26.891042],[-65.651771,-26.890648],[-65.652199,-26.890818],[-65.656943,-26.899302],[-65.657205,-26.903117],[-65.660047,-26.904723],[-65.661041,-26.907577],[-65.663151,-26.910211],[-65.663093,-26.911402],[-65.658463,-26.923087],[-65.656748,-26.923141],[-65.656217,-26.927838],[-65.656981,-26.928794],[-65.65775,-26.930403],[-65.656931,-26.931509],[-65.657056,-26.934197],[-65.653044,-26.937301],[-65.652187,-26.937367],[-65.652178,-26.944091],[-65.651885,-26.944948],[-65.653363,-26.945195],[-65.655572,-26.946251],[-65.657009,-26.946629],[-65.658263,-26.94676],[-65.660069,-26.946289],[-65.660458,-26.946756],[-65.661466,-26.947206],[-65.66272,-26.947255],[-65.662984,-26.947658],[-65.662999,-26.948491],[-65.662353,-26.9489],[-65.661134,-26.950621],[-65.661054,-26.951894],[-65.66153,-26.952445],[-65.665497,-26.954005],[-65.670854,-26.951453],[-65.671492,-26.950913],[-65.672694,-26.950538],[-65.67994,-26.951687],[-65.681247,-26.952163],[-65.68317,-26.954351],[-65.683269,-26.955641],[-65.687877,-26.962215],[-65.688899,-26.964302],[-65.690617,-26.965483],[-65.692186,-26.965721],[-65.693699,-26.96693],[-65.709206,-26.971656],[-65.71242,-26.972181],[-65.712766,-26.973766],[-65.715249,-26.976298],[-65.715486,-26.977706],[-65.716407,-26.979636],[-65.715677,-26.980675],[-65.718862,-26.982855],[-65.721062,-26.982975],[-65.722017,-26.984916],[-65.72403,-26.985789],[-65.72483,-26.987118],[-65.724697,-26.988735],[-65.723806,-26.990855],[-65.723672,-26.993165],[-65.726121,-26.993616],[-65.727466,-26.995445],[-65.728649,-26.996051],[-65.729715,-26.997467],[-65.731304,-27.001625],[-65.730753,-27.003595],[-65.731321,-27.005178],[-65.730102,-27.007625],[-65.731139,-27.009121],[-65.733024,-27.010738],[-65.734749,-27.013817],[-65.740309,-27.017602],[-65.742518,-27.019838],[-65.74333,-27.022504],[-65.742661,-27.028457],[-65.745387,-27.033452],[-65.74243,-27.035228],[-65.748382,-27.037206],[-65.752597,-27.038974],[-65.780106,-27.047235],[-65.780528,-27.048903],[-65.779451,-27.050086],[-65.779989,-27.051458],[-65.780323,-27.053565],[-65.77788,-27.055597],[-65.778548,-27.05782],[-65.778105,-27.059019],[-65.778503,-27.060007],[-65.778582,-27.061661],[-65.778136,-27.063973],[-65.777246,-27.066449],[-65.777642,-27.067484],[-65.777658,-27.068303],[-65.777107,-27.06949],[-65.775993,-27.070467],[-65.775623,-27.071197],[-65.775794,-27.071708],[-65.776511,-27.072479],[-65.776402,-27.073226],[-65.777367,-27.074263],[-65.777421,-27.074811],[-65.776216,-27.077767],[-65.772643,-27.080671],[-65.772205,-27.081461],[-65.772448,-27.081922],[-65.774191,-27.082083],[-65.774916,-27.082543],[-65.775119,-27.083697],[-65.775969,-27.085531],[-65.775553,-27.087277],[-65.775862,-27.088517],[-65.775146,-27.0896],[-65.774339,-27.089667],[-65.773464,-27.09028],[-65.771361,-27.090548],[-65.771059,-27.091634],[-65.770541,-27.092378],[-65.770979,-27.093425],[-65.77143,-27.093884],[-65.77489,-27.093385],[-65.776119,-27.09389],[-65.777928,-27.095618],[-65.778748,-27.095783],[-65.779262,-27.096575],[-65.77978,-27.096921],[-65.780803,-27.098346],[-65.780574,-27.099274],[-65.781059,-27.099731],[-65.782709,-27.100158],[-65.783298,-27.099838],[-65.78679,-27.10074],[-65.787276,-27.100169],[-65.786929,-27.099445],[-65.787255,-27.099041],[-65.786914,-27.098303],[-65.787223,-27.097566],[-65.788812,-27.097616],[-65.789286,-27.0974],[-65.790219,-27.09808],[-65.791184,-27.097928],[-65.79238,-27.096992],[-65.793402,-27.09538],[-65.793743,-27.094583],[-65.79343,-27.093838],[-65.791291,-27.092925],[-65.792152,-27.092083],[-65.792247,-27.090733],[-65.790871,-27.09013],[-65.792432,-27.08875],[-65.793881,-27.088754],[-65.795932,-27.088101],[-65.797173,-27.086586],[-65.797443,-27.0849],[-65.796143,-27.083193],[-65.795785,-27.080982],[-65.795464,-27.080591],[-65.795695,-27.079772],[-65.79655,-27.078921],[-65.796427,-27.078095],[-65.79598,-27.077577],[-65.795932,-27.076635],[-65.794961,-27.075547],[-65.795041,-27.074774],[-65.795607,-27.073539],[-65.79608,-27.073692],[-65.796806,-27.075013],[-65.797876,-27.074977],[-65.800361,-27.073933],[-65.799731,-27.073107],[-65.799728,-27.072295],[-65.799288,-27.071864],[-65.798434,-27.071705],[-65.798125,-27.070611],[-65.798689,-27.068982],[-65.799372,-27.068114],[-65.799684,-27.06632],[-65.800852,-27.065818],[-65.801585,-27.064989],[-65.801962,-27.063871],[-65.802551,-27.06312],[-65.803655,-27.062582],[-65.80688,-27.062624],[-65.808433,-27.062057],[-65.810297,-27.06335],[-65.813289,-27.064667],[-65.814479,-27.064878],[-65.815311,-27.064624],[-65.816552,-27.063579],[-65.818096,-27.06333],[-65.818609,-27.062926],[-65.818513,-27.061682],[-65.817756,-27.060572],[-65.817733,-27.058768],[-65.816969,-27.057862],[-65.817431,-27.05625],[-65.818783,-27.054391],[-65.819888,-27.052133],[-65.819505,-27.051723],[-65.817908,-27.050923],[-65.817353,-27.050137],[-65.818323,-27.048169],[-65.81838,-27.046374],[-65.819349,-27.045314],[-65.819691,-27.044577],[-65.820638,-27.044301],[-65.82173,-27.044401],[-65.82266,-27.043919],[-65.823456,-27.043923],[-65.824289,-27.044308],[-65.825323,-27.043916],[-65.825002,-27.042865],[-65.82421,-27.041925],[-65.824409,-27.04116],[-65.823035,-27.040434],[-65.822797,-27.040115],[-65.822889,-27.039701],[-65.823851,-27.039036],[-65.825546,-27.039193],[-65.826695,-27.03878],[-65.827156,-27.037745],[-65.826574,-27.036949],[-65.826612,-27.036529],[-65.827236,-27.036316],[-65.828686,-27.036551],[-65.829307,-27.036286],[-65.829707,-27.035761],[-65.829152,-27.034842],[-65.829798,-27.033991],[-65.83169,-27.033261],[-65.832841,-27.033856],[-65.833635,-27.033451],[-65.834227,-27.032818],[-65.835332,-27.03232],[-65.835117,-27.030941],[-65.835927,-27.030001],[-65.836037,-27.029225],[-65.836457,-27.028643],[-65.839611,-27.027647],[-65.840182,-27.028359],[-65.840477,-27.028341],[-65.842094,-27.027609],[-65.842541,-27.027106],[-65.842278,-27.02619],[-65.842653,-27.025692],[-65.843292,-27.025399],[-65.843864,-27.02569],[-65.844493,-27.025549],[-65.845197,-27.024917],[-65.845839,-27.024816],[-65.846275,-27.024179],[-65.846646,-27.024032],[-65.847315,-27.023006],[-65.847081,-27.021223],[-65.847698,-27.020464],[-65.848351,-27.020216],[-65.848757,-27.019755],[-65.849366,-27.019689],[-65.850865,-27.018543],[-65.851916,-27.018194],[-65.854179,-27.016446],[-65.854161,-27.014879],[-65.852482,-27.012923],[-65.852257,-27.011443],[-65.852895,-27.010966],[-65.852461,-27.010223],[-65.853152,-27.009318],[-65.853316,-27.008009],[-65.855701,-27.005249],[-65.855053,-27.003666],[-65.855422,-27.002322],[-65.855348,-27.001413],[-65.855675,-27.00061],[-65.855509,-27.000024],[-65.855801,-26.998038],[-65.854947,-26.993477],[-65.855277,-26.992101],[-65.855212,-26.991364],[-65.855962,-26.989864],[-65.856703,-26.989042],[-65.858569,-26.988423],[-65.860494,-26.987203],[-65.860858,-26.986568],[-65.860483,-26.984942],[-65.860732,-26.984054],[-65.861502,-26.983345],[-65.863801,-26.982381],[-65.864882,-26.98228],[-65.864869,-26.982007],[-65.865874,-26.981579],[-65.868931,-26.981393],[-65.871085,-26.982146],[-65.872573,-26.982267],[-65.874849,-26.98182],[-65.875182,-26.98121],[-65.875302,-26.980041],[-65.875803,-26.97926],[-65.879622,-26.976978],[-65.881705,-26.975156],[-65.882675,-26.974698],[-65.883178,-26.97392],[-65.88443,-26.973442],[-65.885403,-26.972106],[-65.88983,-26.969776],[-65.886436,-26.961467],[-65.886436,-26.958969],[-65.885246,-26.954329],[-65.882985,-26.950997],[-65.882629,-26.947904],[-65.880963,-26.943621],[-65.879579,-26.941183],[-65.877037,-26.940647],[-65.874895,-26.932913],[-65.86859,-26.931129],[-65.865258,-26.933032],[-65.862021,-26.932416],[-65.858687,-26.930671],[-65.85779,-26.929196],[-65.857178,-26.923897],[-65.856573,-26.92173],[-65.856573,-26.915543],[-65.859072,-26.913045],[-65.858461,-26.909942],[-65.857168,-26.906858],[-65.857168,-26.904241],[-65.857644,-26.901267],[-65.859637,-26.900731],[-65.867304,-26.896839],[-65.870619,-26.894675],[-65.874693,-26.891529],[-65.875609,-26.888774],[-65.875847,-26.885681],[-65.877394,-26.882826],[-65.879059,-26.881398],[-65.881201,-26.880803],[-65.883818,-26.881874],[-65.885748,-26.88212],[-65.88822,-26.880684],[-65.8897,-26.878143],[-65.891973,-26.875598],[-65.892991,-26.873946],[-65.895597,-26.872594],[-65.897143,-26.870096],[-65.89988,-26.866526],[-65.900475,-26.86379],[-65.898214,-26.862719],[-65.895121,-26.861768],[-65.892991,-26.86002],[-65.891652,-26.857442],[-65.890124,-26.856057],[-65.891314,-26.852845],[-65.894407,-26.849632],[-65.894045,-26.846774],[-65.894206,-26.843614],[-65.893982,-26.841924],[-65.89234,-26.838638],[-65.888055,-26.834163],[-65.886674,-26.830002],[-65.883904,-26.828241],[-65.882669,-26.826508],[-65.87905,-26.823894],[-65.875133,-26.820127],[-65.874419,-26.818223],[-65.874657,-26.815963],[-65.875609,-26.813583],[-65.880313,-26.808793],[-65.881452,-26.806165],[-65.873302,-26.802483],[-65.865853,-26.7955],[-65.865377,-26.792049],[-65.862914,-26.78866],[-65.860381,-26.783036],[-65.860381,-26.777297],[-65.860143,-26.775512],[-65.859429,-26.77349],[-65.858953,-26.770634],[-65.857599,-26.766289],[-65.853861,-26.759659],[-65.845628,-26.755049],[-65.842535,-26.753978],[-65.83956,-26.752312],[-65.836824,-26.751361],[-65.833731,-26.751123],[-65.831827,-26.749933],[-65.830756,-26.748029],[-65.830161,-26.744222],[-65.830518,-26.741367],[-65.83266,-26.737917],[-65.834309,-26.736644],[-66.04219,-26.600372],[-66.153287,-26.625375],[-66.155654,-26.627286],[-66.161484,-26.627643],[-66.164458,-26.628357],[-66.17124,-26.631212],[-66.172311,-26.628952],[-66.171835,-26.624312],[-66.169439,-26.613484],[-66.16886,-26.606942],[-66.167481,-26.601332],[-66.176118,-26.577793],[-66.175166,-26.574105],[-66.17437,-26.573257],[-66.168283,-26.570158],[-66.167067,-26.568333],[-66.166594,-26.563435],[-66.165817,-26.561407],[-66.165243,-26.558029],[-66.165446,-26.554786],[-66.166087,-26.54965],[-66.169128,-26.544853],[-66.168975,-26.544282],[-66.167898,-26.543771],[-66.167135,-26.542589],[-66.166729,-26.541238],[-66.164736,-26.539447],[-66.163925,-26.538332],[-66.163993,-26.53644],[-66.166124,-26.532227],[-66.166957,-26.529728],[-66.168622,-26.527944],[-66.17005,-26.524256],[-66.171733,-26.521656],[-66.172192,-26.517593],[-66.171954,-26.514143],[-66.172549,-26.510574],[-66.166907,-26.504372],[-66.164456,-26.503083],[-66.163959,-26.5025],[-66.163891,-26.501811],[-66.163993,-26.501304],[-66.166851,-26.497821],[-66.167574,-26.495425],[-66.168723,-26.493668],[-66.170716,-26.492249],[-66.174598,-26.491156],[-66.174939,-26.489141],[-66.175716,-26.486641],[-66.176831,-26.484749],[-66.17673,-26.481742],[-66.176257,-26.478093],[-66.176932,-26.472451],[-66.176475,-26.469409],[-66.171597,-26.467743],[-66.166934,-26.462806],[-66.165074,-26.459681],[-66.16254,-26.457518],[-66.160651,-26.453824],[-66.156249,-26.447994],[-66.154844,-26.443666],[-66.153688,-26.43647],[-66.154044,-26.430786],[-66.155783,-26.424105],[-66.156391,-26.422753],[-66.160535,-26.420077],[-66.160749,-26.418463],[-66.160837,-26.416731],[-66.158272,-26.401356],[-66.155773,-26.397311],[-66.152204,-26.395884],[-66.147326,-26.39517],[-66.141259,-26.392552],[-66.137214,-26.391244],[-66.13412,-26.391244],[-66.12948,-26.390411],[-66.126506,-26.389102],[-66.124008,-26.386604],[-66.123651,-26.382678],[-66.121747,-26.379703],[-66.11913,-26.376967],[-66.119319,-26.373604],[-66.119608,-26.372885],[-66.119072,-26.368108],[-66.11765,-26.36115],[-66.117709,-26.358414],[-66.117115,-26.356094],[-66.11759,-26.35419],[-66.117471,-26.351275],[-66.116936,-26.349431],[-66.115806,-26.347825],[-66.114914,-26.345922],[-66.114259,-26.343602],[-66.114319,-26.341996],[-66.115092,-26.334203],[-66.116163,-26.330753],[-66.11652,-26.327064],[-66.117293,-26.324744],[-66.118245,-26.320045],[-66.120029,-26.316714],[-66.120446,-26.315465],[-66.123004,-26.311776],[-66.123718,-26.31023],[-66.124212,-26.308245],[-66.124154,-26.306943],[-66.123788,-26.306499],[-66.123113,-26.305924],[-66.121424,-26.30535],[-66.120579,-26.303897],[-66.121277,-26.299705],[-66.121219,-26.295953],[-66.121517,-26.292919],[-66.120922,-26.29048],[-66.1202,-26.288808],[-66.120676,-26.28738],[-66.122104,-26.285953],[-66.12139,-26.283692],[-66.119559,-26.281569],[-66.120625,-26.278809],[-66.121152,-26.276078],[-66.119067,-26.267357],[-66.117606,-26.265146],[-66.115545,-26.263085],[-66.113349,-26.261902],[-66.109497,-26.26197],[-66.104159,-26.261598],[-66.102897,-26.259904],[-66.101589,-26.25693],[-66.097098,-26.25126],[-66.09524,-26.250213],[-66.094091,-26.248591],[-66.095172,-26.245821],[-66.096152,-26.244841],[-66.097379,-26.242468],[-66.09909,-26.237656],[-66.100399,-26.235515],[-66.100994,-26.23254],[-66.10147,-26.231708],[-66.101678,-26.228851],[-66.100879,-26.226497],[-66.099757,-26.220486],[-66.07431,-26.237071],[-66.071381,-26.238734],[-66.046967,-26.241219],[-66.044425,-26.24334],[-66.043134,-26.245332],[-66.041925,-26.2493],[-66.040109,-26.250901]]]]}},{"type":"Feature","properties":{"id":"90105","name":"Tafí Viejo"},"geometry":{"type":"MultiPolygon","coordinates":[[[[-65.739863,-26.508508],[-65.737335,-26.508118],[-65.73551,-26.508149],[-65.73332,-26.509455],[-65.732613,-26.510804],[-65.729894,-26.512837],[-65.727302,-26.515915],[-65.727064,-26.516708],[-65.726106,-26.517287],[-65.725264,-26.518632],[-65.724958,-26.519731],[-65.722895,-26.520847],[-65.722338,-26.521405],[-65.717234,-26.520743],[-65.714958,-26.519103],[-65.710238,-26.51759],[-65.708936,-26.517528],[-65.708287,-26.517653],[-65.705468,-26.519391],[-65.703872,-26.519874],[-65.702313,-26.521176],[-65.701071,-26.521479],[-65.699967,-26.521151],[-65.699396,-26.521489],[-65.699029,-26.522395],[-65.698162,-26.522462],[-65.697261,-26.523259],[-65.696263,-26.523072],[-65.695659,-26.523324],[-65.694543,-26.523099],[-65.693847,-26.523929],[-65.692354,-26.524402],[-65.691437,-26.525243],[-65.689961,-26.525406],[-65.688451,-26.526557],[-65.686884,-26.526501],[-65.686326,-26.527019],[-65.685731,-26.526714],[-65.685421,-26.525406],[-65.683638,-26.525468],[-65.683022,-26.524895],[-65.6821,-26.524706],[-65.681849,-26.524825],[-65.681764,-26.525521],[-65.680754,-26.525679],[-65.680167,-26.525082],[-65.679925,-26.52421],[-65.679492,-26.523773],[-65.677175,-26.522873],[-65.675813,-26.523613],[-65.676729,-26.524176],[-65.675851,-26.525209],[-65.673729,-26.525681],[-65.673166,-26.525532],[-65.671016,-26.525928],[-65.669224,-26.525015],[-65.668806,-26.524083],[-65.667367,-26.524566],[-65.665944,-26.52459],[-65.665033,-26.524947],[-65.664805,-26.525298],[-65.664185,-26.525391],[-65.661624,-26.524601],[-65.659731,-26.524351],[-65.658195,-26.523241],[-65.657386,-26.523162],[-65.656223,-26.523486],[-65.655144,-26.524245],[-65.654206,-26.524342],[-65.652919,-26.524036],[-65.650987,-26.524504],[-65.650069,-26.525088],[-65.649572,-26.525812],[-65.648105,-26.526501],[-65.647165,-26.527257],[-65.646474,-26.527435],[-65.645904,-26.528298],[-65.645,-26.528705],[-65.644611,-26.530175],[-65.645539,-26.531095],[-65.64536,-26.531986],[-65.643032,-26.53439],[-65.642495,-26.535807],[-65.641698,-26.53582],[-65.641115,-26.536433],[-65.639892,-26.536002],[-65.639338,-26.536439],[-65.638505,-26.536616],[-65.637392,-26.536267],[-65.636907,-26.536854],[-65.636365,-26.538498],[-65.634057,-26.539739],[-65.634008,-26.540972],[-65.633287,-26.541036],[-65.632836,-26.541469],[-65.63179,-26.541568],[-65.631312,-26.542241],[-65.631228,-26.543046],[-65.631524,-26.543466],[-65.630847,-26.544513],[-65.63028,-26.544686],[-65.629557,-26.545693],[-65.629426,-26.547718],[-65.628755,-26.548204],[-65.628648,-26.54874],[-65.627975,-26.549001],[-65.627741,-26.549602],[-65.626621,-26.550663],[-65.627249,-26.553282],[-65.626606,-26.554366],[-65.625453,-26.554877],[-65.624385,-26.554536],[-65.62348,-26.554925],[-65.622709,-26.554733],[-65.62205,-26.555134],[-65.620268,-26.554606],[-65.619025,-26.553878],[-65.61812,-26.552506],[-65.617484,-26.552185],[-65.617337,-26.55124],[-65.616489,-26.550313],[-65.615606,-26.547984],[-65.614649,-26.547598],[-65.614014,-26.547711],[-65.612842,-26.547415],[-65.611719,-26.54781],[-65.610655,-26.547635],[-65.610082,-26.547945],[-65.607922,-26.546468],[-65.607268,-26.546482],[-65.606855,-26.546187],[-65.605858,-26.546377],[-65.60437,-26.545449],[-65.60349,-26.54546],[-65.602748,-26.545033],[-65.601103,-26.545221],[-65.60039,-26.544869],[-65.599753,-26.545003],[-65.599001,-26.544635],[-65.597799,-26.544696],[-65.596724,-26.544967],[-65.59619,-26.54535],[-65.595727,-26.545258],[-65.59338,-26.546047],[-65.59266,-26.546529],[-65.591678,-26.548572],[-65.590139,-26.54897],[-65.588986,-26.548141],[-65.588363,-26.546912],[-65.587644,-26.54616],[-65.586734,-26.545677],[-65.585733,-26.545802],[-65.585094,-26.545351],[-65.583894,-26.545599],[-65.583003,-26.545182],[-65.582101,-26.545136],[-65.582128,-26.543932],[-65.581384,-26.543405],[-65.580837,-26.542379],[-65.579379,-26.541747],[-65.577637,-26.541843],[-65.576753,-26.541389],[-65.575951,-26.541531],[-65.57503,-26.54003],[-65.573237,-26.539083],[-65.57199,-26.538051],[-65.570699,-26.538023],[-65.570073,-26.537428],[-65.569254,-26.537406],[-65.568942,-26.536997],[-65.56606,-26.535795],[-65.565575,-26.535386],[-65.563694,-26.535124],[-65.562504,-26.53551],[-65.561699,-26.535289],[-65.560721,-26.535359],[-65.55989,-26.534774],[-65.557247,-26.536765],[-65.556438,-26.536882],[-65.555966,-26.537477],[-65.554491,-26.536879],[-65.553011,-26.535718],[-65.552449,-26.53563],[-65.551781,-26.536373],[-65.551081,-26.536509],[-65.550498,-26.537174],[-65.550437,-26.53761],[-65.550936,-26.5382],[-65.550777,-26.538541],[-65.549665,-26.537935],[-65.548288,-26.538004],[-65.547867,-26.538253],[-65.547699,-26.538736],[-65.54733,-26.538817],[-65.545756,-26.537831],[-65.544471,-26.537729],[-65.54358,-26.536827],[-65.543059,-26.537089],[-65.54219,-26.538644],[-65.54088,-26.538799],[-65.540411,-26.539092],[-65.538456,-26.538285],[-65.536894,-26.539149],[-65.536054,-26.53887],[-65.535275,-26.538214],[-65.533838,-26.538118],[-65.532791,-26.53889],[-65.532616,-26.539433],[-65.531358,-26.539822],[-65.530993,-26.540357],[-65.52931,-26.541585],[-65.527771,-26.54126],[-65.527336,-26.54157],[-65.526818,-26.543573],[-65.526505,-26.543613],[-65.525781,-26.542799],[-65.523707,-26.543183],[-65.522365,-26.542662],[-65.521376,-26.542564],[-65.520817,-26.541882],[-65.519659,-26.541914],[-65.518273,-26.543684],[-65.518855,-26.544365],[-65.518655,-26.545033],[-65.515791,-26.544867],[-65.514749,-26.546286],[-65.512775,-26.546332],[-65.512397,-26.546857],[-65.512471,-26.547586],[-65.511902,-26.548074],[-65.511387,-26.547878],[-65.510992,-26.546758],[-65.510195,-26.545812],[-65.509087,-26.545467],[-65.508304,-26.544788],[-65.506082,-26.54554],[-65.505054,-26.546374],[-65.50431,-26.546238],[-65.503158,-26.547861],[-65.502586,-26.548028],[-65.500655,-26.547263],[-65.499647,-26.543526],[-65.500609,-26.540971],[-65.500085,-26.539377],[-65.500077,-26.538388],[-65.498534,-26.535992],[-65.497852,-26.533327],[-65.496655,-26.531337],[-65.496495,-26.528721],[-65.497741,-26.526293],[-65.497855,-26.525592],[-65.497482,-26.524689],[-65.497068,-26.5243],[-65.493927,-26.523822],[-65.491185,-26.524047],[-65.489887,-26.525171],[-65.489099,-26.524709],[-65.488443,-26.524752],[-65.488081,-26.525091],[-65.487614,-26.526637],[-65.487278,-26.526752],[-65.486289,-26.524931],[-65.487432,-26.524504],[-65.487599,-26.523995],[-65.488711,-26.522908],[-65.488796,-26.522449],[-65.488498,-26.52209],[-65.487775,-26.522131],[-65.486896,-26.52257],[-65.485512,-26.523993],[-65.485055,-26.523832],[-65.485119,-26.522705],[-65.486505,-26.520718],[-65.485994,-26.520263],[-65.484809,-26.520121],[-65.485175,-26.518399],[-65.484302,-26.518154],[-65.483108,-26.516522],[-65.482784,-26.516521],[-65.482317,-26.516945],[-65.480542,-26.516908],[-65.478495,-26.517592],[-65.47712,-26.516329],[-65.476029,-26.517461],[-65.474909,-26.51764],[-65.473822,-26.518987],[-65.4714,-26.519203],[-65.470996,-26.520478],[-65.470575,-26.520684],[-65.469074,-26.520231],[-65.468248,-26.520324],[-65.466893,-26.519297],[-65.465898,-26.519171],[-65.465365,-26.519699],[-65.46578,-26.520851],[-65.46792,-26.521134],[-65.468991,-26.521964],[-65.468858,-26.522495],[-65.467549,-26.52302],[-65.466724,-26.523656],[-65.466633,-26.524063],[-65.466838,-26.524018],[-65.467031,-26.524508],[-65.46956,-26.524821],[-65.470185,-26.525908],[-65.470769,-26.526368],[-65.471625,-26.526342],[-65.472,-26.526004],[-65.472527,-26.526199],[-65.473376,-26.527519],[-65.474048,-26.528146],[-65.47445,-26.528223],[-65.475691,-26.529706],[-65.478357,-26.531381],[-65.478321,-26.532366],[-65.479406,-26.533855],[-65.480662,-26.534043],[-65.48172,-26.534852],[-65.481999,-26.535515],[-65.482639,-26.535839],[-65.483472,-26.537506],[-65.483875,-26.537832],[-65.483661,-26.539851],[-65.484319,-26.540744],[-65.483875,-26.541248],[-65.483845,-26.542466],[-65.484293,-26.542978],[-65.483631,-26.544292],[-65.483883,-26.545915],[-65.48487,-26.546044],[-65.485566,-26.546956],[-65.486992,-26.546746],[-65.487759,-26.547304],[-65.488064,-26.547795],[-65.487639,-26.548942],[-65.487899,-26.550689],[-65.486789,-26.550719],[-65.485933,-26.551604],[-65.485144,-26.551998],[-65.484608,-26.551577],[-65.483656,-26.55197],[-65.482963,-26.552547],[-65.483022,-26.552975],[-65.48195,-26.553859],[-65.481807,-26.554575],[-65.482232,-26.554493],[-65.48226,-26.554772],[-65.483749,-26.555064],[-65.484484,-26.554832],[-65.484512,-26.55506],[-65.484737,-26.55499],[-65.48572,-26.557241],[-65.48805,-26.557274],[-65.488568,-26.558047],[-65.489437,-26.558365],[-65.489805,-26.559031],[-65.490491,-26.559478],[-65.492066,-26.561338],[-65.492046,-26.562711],[-65.49253,-26.562793],[-65.492592,-26.563251],[-65.4941,-26.564864],[-65.495489,-26.565612],[-65.495778,-26.56631],[-65.495427,-26.567895],[-65.494047,-26.568578],[-65.493086,-26.569444],[-65.492872,-26.57002],[-65.491408,-26.570342],[-65.490677,-26.570817],[-65.490154,-26.572196],[-65.489324,-26.572785],[-65.488378,-26.573036],[-65.487041,-26.572845],[-65.485389,-26.573093],[-65.482721,-26.576519],[-65.481336,-26.576864],[-65.479511,-26.579114],[-65.478049,-26.584055],[-65.476553,-26.585968],[-65.475959,-26.587521],[-65.475972,-26.589224],[-65.476177,-26.589658],[-65.47606,-26.590742],[-65.474866,-26.594685],[-65.475309,-26.595377],[-65.475167,-26.596247],[-65.475561,-26.597238],[-65.476796,-26.597875],[-65.476941,-26.598285],[-65.475847,-26.599825],[-65.475176,-26.600317],[-65.475223,-26.600688],[-65.474527,-26.601719],[-65.473722,-26.602197],[-65.473382,-26.603266],[-65.470873,-26.602581],[-65.469978,-26.599128],[-65.469295,-26.598248],[-65.46733,-26.597527],[-65.464295,-26.595619],[-65.462414,-26.593116],[-65.462068,-26.592044],[-65.460562,-26.590181],[-65.459942,-26.588873],[-65.458948,-26.584947],[-65.458061,-26.587018],[-65.456623,-26.587849],[-65.452911,-26.589098],[-65.45223,-26.58913],[-65.451006,-26.589773],[-65.450448,-26.589763],[-65.450094,-26.590172],[-65.449135,-26.589989],[-65.447069,-26.591301],[-65.445486,-26.591597],[-65.444022,-26.59267],[-65.441188,-26.593165],[-65.436278,-26.592054],[-65.432695,-26.593361],[-65.43128,-26.595078],[-65.43038,-26.595216],[-65.429702,-26.595788],[-65.427852,-26.596541],[-65.426955,-26.597179],[-65.425069,-26.597508],[-65.42366,-26.598808],[-65.423453,-26.599265],[-65.421743,-26.599982],[-65.421298,-26.600627],[-65.420795,-26.600833],[-65.419938,-26.602053],[-65.419105,-26.602707],[-65.419116,-26.604502],[-65.418853,-26.60553],[-65.417972,-26.607095],[-65.416786,-26.607604],[-65.416069,-26.607473],[-65.415011,-26.607801],[-65.414307,-26.607426],[-65.411196,-26.60756],[-65.409246,-26.608405],[-65.407636,-26.608288],[-65.406153,-26.609074],[-65.403808,-26.609291],[-65.402734,-26.610297],[-65.402571,-26.611684],[-65.401799,-26.61215],[-65.401049,-26.613055],[-65.398595,-26.614221],[-65.397729,-26.61535],[-65.396837,-26.615531],[-65.396638,-26.616313],[-65.395871,-26.616691],[-65.395507,-26.617408],[-65.39466,-26.617589],[-65.392534,-26.619881],[-65.390755,-26.620119],[-65.38918,-26.619959],[-65.388685,-26.620614],[-65.387723,-26.621164],[-65.385083,-26.622476],[-65.383945,-26.622683],[-65.383126,-26.622372],[-65.38336,-26.621346],[-65.383163,-26.620187],[-65.38175,-26.619182],[-65.381389,-26.618391],[-65.380729,-26.618129],[-65.378858,-26.618065],[-65.377406,-26.618672],[-65.37678,-26.618594],[-65.375171,-26.61899],[-65.374055,-26.61993],[-65.373386,-26.619929],[-65.372772,-26.620405],[-65.371906,-26.620582],[-65.371196,-26.621053],[-65.371032,-26.621431],[-65.370494,-26.620944],[-65.36942,-26.620786],[-65.368588,-26.620343],[-65.368217,-26.620788],[-65.366107,-26.621029],[-65.365644,-26.62154],[-65.364786,-26.621961],[-65.363803,-26.621837],[-65.36173,-26.622181],[-65.361045,-26.622014],[-65.359751,-26.62287],[-65.359227,-26.622792],[-65.357312,-26.62363],[-65.356159,-26.623302],[-65.35377,-26.623381],[-65.352259,-26.624181],[-65.35117,-26.624451],[-65.350854,-26.624384],[-65.349047,-26.621826],[-65.347954,-26.620754],[-65.346658,-26.62021],[-65.345488,-26.620371],[-65.344635,-26.62018],[-65.344043,-26.619328],[-65.342976,-26.618601],[-65.341754,-26.617315],[-65.340851,-26.617025],[-65.340432,-26.616317],[-65.340345,-26.615332],[-65.338831,-26.614539],[-65.339134,-26.613648],[-65.336655,-26.612363],[-65.336229,-26.611449],[-65.335793,-26.611439],[-65.334458,-26.612099],[-65.333767,-26.612],[-65.331741,-26.611107],[-65.330495,-26.610282],[-65.330054,-26.610526],[-65.329386,-26.610377],[-65.32881,-26.610543],[-65.327435,-26.611237],[-65.325047,-26.611587],[-65.323472,-26.610626],[-65.322257,-26.610409],[-65.320868,-26.60965],[-65.318441,-26.610076],[-65.317172,-26.61078],[-65.316146,-26.611028],[-65.315113,-26.610549],[-65.314559,-26.610592],[-65.312942,-26.610046],[-65.310783,-26.611259],[-65.307942,-26.612338],[-65.306498,-26.61265],[-65.302709,-26.612483],[-65.301826,-26.612269],[-65.297612,-26.610105],[-65.296849,-26.609199],[-65.294288,-26.607082],[-65.294011,-26.606519],[-65.293556,-26.606334],[-65.29305,-26.606457],[-65.292595,-26.605601],[-65.290336,-26.604487],[-65.288068,-26.604059],[-65.287022,-26.60441],[-65.286751,-26.603706],[-65.285735,-26.60391],[-65.28366,-26.603168],[-65.283165,-26.602748],[-65.282179,-26.602821],[-65.281042,-26.60234],[-65.279718,-26.60285],[-65.278407,-26.603027],[-65.277582,-26.604046],[-65.276411,-26.60454],[-65.275795,-26.60529],[-65.275671,-26.606081],[-65.274608,-26.607617],[-65.269457,-26.607623],[-65.2641,-26.610226],[-65.261951,-26.610764],[-65.260363,-26.610205],[-65.259959,-26.609489],[-65.259267,-26.60909],[-65.258178,-26.609554],[-65.257127,-26.609634],[-65.256411,-26.608956],[-65.256142,-26.609141],[-65.255612,-26.608964],[-65.255078,-26.60945],[-65.25356,-26.608693],[-65.252515,-26.609029],[-65.251598,-26.608464],[-65.250124,-26.606842],[-65.249807,-26.606814],[-65.249581,-26.607206],[-65.247584,-26.606421],[-65.247149,-26.605889],[-65.245158,-26.605128],[-65.245403,-26.604175],[-65.244842,-26.603175],[-65.244431,-26.603032],[-65.24397,-26.603341],[-65.242739,-26.60315],[-65.241391,-26.602479],[-65.241222,-26.601837],[-65.240068,-26.600052],[-65.23924,-26.599055],[-65.238449,-26.598747],[-65.23763,-26.597363],[-65.236989,-26.597356],[-65.235727,-26.597759],[-65.235186,-26.598179],[-65.232143,-26.598988],[-65.232554,-26.598479],[-65.232489,-26.598164],[-65.231554,-26.59944],[-65.231239,-26.600788],[-65.230903,-26.600848],[-65.229752,-26.602064],[-65.229588,-26.601711],[-65.2292,-26.601835],[-65.228746,-26.601433],[-65.227505,-26.601376],[-65.226937,-26.601042],[-65.226293,-26.601168],[-65.225786,-26.600293],[-65.224939,-26.599921],[-65.225011,-26.599705],[-65.225672,-26.599654],[-65.225691,-26.59932],[-65.225014,-26.598637],[-65.224541,-26.598569],[-65.226913,-26.597886],[-65.225706,-26.597403],[-65.225611,-26.597117],[-65.226166,-26.596895],[-65.226217,-26.596487],[-65.22718,-26.596444],[-65.227066,-26.595906],[-65.227989,-26.59544],[-65.227042,-26.59513],[-65.227826,-26.593058],[-65.228265,-26.593093],[-65.228811,-26.593537],[-65.228799,-26.593006],[-65.229585,-26.593097],[-65.228542,-26.592473],[-65.228568,-26.59198],[-65.228231,-26.591698],[-65.22845,-26.591231],[-65.228888,-26.591221],[-65.229518,-26.590201],[-65.230486,-26.590587],[-65.231151,-26.590304],[-65.231528,-26.59045],[-65.231624,-26.589992],[-65.23202,-26.589719],[-65.23338,-26.590003],[-65.232526,-26.589547],[-65.232166,-26.589048],[-65.231337,-26.588847],[-65.23165,-26.588523],[-65.232392,-26.588527],[-65.232713,-26.587714],[-65.232445,-26.587395],[-65.231637,-26.587631],[-65.231356,-26.587457],[-65.231255,-26.586731],[-65.231559,-26.586256],[-65.231573,-26.585258],[-65.231862,-26.58451],[-65.23095,-26.583517],[-65.231758,-26.58261],[-65.23192,-26.581287],[-65.232779,-26.58119],[-65.233791,-26.581898],[-65.234039,-26.580618],[-65.233833,-26.580115],[-65.233935,-26.579297],[-65.233339,-26.578216],[-65.233253,-26.577591],[-65.232877,-26.57718],[-65.232216,-26.576855],[-65.231627,-26.576917],[-65.231208,-26.577804],[-65.230611,-26.577842],[-65.229239,-26.578803],[-65.228332,-26.577168],[-65.228264,-26.576705],[-65.22847,-26.576431],[-65.223432,-26.57448],[-65.223592,-26.573819],[-65.22316,-26.573401],[-65.223463,-26.573132],[-65.22307,-26.572327],[-65.222554,-26.571779],[-65.221235,-26.571436],[-65.221825,-26.571123],[-65.222376,-26.571283],[-65.22196,-26.569872],[-65.221984,-26.569163],[-65.22223,-26.56888],[-65.222023,-26.568738],[-65.222684,-26.568394],[-65.222807,-26.567252],[-65.222432,-26.566951],[-65.221715,-26.566917],[-65.222272,-26.566787],[-65.222053,-26.566709],[-65.222342,-26.566486],[-65.222522,-26.565209],[-65.223249,-26.564505],[-65.224123,-26.564366],[-65.225716,-26.561744],[-65.228191,-26.559674],[-65.228364,-26.559221],[-65.227618,-26.555952],[-65.225682,-26.554185],[-65.224191,-26.552217],[-65.222456,-26.551588],[-65.221879,-26.55097],[-65.22135,-26.548854],[-65.223279,-26.545329],[-65.223379,-26.544696],[-65.223045,-26.54392],[-65.222348,-26.543205],[-65.221834,-26.543078],[-65.219755,-26.544131],[-65.219247,-26.544159],[-65.216557,-26.541734],[-65.215635,-26.540067],[-65.215239,-26.538687],[-65.215328,-26.536978],[-65.216611,-26.533759],[-65.216471,-26.531741],[-65.216095,-26.530689],[-65.216747,-26.528262],[-65.217644,-26.527547],[-65.219853,-26.526563],[-65.22064,-26.525959],[-65.221172,-26.524715],[-65.221086,-26.523544],[-65.21794,-26.521915],[-65.213428,-26.527069],[-65.19964,-26.527413],[-65.183405,-26.533293],[-65.189391,-26.536141],[-65.191985,-26.55108],[-65.189545,-26.558699],[-65.192098,-26.567088],[-65.191423,-26.580735],[-65.185915,-26.583246],[-65.182411,-26.580805],[-65.178569,-26.575958],[-65.171896,-26.578423],[-65.171016,-26.582263],[-65.171153,-26.585068],[-65.171385,-26.585722],[-65.171017,-26.586886],[-65.171362,-26.587526],[-65.170908,-26.589025],[-65.170674,-26.589172],[-65.170786,-26.589439],[-65.171451,-26.589671],[-65.171521,-26.590036],[-65.170432,-26.590226],[-65.17064,-26.590614],[-65.170212,-26.592065],[-65.168841,-26.593247],[-65.169287,-26.594041],[-65.168913,-26.595847],[-65.169565,-26.595941],[-65.169696,-26.596168],[-65.169344,-26.596822],[-65.168062,-26.597348],[-65.167951,-26.596909],[-65.167378,-26.597217],[-65.167246,-26.597615],[-65.167024,-26.597451],[-65.16708,-26.597906],[-65.166209,-26.598235],[-65.166158,-26.598549],[-65.165536,-26.599108],[-65.165443,-26.599744],[-65.166612,-26.602785],[-65.168532,-26.604605],[-65.168473,-26.604865],[-65.167922,-26.605023],[-65.166606,-26.604578],[-65.166617,-26.604866],[-65.167508,-26.60555],[-65.168237,-26.605646],[-65.168815,-26.606721],[-65.17335,-26.60688],[-65.176829,-26.608948],[-65.177683,-26.609825],[-65.177822,-26.61069],[-65.177697,-26.611348],[-65.17711,-26.611967],[-65.177086,-26.61259],[-65.177626,-26.6129],[-65.179701,-26.6133],[-65.180211,-26.613664],[-65.181455,-26.615169],[-65.182056,-26.615407],[-65.182758,-26.616927],[-65.183711,-26.61705],[-65.185211,-26.616463],[-65.185373,-26.617746],[-65.186024,-26.61793],[-65.186317,-26.617697],[-65.186616,-26.618024],[-65.186478,-26.619097],[-65.184756,-26.622525],[-65.184728,-26.623671],[-65.184198,-26.624833],[-65.184172,-26.627025],[-65.185017,-26.630087],[-65.185981,-26.63141],[-65.186864,-26.632005],[-65.188165,-26.631802],[-65.188498,-26.630146],[-65.189133,-26.629824],[-65.189248,-26.630529],[-65.189717,-26.631132],[-65.189821,-26.632765],[-65.189694,-26.63397],[-65.188701,-26.636782],[-65.189904,-26.638792],[-65.191086,-26.639785],[-65.191804,-26.640974],[-65.19085,-26.643691],[-65.189874,-26.644619],[-65.187245,-26.645481],[-65.182911,-26.645773],[-65.182419,-26.646054],[-65.181558,-26.647142],[-65.181413,-26.648784],[-65.18079,-26.649459],[-65.178605,-26.65085],[-65.177388,-26.65218],[-65.175949,-26.652836],[-65.175356,-26.654267],[-65.173817,-26.655339],[-65.173219,-26.656155],[-65.17311,-26.657546],[-65.173681,-26.658148],[-65.173983,-26.65922],[-65.173931,-26.660033],[-65.173614,-26.661018],[-65.172496,-26.662938],[-65.171912,-26.667215],[-65.171564,-26.668047],[-65.171967,-26.668846],[-65.173226,-26.668991],[-65.173481,-26.669831],[-65.17204,-26.671926],[-65.171893,-26.672661],[-65.172059,-26.674488],[-65.171565,-26.676278],[-65.173646,-26.678634],[-65.1749,-26.681944],[-65.175697,-26.683493],[-65.176526,-26.6844],[-65.176307,-26.686585],[-65.175936,-26.687737],[-65.174575,-26.689548],[-65.173647,-26.68994],[-65.171938,-26.691473],[-65.169426,-26.692975],[-65.168455,-26.693818],[-65.167665,-26.694706],[-65.166278,-26.697514],[-65.165621,-26.69807],[-65.164765,-26.698299],[-65.164299,-26.698847],[-65.162832,-26.698811],[-65.162032,-26.699754],[-65.161954,-26.700701],[-65.162561,-26.701508],[-65.162351,-26.702779],[-65.161514,-26.703226],[-65.16142,-26.70374],[-65.162193,-26.704522],[-65.162543,-26.705389],[-65.161921,-26.708065],[-65.162334,-26.709295],[-65.161833,-26.711801],[-65.161133,-26.71269],[-65.16027,-26.7131],[-65.160149,-26.713894],[-65.160453,-26.714925],[-65.162332,-26.716389],[-65.162388,-26.71693],[-65.161945,-26.718462],[-65.162164,-26.720052],[-65.161829,-26.7206],[-65.161286,-26.723322],[-65.160143,-26.724336],[-65.157119,-26.724182],[-65.15603,-26.724654],[-65.154826,-26.725775],[-65.154548,-26.72673],[-65.154694,-26.72739],[-65.15556,-26.728505],[-65.154842,-26.730405],[-65.154894,-26.731569],[-65.155993,-26.732379],[-65.156519,-26.733375],[-65.156405,-26.733825],[-65.157034,-26.735797],[-65.157474,-26.73607],[-65.157572,-26.736431],[-65.156776,-26.740704],[-65.155842,-26.742008],[-65.15594,-26.743633],[-65.155122,-26.746994],[-65.155192,-26.748339],[-65.154722,-26.749356],[-65.154588,-26.751133],[-65.154707,-26.751368],[-65.15506,-26.751253],[-65.155435,-26.752185],[-65.156158,-26.752298],[-65.156717,-26.752824],[-65.157508,-26.754625],[-65.157519,-26.755907],[-65.157264,-26.756392],[-65.157884,-26.757846],[-65.16172,-26.762298],[-65.162386,-26.763829],[-65.161947,-26.764698],[-65.158598,-26.76796],[-65.157776,-26.769517],[-65.158518,-26.77145],[-65.160341,-26.7724],[-65.159762,-26.774607],[-65.159996,-26.775502],[-65.160665,-26.776165],[-65.160557,-26.777166],[-65.159321,-26.779848],[-65.159194,-26.78065],[-65.15952,-26.781437],[-65.158649,-26.783697],[-65.159367,-26.785841],[-65.160216,-26.786649],[-65.160873,-26.787945],[-65.160966,-26.790937],[-65.163349,-26.790448],[-65.163405,-26.793322],[-65.164154,-26.793052],[-65.166718,-26.790709],[-65.167996,-26.789861],[-65.170419,-26.789081],[-65.172248,-26.789088],[-65.173636,-26.789452],[-65.175095,-26.790228],[-65.178335,-26.792799],[-65.179183,-26.792864],[-65.18199,-26.791833],[-65.182752,-26.791939],[-65.183618,-26.792487],[-65.184973,-26.794214],[-65.186038,-26.794985],[-65.187984,-26.795253],[-65.195858,-26.793292],[-65.198379,-26.792004],[-65.203635,-26.791728],[-65.206713,-26.791114],[-65.207585,-26.791263],[-65.2127,-26.79101],[-65.213702,-26.790711],[-65.216329,-26.786902],[-65.218649,-26.786238],[-65.219617,-26.786295],[-65.222826,-26.788571],[-65.223593,-26.788637],[-65.232077,-26.787115],[-65.233638,-26.786359],[-65.239886,-26.785188],[-65.240803,-26.784651],[-65.241437,-26.783738],[-65.241864,-26.78595],[-65.249618,-26.783887],[-65.248661,-26.782889],[-65.267137,-26.77937],[-65.2691,-26.77817],[-65.270201,-26.776651],[-65.270733,-26.774947],[-65.270457,-26.773537],[-65.266427,-26.765813],[-65.259612,-26.754342],[-65.259315,-26.754288],[-65.258597,-26.751374],[-65.259374,-26.75087],[-65.271148,-26.7489],[-65.270082,-26.743629],[-65.305096,-26.737612],[-65.304504,-26.735029],[-65.326386,-26.731015],[-65.359718,-26.725498],[-65.359092,-26.728753],[-65.35762,-26.729716],[-65.357807,-26.733758],[-65.361278,-26.737449],[-65.360843,-26.738999],[-65.360832,-26.74096],[-65.360262,-26.743488],[-65.360086,-26.746446],[-65.359793,-26.74751],[-65.358905,-26.747692],[-65.358433,-26.7512],[-65.354963,-26.762267],[-65.355474,-26.763455],[-65.357061,-26.762765],[-65.360436,-26.763403],[-65.363378,-26.763529],[-65.363749,-26.764313],[-65.365063,-26.765062],[-65.367656,-26.767591],[-65.369721,-26.769192],[-65.371501,-26.769911],[-65.372907,-26.770908],[-65.373074,-26.77167],[-65.37286,-26.772326],[-65.373195,-26.773255],[-65.374415,-26.774094],[-65.374332,-26.77502],[-65.375681,-26.775232],[-65.376887,-26.776844],[-65.377574,-26.776879],[-65.377738,-26.775601],[-65.377923,-26.775245],[-65.3785,-26.774983],[-65.378872,-26.77532],[-65.379636,-26.777707],[-65.380911,-26.777928],[-65.381538,-26.778839],[-65.382463,-26.779487],[-65.383247,-26.779673],[-65.384536,-26.780583],[-65.385776,-26.781005],[-65.387064,-26.782011],[-65.389631,-26.78269],[-65.391584,-26.784527],[-65.392082,-26.784557],[-65.396307,-26.786624],[-65.397228,-26.786064],[-65.395831,-26.785274],[-65.395843,-26.784684],[-65.397033,-26.784824],[-65.398437,-26.78364],[-65.397829,-26.783194],[-65.397218,-26.78327],[-65.397148,-26.782982],[-65.397631,-26.782401],[-65.397467,-26.781448],[-65.397137,-26.781449],[-65.397104,-26.780985],[-65.39748,-26.780581],[-65.399404,-26.780515],[-65.39986,-26.779218],[-65.401806,-26.777976],[-65.402797,-26.774905],[-65.403326,-26.774802],[-65.40305,-26.772429],[-65.40418,-26.77211],[-65.405933,-26.769519],[-65.405145,-26.768287],[-65.405207,-26.767596],[-65.405933,-26.767023],[-65.405563,-26.766609],[-65.403787,-26.766638],[-65.402942,-26.764395],[-65.404234,-26.763157],[-65.404754,-26.76121],[-65.405198,-26.760339],[-65.405715,-26.759901],[-65.405148,-26.759388],[-65.405614,-26.759243],[-65.405615,-26.759018],[-65.40489,-26.757875],[-65.404978,-26.757053],[-65.405354,-26.757248],[-65.405693,-26.756464],[-65.406223,-26.756424],[-65.407113,-26.755504],[-65.40687,-26.754981],[-65.407583,-26.754833],[-65.407082,-26.753534],[-65.406498,-26.753931],[-65.407114,-26.752417],[-65.407028,-26.750861],[-65.406945,-26.750449],[-65.406095,-26.749996],[-65.405885,-26.749441],[-65.406025,-26.749155],[-65.406594,-26.74942],[-65.406792,-26.749244],[-65.406699,-26.748603],[-65.407032,-26.748136],[-65.406793,-26.74792],[-65.405612,-26.748618],[-65.405176,-26.748558],[-65.405113,-26.748262],[-65.405663,-26.747503],[-65.406379,-26.747114],[-65.405837,-26.746882],[-65.406246,-26.746062],[-65.407696,-26.746011],[-65.40756,-26.745398],[-65.408258,-26.744455],[-65.409078,-26.744525],[-65.409517,-26.744135],[-65.409931,-26.744395],[-65.410927,-26.743471],[-65.411028,-26.742641],[-65.410093,-26.741481],[-65.410155,-26.741018],[-65.410959,-26.741188],[-65.411681,-26.740887],[-65.412815,-26.740829],[-65.413183,-26.740501],[-65.413541,-26.738602],[-65.413407,-26.738145],[-65.413002,-26.737908],[-65.413325,-26.73762],[-65.414333,-26.737792],[-65.414936,-26.737569],[-65.415032,-26.736969],[-65.415475,-26.736659],[-65.415435,-26.736028],[-65.416712,-26.735934],[-65.41866,-26.734322],[-65.419975,-26.733963],[-65.419811,-26.732951],[-65.419999,-26.732678],[-65.420819,-26.733077],[-65.422423,-26.731594],[-65.422944,-26.730622],[-65.423836,-26.730269],[-65.424096,-26.728835],[-65.424776,-26.728321],[-65.424897,-26.727842],[-65.424067,-26.727733],[-65.424128,-26.727429],[-65.424859,-26.726983],[-65.424167,-26.726456],[-65.424255,-26.725795],[-65.423576,-26.724986],[-65.423643,-26.724445],[-65.424199,-26.724128],[-65.424202,-26.723678],[-65.42366,-26.723188],[-65.424135,-26.722996],[-65.424645,-26.722341],[-65.424832,-26.721762],[-65.425633,-26.720896],[-65.425689,-26.720413],[-65.425122,-26.71954],[-65.423843,-26.718916],[-65.424239,-26.718468],[-65.423922,-26.718181],[-65.424067,-26.717302],[-65.423651,-26.716459],[-65.423888,-26.716415],[-65.42298,-26.714825],[-65.423457,-26.714324],[-65.423401,-26.713681],[-65.423763,-26.713359],[-65.423561,-26.712923],[-65.42519,-26.712766],[-65.42514,-26.711857],[-65.425962,-26.710968],[-65.42689,-26.711003],[-65.427432,-26.710289],[-65.427199,-26.709845],[-65.428584,-26.707344],[-65.42936,-26.706687],[-65.429553,-26.705564],[-65.430273,-26.706383],[-65.43101,-26.707922],[-65.43072,-26.7109],[-65.429836,-26.712573],[-65.430035,-26.714466],[-65.428555,-26.715402],[-65.430092,-26.718719],[-65.428767,-26.720699],[-65.428766,-26.72268],[-65.429768,-26.72409],[-65.429624,-26.729858],[-65.430443,-26.730212],[-65.431295,-26.731474],[-65.431516,-26.732326],[-65.427036,-26.743268],[-65.428383,-26.745377],[-65.430135,-26.761246],[-65.427162,-26.767596],[-65.432481,-26.770088],[-65.432949,-26.771215],[-65.431165,-26.777181],[-65.430647,-26.780979],[-65.432954,-26.78494],[-65.433753,-26.787893],[-65.434792,-26.794214],[-65.444312,-26.799842],[-65.445736,-26.798978],[-65.447818,-26.798304],[-65.449716,-26.795835],[-65.450354,-26.795349],[-65.450782,-26.794509],[-65.451097,-26.791984],[-65.451071,-26.791006],[-65.450533,-26.789673],[-65.451363,-26.786979],[-65.452793,-26.785518],[-65.454445,-26.782084],[-65.454878,-26.781654],[-65.456934,-26.777253],[-65.45731,-26.775716],[-65.458411,-26.773391],[-65.459967,-26.772024],[-65.461247,-26.771338],[-65.462278,-26.770423],[-65.471349,-26.766951],[-65.472237,-26.766873],[-65.473524,-26.76759],[-65.475307,-26.766957],[-65.478364,-26.763157],[-65.480061,-26.762013],[-65.481057,-26.760712],[-65.482894,-26.759538],[-65.483341,-26.75957],[-65.484781,-26.758711],[-65.488643,-26.757277],[-65.489496,-26.756695],[-65.490035,-26.756536],[-65.492147,-26.757349],[-65.493333,-26.757315],[-65.494296,-26.757056],[-65.495929,-26.756107],[-65.497324,-26.756071],[-65.498466,-26.755582],[-65.499599,-26.755541],[-65.501072,-26.756158],[-65.501449,-26.755868],[-65.502028,-26.754722],[-65.502671,-26.754466],[-65.505101,-26.755935],[-65.50623,-26.756031],[-65.507247,-26.755637],[-65.507588,-26.754521],[-65.509274,-26.753193],[-65.510438,-26.753043],[-65.512188,-26.753636],[-65.513073,-26.75358],[-65.513698,-26.753218],[-65.514509,-26.751821],[-65.514479,-26.749946],[-65.514701,-26.748961],[-65.515817,-26.748104],[-65.518862,-26.749581],[-65.520201,-26.749745],[-65.521058,-26.75021],[-65.522579,-26.751432],[-65.524126,-26.75406],[-65.527412,-26.754942],[-65.528094,-26.755861],[-65.528624,-26.756178],[-65.528768,-26.757317],[-65.529258,-26.758353],[-65.530321,-26.7583],[-65.531898,-26.759439],[-65.532377,-26.759294],[-65.532991,-26.758357],[-65.534255,-26.757787],[-65.535138,-26.757955],[-65.535594,-26.758595],[-65.537785,-26.757913],[-65.539366,-26.758131],[-65.54029,-26.75896],[-65.540477,-26.759765],[-65.540308,-26.760114],[-65.540867,-26.760962],[-65.542782,-26.762109],[-65.545185,-26.764145],[-65.546822,-26.763533],[-65.54763,-26.763694],[-65.548126,-26.763514],[-65.549675,-26.760258],[-65.550283,-26.759896],[-65.551201,-26.759865],[-65.55153,-26.76012],[-65.551065,-26.761856],[-65.551398,-26.76223],[-65.551837,-26.762291],[-65.552771,-26.761861],[-65.552896,-26.761571],[-65.553727,-26.761367],[-65.554402,-26.760503],[-65.555881,-26.75999],[-65.556764,-26.758792],[-65.558279,-26.758945],[-65.558671,-26.758174],[-65.561261,-26.758054],[-65.561986,-26.757528],[-65.561804,-26.756508],[-65.562543,-26.755974],[-65.563698,-26.755934],[-65.563886,-26.756548],[-65.564252,-26.756535],[-65.565026,-26.755458],[-65.564933,-26.755149],[-65.564566,-26.755089],[-65.56453,-26.754707],[-65.564859,-26.754341],[-65.565255,-26.75445],[-65.565986,-26.753362],[-65.565834,-26.752705],[-65.566026,-26.752228],[-65.565497,-26.751778],[-65.565581,-26.751261],[-65.566006,-26.75081],[-65.566698,-26.750639],[-65.567573,-26.751075],[-65.567909,-26.750858],[-65.567778,-26.749504],[-65.568714,-26.749076],[-65.570099,-26.749051],[-65.570726,-26.747905],[-65.572202,-26.747513],[-65.572465,-26.745665],[-65.573201,-26.745078],[-65.57329,-26.744432],[-65.573873,-26.744052],[-65.576335,-26.744237],[-65.581088,-26.74341],[-65.581694,-26.742728],[-65.583709,-26.741466],[-65.583987,-26.73978],[-65.584995,-26.738637],[-65.58637,-26.737883],[-65.588475,-26.737647],[-65.59173,-26.73671],[-65.593455,-26.735155],[-65.59498,-26.734601],[-65.595801,-26.733921],[-65.597034,-26.733623],[-65.597536,-26.733155],[-65.599455,-26.733262],[-65.601024,-26.732938],[-65.601889,-26.732528],[-65.603084,-26.731003],[-65.603358,-26.73093],[-65.603792,-26.731253],[-65.604862,-26.730737],[-65.606103,-26.728878],[-65.608211,-26.728474],[-65.611296,-26.728532],[-65.614444,-26.729313],[-65.617969,-26.732092],[-65.619069,-26.733356],[-65.620235,-26.733881],[-65.621251,-26.73483],[-65.623286,-26.735819],[-65.6241,-26.735955],[-65.624617,-26.736368],[-65.62627,-26.736331],[-65.627789,-26.73779],[-65.630564,-26.73849],[-65.63155,-26.73804],[-65.632065,-26.738252],[-65.63263,-26.737944],[-65.633413,-26.738288],[-65.63414,-26.738936],[-65.634484,-26.739613],[-65.635724,-26.740665],[-65.636716,-26.743545],[-65.637933,-26.744229],[-65.638447,-26.744291],[-65.639286,-26.74393],[-65.639813,-26.744031],[-65.640734,-26.744837],[-65.641069,-26.7456],[-65.641562,-26.745773],[-65.641546,-26.746196],[-65.640963,-26.746774],[-65.639494,-26.747651],[-65.638975,-26.748259],[-65.639209,-26.74863],[-65.641177,-26.749465],[-65.641545,-26.750309],[-65.641451,-26.750635],[-65.640181,-26.750943],[-65.640202,-26.751908],[-65.639824,-26.752214],[-65.639967,-26.752615],[-65.640683,-26.752547],[-65.641689,-26.753135],[-65.642715,-26.752575],[-65.644265,-26.752982],[-65.646579,-26.752599],[-65.647572,-26.75367],[-65.647826,-26.754948],[-65.648291,-26.755559],[-65.650522,-26.756237],[-65.651388,-26.756759],[-65.653411,-26.756008],[-65.654637,-26.754923],[-65.655654,-26.754731],[-65.656068,-26.753971],[-65.656787,-26.753397],[-65.658367,-26.753348],[-65.660861,-26.753757],[-65.662868,-26.753433],[-65.66318,-26.753762],[-65.664045,-26.753089],[-65.664615,-26.753021],[-65.665013,-26.752526],[-65.666262,-26.752305],[-65.666613,-26.751637],[-65.667066,-26.751339],[-65.670634,-26.750914],[-65.671707,-26.74966],[-65.671238,-26.748441],[-65.672459,-26.74662],[-65.672313,-26.746093],[-65.671307,-26.74617],[-65.671066,-26.745952],[-65.670976,-26.745136],[-65.673836,-26.74218],[-65.675285,-26.741275],[-65.678041,-26.740839],[-65.681096,-26.739744],[-65.683741,-26.739186],[-65.684403,-26.739566],[-65.686398,-26.739916],[-65.686867,-26.740263],[-65.688923,-26.739576],[-65.689669,-26.738885],[-65.690968,-26.738248],[-65.692116,-26.738165],[-65.693313,-26.73842],[-65.694412,-26.739054],[-65.695305,-26.740056],[-65.695833,-26.740236],[-65.699826,-26.73997],[-65.703179,-26.740336],[-65.705991,-26.741053],[-65.708685,-26.735629],[-65.708507,-26.732946],[-65.707627,-26.730559],[-65.705249,-26.725504],[-65.705174,-26.723568],[-65.703713,-26.722347],[-65.702759,-26.720625],[-65.701109,-26.720358],[-65.699304,-26.719501],[-65.699251,-26.718614],[-65.698731,-26.718083],[-65.695607,-26.718814],[-65.694986,-26.717768],[-65.6956,-26.716011],[-65.696391,-26.715565],[-65.697835,-26.712996],[-65.70014,-26.709871],[-65.701216,-26.706262],[-65.702198,-26.704775],[-65.703647,-26.703748],[-65.704672,-26.702032],[-65.705229,-26.700697],[-65.704724,-26.698597],[-65.704812,-26.697375],[-65.70546,-26.696987],[-65.710852,-26.691053],[-65.717933,-26.688922],[-65.719975,-26.684155],[-65.758539,-26.667909],[-65.758215,-26.665909],[-65.758517,-26.664643],[-65.759459,-26.663763],[-65.759207,-26.6611],[-65.760709,-26.657919],[-65.761821,-26.657729],[-65.762759,-26.658382],[-65.764384,-26.657848],[-65.765323,-26.658157],[-65.766183,-26.655626],[-65.76516,-26.65432],[-65.765981,-26.65299],[-65.765086,-26.651569],[-65.76402,-26.650532],[-65.763984,-26.647463],[-65.765012,-26.645853],[-65.76827,-26.644497],[-65.773787,-26.641628],[-65.775541,-26.640595],[-65.77567,-26.639944],[-65.775416,-26.638907],[-65.770683,-26.634565],[-65.771935,-26.632673],[-65.771819,-26.630729],[-65.772204,-26.630428],[-65.772205,-26.629888],[-65.773266,-26.628473],[-65.77007,-26.626978],[-65.769567,-26.626243],[-65.769856,-26.625682],[-65.768777,-26.624168],[-65.766446,-26.624934],[-65.766987,-26.62282],[-65.759973,-26.613988],[-65.760925,-26.611661],[-65.755589,-26.601056],[-65.748274,-26.59601],[-65.742672,-26.599613],[-65.738713,-26.598836],[-65.731651,-26.607793],[-65.730354,-26.602755],[-65.731262,-26.598965],[-65.731438,-26.595103],[-65.730995,-26.593199],[-65.72998,-26.591553],[-65.727871,-26.589321],[-65.727994,-26.579908],[-65.726441,-26.571193],[-65.725689,-26.557065],[-65.721542,-26.542421],[-65.737451,-26.526704],[-65.739473,-26.520691],[-65.741221,-26.517205],[-65.743499,-26.516607],[-65.747527,-26.511681],[-65.746456,-26.506422],[-65.744435,-26.50501],[-65.744128,-26.505015],[-65.743598,-26.505515],[-65.74283,-26.507266],[-65.740768,-26.508316],[-65.739863,-26.508508]]]]}},{"type":"Feature","properties":{"id":"90112","name":"Trancas"},"geometry":{"type":"MultiPolygon","coordinates":[[[[-65.359154,-26.059438],[-65.356328,-26.059525],[-65.353282,-26.059277],[-65.350447,-26.060673],[-65.34989,-26.060736],[-65.348297,-26.060323],[-65.347059,-26.060438],[-65.345715,-26.062991],[-65.344907,-26.06373],[-65.341418,-26.06493],[-65.340706,-26.06577],[-65.336191,-26.068281],[-65.335,-26.068085],[-65.335033,-26.066685],[-65.334551,-26.066092],[-65.332252,-26.065819],[-65.326428,-26.068252],[-65.322825,-26.070697],[-65.321308,-26.073315],[-65.320935,-26.074976],[-65.320177,-26.076242],[-65.319081,-26.077352],[-65.31712,-26.081237],[-65.315417,-26.082564],[-65.314617,-26.082538],[-65.312088,-26.081481],[-65.311281,-26.081406],[-65.310026,-26.082078],[-65.308094,-26.084501],[-65.307507,-26.084538],[-65.305818,-26.083919],[-65.302999,-26.081444],[-65.301811,-26.080901],[-65.299895,-26.080564],[-65.29854,-26.081126],[-65.297906,-26.081736],[-65.296785,-26.084773],[-65.299182,-26.087969],[-65.300859,-26.090752],[-65.299455,-26.092366],[-65.296303,-26.094153],[-65.294849,-26.0966],[-65.291615,-26.103709],[-65.289688,-26.110704],[-65.289688,-26.113845],[-65.292044,-26.115416],[-65.2934,-26.116808],[-65.293685,-26.118628],[-65.293043,-26.122283],[-65.293062,-26.123583],[-65.293828,-26.126837],[-65.292972,-26.127408],[-65.288581,-26.127622],[-65.288046,-26.1283],[-65.288097,-26.129332],[-65.288887,-26.130827],[-65.288772,-26.132222],[-65.288127,-26.133229],[-65.286563,-26.134495],[-65.285441,-26.13501],[-65.28412,-26.135046],[-65.284191,-26.136188],[-65.286083,-26.141435],[-65.284977,-26.143005],[-65.283085,-26.144683],[-65.281229,-26.146932],[-65.280301,-26.147574],[-65.279801,-26.149073],[-65.280015,-26.149644],[-65.281193,-26.150822],[-65.282014,-26.152107],[-65.28059,-26.154121],[-65.278552,-26.154748],[-65.277067,-26.154728],[-65.275447,-26.155712],[-65.274626,-26.157925],[-65.275447,-26.159923],[-65.280586,-26.163421],[-65.280586,-26.164635],[-65.276091,-26.166606],[-65.275196,-26.167583],[-65.276326,-26.169707],[-65.276279,-26.170345],[-65.275338,-26.171237],[-65.273163,-26.170881],[-65.27252,-26.171059],[-65.271806,-26.171809],[-65.272068,-26.17315],[-65.234657,-26.181917],[-65.222694,-26.184429],[-65.225565,-26.189838],[-65.225354,-26.190507],[-65.195396,-26.194956],[-65.193398,-26.1941],[-65.109831,-26.216728],[-65.050826,-26.230969],[-65.047465,-26.230815],[-65.042627,-26.229624],[-65.040725,-26.229933],[-65.036267,-26.232749],[-65.038554,-26.234573],[-65.040696,-26.237369],[-65.040934,-26.23844],[-65.040815,-26.239927],[-65.042302,-26.243377],[-65.043016,-26.247957],[-65.044205,-26.251289],[-65.045098,-26.252776],[-65.046168,-26.253252],[-65.047061,-26.254322],[-65.047239,-26.25575],[-65.046942,-26.25813],[-65.04593,-26.260688],[-65.046347,-26.264554],[-65.045336,-26.265982],[-65.043848,-26.267291],[-65.041023,-26.268302],[-65.037692,-26.269016],[-65.033408,-26.270681],[-65.032244,-26.272182],[-65.033438,-26.27425],[-65.034152,-26.274964],[-65.035401,-26.275381],[-65.036115,-26.275916],[-65.03671,-26.278117],[-65.036115,-26.279188],[-65.035401,-26.279902],[-65.035104,-26.281478],[-65.035282,-26.282281],[-65.035996,-26.283292],[-65.038554,-26.285374],[-65.039268,-26.287754],[-65.039509,-26.290334],[-65.037822,-26.29028],[-65.038789,-26.291138],[-65.03958,-26.292486],[-65.038797,-26.292966],[-65.038535,-26.292747],[-65.037955,-26.29373],[-65.037838,-26.297184],[-65.039932,-26.299257],[-65.040481,-26.301428],[-65.041903,-26.302135],[-65.041839,-26.302935],[-65.04204,-26.303251],[-65.041682,-26.304232],[-65.042891,-26.306094],[-65.043609,-26.309036],[-65.044507,-26.309567],[-65.044495,-26.31155],[-65.046406,-26.317826],[-65.044007,-26.318791],[-65.044727,-26.320317],[-65.046121,-26.321037],[-65.046594,-26.322981],[-65.047839,-26.323183],[-65.048324,-26.323637],[-65.049066,-26.323872],[-65.052193,-26.327457],[-65.05125,-26.330704],[-65.053222,-26.330921],[-65.05499,-26.332113],[-65.057115,-26.335128],[-65.060566,-26.334809],[-65.062588,-26.337371],[-65.062101,-26.337928],[-65.064352,-26.340538],[-65.066129,-26.340275],[-65.067842,-26.341668],[-65.066833,-26.344269],[-65.067738,-26.348504],[-65.069311,-26.351831],[-65.070244,-26.355079],[-65.070477,-26.357636],[-65.076816,-26.360906],[-65.079519,-26.362583],[-65.07999,-26.366475],[-65.080665,-26.368575],[-65.081937,-26.368147],[-65.082848,-26.369711],[-65.082135,-26.370161],[-65.08231,-26.37118],[-65.08321,-26.371672],[-65.083235,-26.372697],[-65.086643,-26.3721],[-65.087179,-26.373288],[-65.088401,-26.374211],[-65.087837,-26.377405],[-65.09004,-26.378894],[-65.090787,-26.380369],[-65.090711,-26.384673],[-65.0898,-26.385713],[-65.089849,-26.387531],[-65.090724,-26.388892],[-65.090783,-26.39103],[-65.092942,-26.392992],[-65.094012,-26.393223],[-65.095046,-26.392636],[-65.0966,-26.394086],[-65.096797,-26.395353],[-65.09664,-26.395912],[-65.096072,-26.396458],[-65.097469,-26.397413],[-65.098099,-26.398817],[-65.098994,-26.399484],[-65.100877,-26.399752],[-65.102429,-26.399005],[-65.103048,-26.400048],[-65.102542,-26.400713],[-65.102865,-26.402201],[-65.10311,-26.402402],[-65.103445,-26.405762],[-65.102318,-26.407677],[-65.102939,-26.409417],[-65.102835,-26.410123],[-65.103712,-26.411298],[-65.103274,-26.413404],[-65.102703,-26.413878],[-65.102593,-26.41563],[-65.103251,-26.416533],[-65.103476,-26.419198],[-65.103928,-26.419579],[-65.103765,-26.420271],[-65.104182,-26.420731],[-65.104824,-26.420965],[-65.10566,-26.423194],[-65.107093,-26.424542],[-65.106182,-26.426289],[-65.10692,-26.427042],[-65.106583,-26.428181],[-65.107687,-26.429576],[-65.108753,-26.429819],[-65.109477,-26.431305],[-65.110331,-26.431831],[-65.109871,-26.432521],[-65.110493,-26.433628],[-65.109937,-26.434391],[-65.110006,-26.434993],[-65.109031,-26.436346],[-65.108837,-26.438996],[-65.108112,-26.439905],[-65.107908,-26.44109],[-65.108762,-26.441587],[-65.10829,-26.442149],[-65.110102,-26.443887],[-65.109617,-26.444123],[-65.109715,-26.445614],[-65.110215,-26.445519],[-65.111193,-26.446244],[-65.111511,-26.447496],[-65.1113,-26.448674],[-65.110355,-26.449722],[-65.110957,-26.450624],[-65.110238,-26.450816],[-65.110712,-26.451999],[-65.110409,-26.452938],[-65.111605,-26.453605],[-65.109069,-26.457794],[-65.11087,-26.458409],[-65.11081,-26.459524],[-65.109672,-26.459911],[-65.109147,-26.461],[-65.10981,-26.462118],[-65.109548,-26.462751],[-65.110135,-26.463568],[-65.110743,-26.463554],[-65.111769,-26.464326],[-65.112554,-26.465781],[-65.112904,-26.467315],[-65.11259,-26.468144],[-65.111826,-26.468595],[-65.111676,-26.469376],[-65.113061,-26.470495],[-65.111977,-26.472541],[-65.114226,-26.471985],[-65.115526,-26.472892],[-65.116634,-26.474821],[-65.116737,-26.47562],[-65.116097,-26.476403],[-65.116162,-26.477332],[-65.115579,-26.47785],[-65.115698,-26.478779],[-65.114946,-26.480049],[-65.115065,-26.480994],[-65.115978,-26.480851],[-65.117206,-26.48147],[-65.117366,-26.482771],[-65.118709,-26.485074],[-65.118227,-26.487457],[-65.118504,-26.490212],[-65.117131,-26.491809],[-65.115298,-26.492333],[-65.114559,-26.494508],[-65.112038,-26.495581],[-65.112496,-26.496807],[-65.112189,-26.49799],[-65.113663,-26.499911],[-65.115286,-26.504547],[-65.113884,-26.504386],[-65.113439,-26.506945],[-65.114446,-26.508748],[-65.116101,-26.509217],[-65.117549,-26.508882],[-65.120849,-26.510248],[-65.122548,-26.509393],[-65.12464,-26.511388],[-65.127092,-26.509841],[-65.12868,-26.510416],[-65.129246,-26.510905],[-65.130349,-26.511144],[-65.130749,-26.511898],[-65.13251,-26.511193],[-65.133683,-26.510279],[-65.134404,-26.510328],[-65.134799,-26.51066],[-65.136242,-26.509449],[-65.137887,-26.509203],[-65.139145,-26.50787],[-65.140916,-26.507789],[-65.1424,-26.509761],[-65.143364,-26.511545],[-65.14783,-26.512802],[-65.148171,-26.515481],[-65.147689,-26.516475],[-65.147211,-26.518957],[-65.14646,-26.519845],[-65.146821,-26.520972],[-65.148164,-26.521107],[-65.148398,-26.523103],[-65.149482,-26.523452],[-65.150931,-26.523298],[-65.151772,-26.523723],[-65.152748,-26.524984],[-65.153884,-26.524698],[-65.155213,-26.526239],[-65.154992,-26.528161],[-65.155879,-26.529127],[-65.155196,-26.530664],[-65.156803,-26.531427],[-65.157676,-26.53253],[-65.158644,-26.532172],[-65.15981,-26.533571],[-65.159922,-26.53408],[-65.160652,-26.534689],[-65.161552,-26.537439],[-65.161639,-26.538556],[-65.162827,-26.541498],[-65.162469,-26.542252],[-65.163573,-26.542978],[-65.164655,-26.544261],[-65.16456,-26.546779],[-65.166097,-26.5484],[-65.168184,-26.549278],[-65.168125,-26.551643],[-65.167596,-26.55217],[-65.167333,-26.553633],[-65.191156,-26.553675],[-65.191985,-26.55108],[-65.189391,-26.536141],[-65.183405,-26.533293],[-65.19964,-26.527413],[-65.213428,-26.527069],[-65.21794,-26.521915],[-65.221036,-26.52349],[-65.221172,-26.524715],[-65.22064,-26.525959],[-65.219853,-26.526563],[-65.217644,-26.527547],[-65.216747,-26.528262],[-65.216095,-26.530689],[-65.216471,-26.531741],[-65.216611,-26.533759],[-65.215328,-26.536978],[-65.215239,-26.538687],[-65.215635,-26.540067],[-65.216557,-26.541734],[-65.219247,-26.544159],[-65.219755,-26.544131],[-65.221834,-26.543078],[-65.222348,-26.543205],[-65.223045,-26.54392],[-65.223379,-26.544696],[-65.223279,-26.545329],[-65.22135,-26.548854],[-65.221879,-26.55097],[-65.222456,-26.551588],[-65.224191,-26.552217],[-65.225682,-26.554185],[-65.227618,-26.555952],[-65.228364,-26.559221],[-65.228191,-26.559674],[-65.225716,-26.561744],[-65.224123,-26.564366],[-65.223249,-26.564505],[-65.222522,-26.565209],[-65.222342,-26.566486],[-65.222053,-26.566709],[-65.222272,-26.566787],[-65.221715,-26.566917],[-65.222432,-26.566951],[-65.222807,-26.567252],[-65.222684,-26.568394],[-65.222023,-26.568738],[-65.22223,-26.56888],[-65.221984,-26.569163],[-65.22196,-26.569872],[-65.222376,-26.571283],[-65.221825,-26.571123],[-65.221235,-26.571436],[-65.222554,-26.571779],[-65.22307,-26.572327],[-65.223463,-26.573132],[-65.22316,-26.573401],[-65.223592,-26.573819],[-65.223432,-26.57448],[-65.22847,-26.576431],[-65.228264,-26.576705],[-65.228332,-26.577168],[-65.229239,-26.578803],[-65.230611,-26.577842],[-65.231208,-26.577804],[-65.231627,-26.576917],[-65.232216,-26.576855],[-65.232877,-26.57718],[-65.233253,-26.577591],[-65.233339,-26.578216],[-65.233935,-26.579297],[-65.233833,-26.580115],[-65.234039,-26.580618],[-65.233791,-26.581898],[-65.232779,-26.58119],[-65.23192,-26.581287],[-65.231758,-26.58261],[-65.23095,-26.583517],[-65.231862,-26.58451],[-65.231573,-26.585258],[-65.231559,-26.586256],[-65.231255,-26.586731],[-65.231356,-26.587457],[-65.231637,-26.587631],[-65.232445,-26.587395],[-65.232713,-26.587714],[-65.232392,-26.588527],[-65.23165,-26.588523],[-65.231337,-26.588847],[-65.232166,-26.589048],[-65.232526,-26.589547],[-65.23338,-26.590003],[-65.23202,-26.589719],[-65.231624,-26.589992],[-65.231528,-26.59045],[-65.231151,-26.590304],[-65.230486,-26.590587],[-65.229518,-26.590201],[-65.228888,-26.591221],[-65.22845,-26.591231],[-65.228231,-26.591698],[-65.228568,-26.59198],[-65.228542,-26.592473],[-65.229585,-26.593097],[-65.228799,-26.593006],[-65.228811,-26.593537],[-65.228265,-26.593093],[-65.227826,-26.593058],[-65.227042,-26.59513],[-65.227989,-26.59544],[-65.227066,-26.595906],[-65.22718,-26.596444],[-65.226217,-26.596487],[-65.226166,-26.596895],[-65.225611,-26.597117],[-65.225706,-26.597403],[-65.226913,-26.597886],[-65.224541,-26.598569],[-65.225014,-26.598637],[-65.225691,-26.59932],[-65.225672,-26.599654],[-65.225011,-26.599705],[-65.224939,-26.599921],[-65.225786,-26.600293],[-65.226308,-26.601176],[-65.226937,-26.601042],[-65.227505,-26.601376],[-65.228746,-26.601433],[-65.2292,-26.601835],[-65.229588,-26.601711],[-65.229752,-26.602064],[-65.230903,-26.600848],[-65.231239,-26.600788],[-65.231554,-26.59944],[-65.232489,-26.598164],[-65.232554,-26.598479],[-65.232143,-26.598988],[-65.235186,-26.598179],[-65.235727,-26.597759],[-65.236989,-26.597356],[-65.23763,-26.597363],[-65.238449,-26.598747],[-65.23924,-26.599055],[-65.240068,-26.600052],[-65.241222,-26.601837],[-65.241391,-26.602479],[-65.242739,-26.60315],[-65.24397,-26.603341],[-65.244431,-26.603032],[-65.244842,-26.603175],[-65.245403,-26.604175],[-65.245158,-26.605128],[-65.247149,-26.605889],[-65.247584,-26.606421],[-65.249581,-26.607206],[-65.249807,-26.606814],[-65.250124,-26.606842],[-65.251598,-26.608464],[-65.252515,-26.609029],[-65.25356,-26.608693],[-65.255078,-26.60945],[-65.255612,-26.608964],[-65.256142,-26.609141],[-65.256411,-26.608956],[-65.257127,-26.609634],[-65.258178,-26.609554],[-65.259267,-26.60909],[-65.259959,-26.609489],[-65.260363,-26.610205],[-65.261951,-26.610764],[-65.2641,-26.610226],[-65.269457,-26.607623],[-65.274608,-26.607617],[-65.275671,-26.606081],[-65.275795,-26.60529],[-65.276411,-26.60454],[-65.277582,-26.604046],[-65.278407,-26.603027],[-65.279718,-26.60285],[-65.281042,-26.60234],[-65.282179,-26.602821],[-65.283165,-26.602748],[-65.28366,-26.603168],[-65.285735,-26.60391],[-65.286751,-26.603706],[-65.287022,-26.60441],[-65.288068,-26.604059],[-65.290336,-26.604487],[-65.292595,-26.605601],[-65.29305,-26.606457],[-65.293556,-26.606334],[-65.294011,-26.606519],[-65.294288,-26.607082],[-65.296849,-26.609199],[-65.297612,-26.610105],[-65.301826,-26.612269],[-65.302709,-26.612483],[-65.306498,-26.61265],[-65.307942,-26.612338],[-65.310783,-26.611259],[-65.312942,-26.610046],[-65.314559,-26.610592],[-65.315113,-26.610549],[-65.316146,-26.611028],[-65.317172,-26.61078],[-65.318441,-26.610076],[-65.320868,-26.60965],[-65.322257,-26.610409],[-65.323472,-26.610626],[-65.325047,-26.611587],[-65.327435,-26.611237],[-65.32881,-26.610543],[-65.329386,-26.610377],[-65.330054,-26.610526],[-65.330495,-26.610282],[-65.331741,-26.611107],[-65.333767,-26.612],[-65.334458,-26.612099],[-65.335793,-26.611439],[-65.336229,-26.611449],[-65.336655,-26.612363],[-65.339134,-26.613648],[-65.338831,-26.614539],[-65.340345,-26.615332],[-65.340432,-26.616317],[-65.340851,-26.617025],[-65.341754,-26.617315],[-65.342976,-26.618601],[-65.344043,-26.619328],[-65.344635,-26.62018],[-65.345488,-26.620371],[-65.346658,-26.62021],[-65.347954,-26.620754],[-65.349047,-26.621826],[-65.351038,-26.624454],[-65.352259,-26.624181],[-65.35377,-26.623381],[-65.356159,-26.623302],[-65.357312,-26.62363],[-65.359227,-26.622792],[-65.359751,-26.62287],[-65.361045,-26.622014],[-65.36173,-26.622181],[-65.363803,-26.621837],[-65.364786,-26.621961],[-65.365644,-26.62154],[-65.366107,-26.621029],[-65.368217,-26.620788],[-65.368588,-26.620343],[-65.36942,-26.620786],[-65.370494,-26.620944],[-65.371032,-26.621431],[-65.371196,-26.621053],[-65.371906,-26.620582],[-65.372772,-26.620405],[-65.373386,-26.619929],[-65.374055,-26.61993],[-65.375171,-26.61899],[-65.37678,-26.618594],[-65.377406,-26.618672],[-65.378858,-26.618065],[-65.380729,-26.618129],[-65.381389,-26.618391],[-65.38175,-26.619182],[-65.383163,-26.620187],[-65.38336,-26.621346],[-65.383126,-26.622372],[-65.383945,-26.622683],[-65.385083,-26.622476],[-65.387723,-26.621164],[-65.388685,-26.620614],[-65.38918,-26.619959],[-65.390755,-26.620119],[-65.392534,-26.619881],[-65.39466,-26.617589],[-65.395507,-26.617408],[-65.395871,-26.616691],[-65.396638,-26.616313],[-65.396837,-26.615531],[-65.397729,-26.61535],[-65.398595,-26.614221],[-65.401049,-26.613055],[-65.401799,-26.61215],[-65.402571,-26.611684],[-65.402734,-26.610297],[-65.403808,-26.609291],[-65.406153,-26.609074],[-65.407636,-26.608288],[-65.409246,-26.608405],[-65.411196,-26.60756],[-65.414307,-26.607426],[-65.415011,-26.607801],[-65.416069,-26.607473],[-65.416786,-26.607604],[-65.417972,-26.607095],[-65.418853,-26.60553],[-65.419116,-26.604502],[-65.419105,-26.602707],[-65.419938,-26.602053],[-65.420795,-26.600833],[-65.421298,-26.600627],[-65.421743,-26.599982],[-65.423453,-26.599265],[-65.42366,-26.598808],[-65.425069,-26.597508],[-65.426955,-26.597179],[-65.427852,-26.596541],[-65.429702,-26.595788],[-65.43038,-26.595216],[-65.43128,-26.595078],[-65.432695,-26.593361],[-65.436278,-26.592054],[-65.441188,-26.593165],[-65.444022,-26.59267],[-65.445486,-26.591597],[-65.447069,-26.591301],[-65.449135,-26.589989],[-65.450094,-26.590172],[-65.450448,-26.589763],[-65.451006,-26.589773],[-65.45223,-26.58913],[-65.452911,-26.589098],[-65.456623,-26.587849],[-65.458061,-26.587018],[-65.458948,-26.584947],[-65.459942,-26.588873],[-65.460562,-26.590181],[-65.462068,-26.592044],[-65.462414,-26.593116],[-65.464295,-26.595619],[-65.46733,-26.597527],[-65.469295,-26.598248],[-65.469978,-26.599128],[-65.470873,-26.602581],[-65.473382,-26.603266],[-65.473722,-26.602197],[-65.474527,-26.601719],[-65.475223,-26.600688],[-65.475176,-26.600317],[-65.475847,-26.599825],[-65.476941,-26.598285],[-65.476796,-26.597875],[-65.475561,-26.597238],[-65.475167,-26.596247],[-65.475309,-26.595377],[-65.474866,-26.594685],[-65.47606,-26.590742],[-65.476177,-26.589658],[-65.475972,-26.589224],[-65.475959,-26.587521],[-65.476553,-26.585968],[-65.478049,-26.584055],[-65.479511,-26.579114],[-65.481336,-26.576864],[-65.482721,-26.576519],[-65.485389,-26.573093],[-65.487041,-26.572845],[-65.488378,-26.573036],[-65.489324,-26.572785],[-65.490154,-26.572196],[-65.490677,-26.570817],[-65.491408,-26.570342],[-65.492872,-26.57002],[-65.493086,-26.569444],[-65.494047,-26.568578],[-65.495427,-26.567895],[-65.495778,-26.56631],[-65.495489,-26.565612],[-65.4941,-26.564864],[-65.492592,-26.563251],[-65.49253,-26.562793],[-65.492046,-26.562711],[-65.492066,-26.561338],[-65.490491,-26.559478],[-65.489805,-26.559031],[-65.489437,-26.558365],[-65.488568,-26.558047],[-65.48805,-26.557274],[-65.48572,-26.557241],[-65.484737,-26.55499],[-65.484512,-26.55506],[-65.484484,-26.554832],[-65.483749,-26.555064],[-65.48226,-26.554772],[-65.482232,-26.554493],[-65.481807,-26.554575],[-65.48195,-26.553859],[-65.483022,-26.552975],[-65.482963,-26.552547],[-65.483656,-26.55197],[-65.484608,-26.551577],[-65.485144,-26.551998],[-65.485933,-26.551604],[-65.486789,-26.550719],[-65.487899,-26.550689],[-65.487639,-26.548942],[-65.488064,-26.547795],[-65.487759,-26.547304],[-65.486992,-26.546746],[-65.485566,-26.546956],[-65.48487,-26.546044],[-65.483883,-26.545915],[-65.483631,-26.544292],[-65.484293,-26.542978],[-65.483845,-26.542466],[-65.483875,-26.541248],[-65.484319,-26.540744],[-65.483661,-26.539851],[-65.483875,-26.537832],[-65.483472,-26.537506],[-65.482639,-26.535839],[-65.481999,-26.535515],[-65.48172,-26.534852],[-65.480662,-26.534043],[-65.479406,-26.533855],[-65.478321,-26.532366],[-65.478357,-26.531381],[-65.475691,-26.529706],[-65.47445,-26.528223],[-65.474048,-26.528146],[-65.473376,-26.527519],[-65.472527,-26.526199],[-65.472,-26.526004],[-65.471625,-26.526342],[-65.470769,-26.526368],[-65.470185,-26.525908],[-65.46956,-26.524821],[-65.467031,-26.524508],[-65.466838,-26.524018],[-65.466633,-26.524063],[-65.466724,-26.523656],[-65.467549,-26.52302],[-65.468858,-26.522495],[-65.468991,-26.521964],[-65.46792,-26.521134],[-65.46578,-26.520851],[-65.465365,-26.519699],[-65.465898,-26.519171],[-65.466893,-26.519297],[-65.468248,-26.520324],[-65.469074,-26.520231],[-65.470575,-26.520684],[-65.470996,-26.520478],[-65.4714,-26.519203],[-65.473822,-26.518987],[-65.474909,-26.51764],[-65.476029,-26.517461],[-65.47712,-26.516329],[-65.478495,-26.517592],[-65.480542,-26.516908],[-65.482317,-26.516945],[-65.482784,-26.516521],[-65.483108,-26.516522],[-65.484302,-26.518154],[-65.485175,-26.518399],[-65.484809,-26.520121],[-65.485994,-26.520263],[-65.486505,-26.520718],[-65.485119,-26.522705],[-65.485055,-26.523832],[-65.485512,-26.523993],[-65.486896,-26.52257],[-65.487775,-26.522131],[-65.488498,-26.52209],[-65.488796,-26.522449],[-65.488711,-26.522908],[-65.487599,-26.523995],[-65.487432,-26.524504],[-65.486289,-26.524931],[-65.487278,-26.526752],[-65.487614,-26.526637],[-65.488081,-26.525091],[-65.488443,-26.524752],[-65.489099,-26.524709],[-65.489887,-26.525171],[-65.491185,-26.524047],[-65.493927,-26.523822],[-65.497068,-26.5243],[-65.497482,-26.524689],[-65.497855,-26.525592],[-65.497741,-26.526293],[-65.496495,-26.528721],[-65.496655,-26.531337],[-65.497852,-26.533327],[-65.498534,-26.535992],[-65.500077,-26.538388],[-65.500085,-26.539377],[-65.500609,-26.540971],[-65.499647,-26.543526],[-65.500655,-26.547263],[-65.502586,-26.548028],[-65.503158,-26.547861],[-65.50431,-26.546238],[-65.505054,-26.546374],[-65.506082,-26.54554],[-65.508304,-26.544788],[-65.509087,-26.545467],[-65.510195,-26.545812],[-65.510992,-26.546758],[-65.511387,-26.547878],[-65.511902,-26.548074],[-65.512471,-26.547586],[-65.512397,-26.546857],[-65.512775,-26.546332],[-65.514749,-26.546286],[-65.515791,-26.544867],[-65.518655,-26.545033],[-65.518855,-26.544365],[-65.518273,-26.543684],[-65.519659,-26.541914],[-65.520817,-26.541882],[-65.521376,-26.542564],[-65.522365,-26.542662],[-65.523707,-26.543183],[-65.525781,-26.542799],[-65.526505,-26.543613],[-65.526818,-26.543573],[-65.527336,-26.54157],[-65.527771,-26.54126],[-65.52931,-26.541585],[-65.530993,-26.540357],[-65.531358,-26.539822],[-65.532616,-26.539433],[-65.532791,-26.53889],[-65.533838,-26.538118],[-65.535275,-26.538214],[-65.536054,-26.53887],[-65.536894,-26.539149],[-65.538456,-26.538285],[-65.540411,-26.539092],[-65.54088,-26.538799],[-65.54219,-26.538644],[-65.543059,-26.537089],[-65.54358,-26.536827],[-65.544471,-26.537729],[-65.545756,-26.537831],[-65.54733,-26.538817],[-65.547699,-26.538736],[-65.547867,-26.538253],[-65.548288,-26.538004],[-65.549665,-26.537935],[-65.550777,-26.538541],[-65.550936,-26.5382],[-65.550437,-26.53761],[-65.550498,-26.537174],[-65.551081,-26.536509],[-65.551781,-26.536373],[-65.552449,-26.53563],[-65.553011,-26.535718],[-65.554491,-26.536879],[-65.555966,-26.537477],[-65.556438,-26.536882],[-65.557247,-26.536765],[-65.55989,-26.534774],[-65.560721,-26.535359],[-65.561699,-26.535289],[-65.562504,-26.53551],[-65.563694,-26.535124],[-65.565575,-26.535386],[-65.56606,-26.535795],[-65.568942,-26.536997],[-65.569254,-26.537406],[-65.570073,-26.537428],[-65.570699,-26.538023],[-65.57199,-26.538051],[-65.573237,-26.539083],[-65.57503,-26.54003],[-65.575951,-26.541531],[-65.576753,-26.541389],[-65.577637,-26.541843],[-65.579379,-26.541747],[-65.580837,-26.542379],[-65.581384,-26.543405],[-65.582128,-26.543932],[-65.582101,-26.545136],[-65.583003,-26.545182],[-65.583894,-26.545599],[-65.585094,-26.545351],[-65.585733,-26.545802],[-65.586734,-26.545677],[-65.587644,-26.54616],[-65.588363,-26.546912],[-65.588986,-26.548141],[-65.590139,-26.54897],[-65.591678,-26.548572],[-65.59266,-26.546529],[-65.59338,-26.546047],[-65.595727,-26.545258],[-65.59619,-26.54535],[-65.596724,-26.544967],[-65.597799,-26.544696],[-65.599001,-26.544635],[-65.599753,-26.545003],[-65.60039,-26.544869],[-65.601103,-26.545221],[-65.602748,-26.545033],[-65.60349,-26.54546],[-65.60437,-26.545449],[-65.605858,-26.546377],[-65.606855,-26.546187],[-65.607268,-26.546482],[-65.607922,-26.546468],[-65.610082,-26.547945],[-65.610655,-26.547635],[-65.611719,-26.54781],[-65.612842,-26.547415],[-65.614014,-26.547711],[-65.614649,-26.547598],[-65.615606,-26.547984],[-65.616489,-26.550313],[-65.617337,-26.55124],[-65.617484,-26.552185],[-65.61812,-26.552506],[-65.619013,-26.553866],[-65.620235,-26.554592],[-65.621795,-26.555138],[-65.622709,-26.554733],[-65.62348,-26.554925],[-65.624385,-26.554536],[-65.625453,-26.554877],[-65.626606,-26.554366],[-65.627249,-26.553282],[-65.626621,-26.550663],[-65.627741,-26.549602],[-65.627975,-26.549001],[-65.628648,-26.54874],[-65.628755,-26.548204],[-65.629426,-26.547718],[-65.629557,-26.545693],[-65.63028,-26.544686],[-65.630847,-26.544513],[-65.631524,-26.543466],[-65.631228,-26.543046],[-65.631312,-26.542241],[-65.63179,-26.541568],[-65.632836,-26.541469],[-65.633287,-26.541036],[-65.634008,-26.540972],[-65.634057,-26.539739],[-65.636365,-26.538498],[-65.636907,-26.536854],[-65.637392,-26.536267],[-65.638505,-26.536616],[-65.639338,-26.536439],[-65.639892,-26.536002],[-65.641115,-26.536433],[-65.641698,-26.53582],[-65.642495,-26.535807],[-65.643032,-26.53439],[-65.64536,-26.531986],[-65.645539,-26.531095],[-65.644611,-26.530175],[-65.645,-26.528705],[-65.645904,-26.528298],[-65.646474,-26.527435],[-65.647165,-26.527257],[-65.648105,-26.526501],[-65.649572,-26.525812],[-65.650069,-26.525088],[-65.650987,-26.524504],[-65.652919,-26.524036],[-65.654206,-26.524342],[-65.655144,-26.524245],[-65.656223,-26.523486],[-65.657386,-26.523162],[-65.658195,-26.523241],[-65.659731,-26.524351],[-65.661624,-26.524601],[-65.664185,-26.525391],[-65.664805,-26.525298],[-65.665033,-26.524947],[-65.665944,-26.52459],[-65.667367,-26.524566],[-65.668806,-26.524083],[-65.669224,-26.525015],[-65.671016,-26.525928],[-65.673166,-26.525532],[-65.673729,-26.525681],[-65.675851,-26.525209],[-65.676729,-26.524176],[-65.675813,-26.523613],[-65.677175,-26.522873],[-65.679492,-26.523773],[-65.679925,-26.52421],[-65.680167,-26.525082],[-65.680754,-26.525679],[-65.681764,-26.525521],[-65.681849,-26.524825],[-65.6821,-26.524706],[-65.683022,-26.524895],[-65.683638,-26.525468],[-65.685421,-26.525406],[-65.685731,-26.526714],[-65.686326,-26.527019],[-65.686884,-26.526501],[-65.688451,-26.526557],[-65.689961,-26.525406],[-65.691437,-26.525243],[-65.692354,-26.524402],[-65.693847,-26.523929],[-65.694543,-26.523099],[-65.695659,-26.523324],[-65.696263,-26.523072],[-65.697261,-26.523259],[-65.698162,-26.522462],[-65.699029,-26.522395],[-65.699396,-26.521489],[-65.699967,-26.521151],[-65.701071,-26.521479],[-65.702313,-26.521176],[-65.703872,-26.519874],[-65.705468,-26.519391],[-65.708287,-26.517653],[-65.708936,-26.517528],[-65.706325,-26.508213],[-65.701815,-26.503313],[-65.702944,-26.495738],[-65.701122,-26.492655],[-65.699654,-26.486784],[-65.699585,-26.483192],[-65.700553,-26.480927],[-65.70531,-26.47557],[-65.706159,-26.473434],[-65.706361,-26.471258],[-65.707654,-26.468219],[-65.711264,-26.462858],[-65.711347,-26.460013],[-65.709781,-26.453128],[-65.710543,-26.445954],[-65.711813,-26.443158],[-65.71382,-26.440143],[-65.715373,-26.436812],[-65.716406,-26.433328],[-65.718006,-26.430529],[-65.71971,-26.426744],[-65.720306,-26.422755],[-65.718705,-26.41802],[-65.715101,-26.413755],[-65.714004,-26.410057],[-65.714617,-26.408333],[-65.718979,-26.402124],[-65.720797,-26.39785],[-65.724598,-26.391058],[-65.725319,-26.386975],[-65.725266,-26.38498],[-65.72448,-26.383292],[-65.721329,-26.380631],[-65.720284,-26.378886],[-65.716728,-26.369828],[-65.712151,-26.361119],[-65.711899,-26.359204],[-65.710922,-26.356503],[-65.714485,-26.354237],[-65.719018,-26.352705],[-65.717759,-26.352467],[-65.716851,-26.352001],[-65.716533,-26.35016],[-65.715643,-26.347834],[-65.71239,-26.344211],[-65.712076,-26.342261],[-65.711663,-26.341242],[-65.711109,-26.340778],[-65.710752,-26.339978],[-65.710755,-26.339042],[-65.711421,-26.338365],[-65.712046,-26.338157],[-65.712016,-26.336461],[-65.711484,-26.33435],[-65.711471,-26.33177],[-65.71181,-26.330832],[-65.711481,-26.330215],[-65.711451,-26.328698],[-65.711808,-26.328193],[-65.713316,-26.327205],[-65.715796,-26.323888],[-65.718132,-26.32027],[-65.719758,-26.316332],[-65.720521,-26.315277],[-65.72195,-26.314213],[-65.723042,-26.313013],[-65.72303,-26.312712],[-65.721999,-26.309471],[-65.721584,-26.30891],[-65.718407,-26.307402],[-65.717331,-26.306322],[-65.712305,-26.303189],[-65.709595,-26.301072],[-65.707503,-26.298976],[-65.707182,-26.297444],[-65.707277,-26.295911],[-65.707862,-26.294601],[-65.71157,-26.28917],[-65.719227,-26.283157],[-65.720311,-26.281429],[-65.722753,-26.2798],[-65.720778,-26.278386],[-65.719148,-26.275147],[-65.718932,-26.274557],[-65.719809,-26.271026],[-65.719095,-26.269747],[-65.717459,-26.267873],[-65.716835,-26.266505],[-65.715823,-26.265613],[-65.712611,-26.264007],[-65.71116,-26.26272],[-65.70812,-26.260675],[-65.708001,-26.258335],[-65.708356,-26.257158],[-65.709305,-26.255717],[-65.71056,-26.254518],[-65.711689,-26.253002],[-65.710707,-26.250355],[-65.709173,-26.247902],[-65.702825,-26.24164],[-65.702015,-26.233898],[-65.701965,-26.231151],[-65.702283,-26.228751],[-65.703382,-26.225311],[-65.705314,-26.223314],[-65.709025,-26.220437],[-65.709875,-26.218946],[-65.710053,-26.216923],[-65.709904,-26.215971],[-65.711124,-26.214454],[-65.711659,-26.213384],[-65.710053,-26.21032],[-65.710678,-26.20913],[-65.711897,-26.208357],[-65.70989,-26.207362],[-65.708901,-26.207545],[-65.707935,-26.206817],[-65.706712,-26.205261],[-65.705875,-26.204594],[-65.704982,-26.203239],[-65.703552,-26.201967],[-65.702776,-26.199033],[-65.703229,-26.196238],[-65.703038,-26.194525],[-65.703371,-26.192005],[-65.703076,-26.189252],[-65.702125,-26.189086],[-65.699549,-26.187712],[-65.697975,-26.187938],[-65.696471,-26.187538],[-65.695976,-26.187253],[-65.695193,-26.185867],[-65.694579,-26.182887],[-65.694644,-26.182247],[-65.695272,-26.181771],[-65.695866,-26.180713],[-65.69609,-26.180076],[-65.696052,-26.178991],[-65.695348,-26.176498],[-65.694329,-26.175727],[-65.694173,-26.17447],[-65.69454,-26.173124],[-65.696205,-26.169359],[-65.694877,-26.167736],[-65.692093,-26.166001],[-65.692058,-26.164697],[-65.693921,-26.162892],[-65.695376,-26.162094],[-65.69683,-26.160835],[-65.698317,-26.158939],[-65.6996,-26.157849],[-65.699949,-26.156351],[-65.698508,-26.152016],[-65.69787,-26.149211],[-65.697766,-26.144613],[-65.696882,-26.141425],[-65.695907,-26.140543],[-65.69539,-26.139256],[-65.694304,-26.134861],[-65.69271,-26.132428],[-65.690834,-26.128202],[-65.689349,-26.125746],[-65.689287,-26.122327],[-65.688515,-26.117262],[-65.686017,-26.117539],[-65.681377,-26.117539],[-65.679778,-26.117226],[-65.676141,-26.117387],[-65.672745,-26.11668],[-65.667269,-26.116972],[-65.666827,-26.117451],[-65.666205,-26.117495],[-65.665847,-26.11711],[-65.664494,-26.117363],[-65.662523,-26.11678],[-65.660134,-26.116752],[-65.65914,-26.115709],[-65.65852,-26.115433],[-65.657144,-26.115535],[-65.656491,-26.11533],[-65.655958,-26.114926],[-65.655948,-26.114322],[-65.656252,-26.113758],[-65.655205,-26.113067],[-65.654522,-26.113068],[-65.653964,-26.113445],[-65.653341,-26.114503],[-65.651394,-26.113862],[-65.65031,-26.113146],[-65.648932,-26.113084],[-65.647615,-26.113484],[-65.645534,-26.113693],[-65.644216,-26.113291],[-65.643566,-26.113324],[-65.643243,-26.112244],[-65.640745,-26.111129],[-65.64006,-26.111039],[-65.639515,-26.111398],[-65.639386,-26.112008],[-65.639675,-26.11324],[-65.639456,-26.114468],[-65.638561,-26.115423],[-65.637242,-26.115832],[-65.636772,-26.116285],[-65.636621,-26.117488],[-65.636119,-26.118663],[-65.635301,-26.119687],[-65.634802,-26.120128],[-65.632284,-26.121095],[-65.63112,-26.122659],[-65.629966,-26.123358],[-65.623802,-26.122347],[-65.620348,-26.122669],[-65.617064,-26.123742],[-65.613633,-26.123473],[-65.607871,-26.121265],[-65.605099,-26.120969],[-65.60302,-26.121109],[-65.601707,-26.120684],[-65.597951,-26.117105],[-65.597607,-26.11656],[-65.597476,-26.115305],[-65.597171,-26.114752],[-65.59644,-26.113714],[-65.595816,-26.113446],[-65.594593,-26.113988],[-65.592529,-26.113781],[-65.589337,-26.114907],[-65.587305,-26.114487],[-65.58689,-26.114134],[-65.587053,-26.112922],[-65.586085,-26.112021],[-65.585255,-26.110324],[-65.58353,-26.109359],[-65.582846,-26.109233],[-65.58239,-26.107464],[-65.581956,-26.106991],[-65.57481,-26.103681],[-65.572745,-26.102063],[-65.569918,-26.100348],[-65.569298,-26.099224],[-65.56939,-26.097346],[-65.568859,-26.097001],[-65.567503,-26.097169],[-65.566836,-26.096995],[-65.56523,-26.095791],[-65.564615,-26.095585],[-65.564063,-26.095907],[-65.562907,-26.095212],[-65.562644,-26.094019],[-65.562232,-26.093572],[-65.560302,-26.093865],[-65.558275,-26.093842],[-65.557263,-26.092996],[-65.554297,-26.091416],[-65.553699,-26.090286],[-65.55248,-26.089691],[-65.551586,-26.087789],[-65.550374,-26.088504],[-65.549768,-26.088566],[-65.54882,-26.08765],[-65.548146,-26.087535],[-65.546146,-26.088078],[-65.545245,-26.089024],[-65.542626,-26.089773],[-65.541937,-26.090863],[-65.540579,-26.09102],[-65.538396,-26.090399],[-65.537195,-26.090933],[-65.536414,-26.091963],[-65.535058,-26.09209],[-65.534478,-26.092403],[-65.532121,-26.09125],[-65.531625,-26.091636],[-65.531867,-26.09286],[-65.53164,-26.093363],[-65.529581,-26.093589],[-65.528245,-26.093245],[-65.527299,-26.094069],[-65.524782,-26.095154],[-65.5241,-26.095151],[-65.522963,-26.093602],[-65.522406,-26.093675],[-65.522057,-26.094858],[-65.52161,-26.09534],[-65.520967,-26.095318],[-65.520121,-26.094339],[-65.518036,-26.09432],[-65.516372,-26.093289],[-65.514983,-26.093337],[-65.513646,-26.093706],[-65.512307,-26.093506],[-65.509762,-26.092511],[-65.509276,-26.092074],[-65.507268,-26.091839],[-65.505907,-26.090402],[-65.504622,-26.090026],[-65.502663,-26.090642],[-65.500697,-26.090035],[-65.498306,-26.090514],[-65.494048,-26.090462],[-65.493159,-26.091209],[-65.491235,-26.091867],[-65.490275,-26.091052],[-65.489581,-26.09103],[-65.488986,-26.091349],[-65.488699,-26.091903],[-65.488775,-26.093075],[-65.488247,-26.093476],[-65.48554,-26.092891],[-65.484855,-26.092951],[-65.48368,-26.093622],[-65.482306,-26.093731],[-65.480457,-26.092931],[-65.479821,-26.093155],[-65.479299,-26.094932],[-65.478011,-26.095382],[-65.476621,-26.095305],[-65.474655,-26.094667],[-65.473976,-26.094803],[-65.473392,-26.094535],[-65.472564,-26.093529],[-65.470809,-26.092552],[-65.469817,-26.091004],[-65.469233,-26.090665],[-65.467477,-26.091431],[-65.465396,-26.091277],[-65.464758,-26.091517],[-65.464373,-26.092032],[-65.464067,-26.093254],[-65.463422,-26.094373],[-65.462919,-26.094778],[-65.460931,-26.094261],[-65.460274,-26.09446],[-65.457991,-26.096829],[-65.457292,-26.097917],[-65.457201,-26.099156],[-65.458791,-26.102567],[-65.458465,-26.103077],[-65.457778,-26.103182],[-65.454009,-26.104813],[-65.450631,-26.105607],[-65.447142,-26.105738],[-65.445081,-26.105428],[-65.441205,-26.104205],[-65.440232,-26.104503],[-65.439893,-26.105571],[-65.440072,-26.106202],[-65.440749,-26.107104],[-65.440596,-26.107694],[-65.438366,-26.109538],[-65.43703,-26.10991],[-65.432843,-26.110057],[-65.424556,-26.109015],[-65.423193,-26.108736],[-65.421949,-26.108173],[-65.419712,-26.106667],[-65.418406,-26.105463],[-65.416087,-26.104041],[-65.414953,-26.100774],[-65.414064,-26.099243],[-65.412925,-26.098141],[-65.410668,-26.096916],[-65.40952,-26.095754],[-65.409275,-26.094804],[-65.402929,-26.09177],[-65.399488,-26.089734],[-65.394647,-26.088734],[-65.38881,-26.084648],[-65.386112,-26.081955],[-65.385756,-26.081207],[-65.385805,-26.080647],[-65.383567,-26.078364],[-65.382784,-26.076209],[-65.380066,-26.071264],[-65.377657,-26.068468],[-65.374461,-26.065405],[-65.373874,-26.065783],[-65.370756,-26.066058],[-65.369775,-26.065731],[-65.369001,-26.063114],[-65.367901,-26.061924],[-65.367336,-26.060913],[-65.366086,-26.060437],[-65.362993,-26.058652],[-65.361083,-26.058288],[-65.360146,-26.058366],[-65.359154,-26.059438]]]]}},{"type":"Feature","properties":{"id":"90119","name":"Yerba Buena"},"geometry":{"type":"MultiPolygon","coordinates":[[[[-65.427432,-26.710289],[-65.42689,-26.711003],[-65.425962,-26.710968],[-65.42514,-26.711857],[-65.42519,-26.712766],[-65.423561,-26.712923],[-65.423763,-26.713359],[-65.423401,-26.713681],[-65.423457,-26.714324],[-65.42298,-26.714825],[-65.423888,-26.716415],[-65.423651,-26.716459],[-65.424067,-26.717302],[-65.423922,-26.718181],[-65.424239,-26.718468],[-65.423843,-26.718916],[-65.425122,-26.71954],[-65.425689,-26.720413],[-65.425633,-26.720896],[-65.424832,-26.721762],[-65.424645,-26.722341],[-65.424135,-26.722996],[-65.42366,-26.723188],[-65.424202,-26.723678],[-65.424199,-26.724128],[-65.423643,-26.724445],[-65.423576,-26.724986],[-65.424255,-26.725795],[-65.424167,-26.726456],[-65.424859,-26.726983],[-65.424128,-26.727429],[-65.424067,-26.727733],[-65.424897,-26.727842],[-65.424776,-26.728321],[-65.424096,-26.728835],[-65.423836,-26.730269],[-65.422944,-26.730622],[-65.422423,-26.731594],[-65.420819,-26.733077],[-65.419999,-26.732678],[-65.419811,-26.732951],[-65.419975,-26.733963],[-65.41866,-26.734322],[-65.416712,-26.735934],[-65.415435,-26.736028],[-65.415475,-26.736659],[-65.415032,-26.736969],[-65.414936,-26.737569],[-65.414333,-26.737792],[-65.413325,-26.73762],[-65.413002,-26.737908],[-65.413407,-26.738145],[-65.413541,-26.738602],[-65.413183,-26.740501],[-65.412815,-26.740829],[-65.411681,-26.740887],[-65.410959,-26.741188],[-65.410155,-26.741018],[-65.410093,-26.741481],[-65.411028,-26.742641],[-65.410927,-26.743471],[-65.409931,-26.744395],[-65.409517,-26.744135],[-65.409078,-26.744525],[-65.408258,-26.744455],[-65.40756,-26.745398],[-65.407696,-26.746011],[-65.406246,-26.746062],[-65.405837,-26.746882],[-65.406379,-26.747114],[-65.405663,-26.747503],[-65.405113,-26.748262],[-65.405176,-26.748558],[-65.405612,-26.748618],[-65.406793,-26.74792],[-65.407032,-26.748136],[-65.406699,-26.748603],[-65.406792,-26.749244],[-65.406594,-26.74942],[-65.406025,-26.749155],[-65.405885,-26.749441],[-65.406095,-26.749996],[-65.406945,-26.750449],[-65.407028,-26.750861],[-65.407114,-26.752417],[-65.406498,-26.753931],[-65.407082,-26.753534],[-65.407583,-26.754833],[-65.40687,-26.754981],[-65.407113,-26.755504],[-65.406223,-26.756424],[-65.405693,-26.756464],[-65.405354,-26.757248],[-65.404978,-26.757053],[-65.40489,-26.757875],[-65.405615,-26.759018],[-65.405614,-26.759243],[-65.405148,-26.759388],[-65.405715,-26.759901],[-65.405198,-26.760339],[-65.404754,-26.76121],[-65.404234,-26.763157],[-65.402942,-26.764395],[-65.403787,-26.766638],[-65.405563,-26.766609],[-65.405933,-26.767023],[-65.405207,-26.767596],[-65.405145,-26.768287],[-65.405933,-26.769519],[-65.40418,-26.77211],[-65.40305,-26.772429],[-65.403326,-26.774802],[-65.402797,-26.774905],[-65.401806,-26.777976],[-65.39986,-26.779218],[-65.399404,-26.780515],[-65.39748,-26.780581],[-65.397104,-26.780985],[-65.397137,-26.781449],[-65.397467,-26.781448],[-65.397631,-26.782401],[-65.397148,-26.782982],[-65.397218,-26.78327],[-65.397829,-26.783194],[-65.398437,-26.78364],[-65.397033,-26.784824],[-65.395843,-26.784684],[-65.395831,-26.785274],[-65.397228,-26.786064],[-65.396307,-26.786624],[-65.392082,-26.784557],[-65.391584,-26.784527],[-65.389631,-26.78269],[-65.387064,-26.782011],[-65.385776,-26.781005],[-65.384536,-26.780583],[-65.383247,-26.779673],[-65.382463,-26.779487],[-65.381538,-26.778839],[-65.380911,-26.777928],[-65.379636,-26.777707],[-65.378872,-26.77532],[-65.3785,-26.774983],[-65.377923,-26.775245],[-65.377738,-26.775601],[-65.377574,-26.776879],[-65.376887,-26.776844],[-65.375681,-26.775232],[-65.374332,-26.77502],[-65.374415,-26.774094],[-65.373195,-26.773255],[-65.37286,-26.772326],[-65.373074,-26.77167],[-65.372907,-26.770908],[-65.371501,-26.769911],[-65.369721,-26.769192],[-65.367656,-26.767591],[-65.365063,-26.765062],[-65.363749,-26.764313],[-65.363378,-26.763529],[-65.360436,-26.763403],[-65.357061,-26.762765],[-65.355474,-26.763455],[-65.354963,-26.762267],[-65.358433,-26.7512],[-65.358905,-26.747692],[-65.359793,-26.74751],[-65.360086,-26.746446],[-65.360262,-26.743488],[-65.360832,-26.74096],[-65.360843,-26.738999],[-65.361278,-26.737449],[-65.357807,-26.733758],[-65.35762,-26.729716],[-65.359092,-26.728753],[-65.359718,-26.725498],[-65.326386,-26.731015],[-65.304504,-26.735029],[-65.305096,-26.737612],[-65.270082,-26.743629],[-65.271148,-26.7489],[-65.259374,-26.75087],[-65.258597,-26.751374],[-65.259315,-26.754288],[-65.259612,-26.754342],[-65.265448,-26.764132],[-65.27018,-26.772769],[-65.270739,-26.774598],[-65.270465,-26.776105],[-65.2691,-26.77817],[-65.267137,-26.77937],[-65.248661,-26.782889],[-65.256954,-26.79224],[-65.259631,-26.799591],[-65.261667,-26.806379],[-65.263667,-26.810394],[-65.264477,-26.815926],[-65.265729,-26.821526],[-65.266952,-26.82515],[-65.269635,-26.830416],[-65.269713,-26.831083],[-65.270205,-26.831753],[-65.271219,-26.832211],[-65.271342,-26.832861],[-65.270578,-26.836108],[-65.29403,-26.832723],[-65.310958,-26.829651],[-65.340751,-26.825227],[-65.37061,-26.82001],[-65.370474,-26.820483],[-65.371362,-26.821639],[-65.372087,-26.824708],[-65.372893,-26.826503],[-65.377581,-26.826518],[-65.424909,-26.817021],[-65.432373,-26.815303],[-65.431824,-26.814644],[-65.432209,-26.813429],[-65.431749,-26.811606],[-65.431436,-26.808817],[-65.432919,-26.807752],[-65.434128,-26.807412],[-65.435242,-26.806254],[-65.436618,-26.805909],[-65.437152,-26.80478],[-65.438197,-26.804078],[-65.439284,-26.803774],[-65.439586,-26.803057],[-65.440638,-26.802929],[-65.442088,-26.802361],[-65.444312,-26.799842],[-65.434792,-26.794214],[-65.433753,-26.787893],[-65.432954,-26.78494],[-65.430647,-26.780979],[-65.431165,-26.777181],[-65.432949,-26.771215],[-65.432481,-26.770088],[-65.427162,-26.767596],[-65.430135,-26.761246],[-65.428383,-26.745377],[-65.427036,-26.743268],[-65.431516,-26.732326],[-65.431295,-26.731474],[-65.430443,-26.730212],[-65.429624,-26.729858],[-65.429768,-26.72409],[-65.428766,-26.72268],[-65.428767,-26.720699],[-65.430092,-26.718719],[-65.428555,-26.715402],[-65.430035,-26.714466],[-65.429836,-26.712573],[-65.43072,-26.7109],[-65.43101,-26.707922],[-65.430273,-26.706383],[-65.429553,-26.705564],[-65.42936,-26.706687],[-65.428584,-26.707344],[-65.427199,-26.709845],[-65.427432,-26.710289]]]]}}]}